ISO-10303-21;
HEADER;
FILE_DESCRIPTION(('Open CASCADE Model'),'2;1');
FILE_NAME('Open CASCADE Shape Model','2026-10-07T07:59:17',('Author'),(
    'Open CASCADE'),'Open CASCADE STEP processor 7.9','Open CASCADE 7.9'
  ,'Unknown');
FILE_SCHEMA(('AUTOMOTIVE_DESIGN { 1 0 10303 214 1 1 1 1 }'));
ENDSEC;
DATA;
#1 = APPLICATION_PROTOCOL_DEFINITION('international standard',
  'automotive_design',2000,#2);
#2 = APPLICATION_CONTEXT(
  'core data for automotive mechanical design processes');
#3 = SHAPE_DEFINITION_REPRESENTATION(#4,#10);
#4 = PRODUCT_DEFINITION_SHAPE('','',#5);
#5 = PRODUCT_DEFINITION('design','',#6,#9);
#6 = PRODUCT_DEFINITION_FORMATION('','',#7);
#7 = PRODUCT('Open CASCADE STEP translator 7.9 2',
  'Open CASCADE STEP translator 7.9 2','',(#8));
#8 = PRODUCT_CONTEXT('',#2,'mechanical');
#9 = PRODUCT_DEFINITION_CONTEXT('part definition',#2,'design');
#10 = ADVANCED_BREP_SHAPE_REPRESENTATION('',(#11,#15),#6754);
#11 = AXIS2_PLACEMENT_3D('',#12,#13,#14);
#12 = CARTESIAN_POINT('',(0.,0.,0.));
#13 = DIRECTION('',(0.,0.,1.));
#14 = DIRECTION('',(1.,0.,-0.));
#15 = MANIFOLD_SOLID_BREP('',#16);
#16 = CLOSED_SHELL('',(#17,#135,#422,#500,#880,#930,#984,#1034,#1588,
    #1638,#1664,#1713,#1762,#1829,#1878,#1923,#2000,#2047,#2094,#2144,
    #2194,#2241,#2288,#2316,#2367,#2417,#2467,#2536,#2564,#2571,#2578,
    #2811,#2888,#2935,#2985,#3032,#3082,#3129,#3179,#3204,#3437,#3514,
    #3561,#3608,#3658,#3708,#3755,#3802,#3830,#4063,#4398,#4696,#4973,
    #5271,#5548,#5824,#6101,#6377,#6468,#6507,#6566,#6601,#6656,#6695,
    #6750));
#17 = ADVANCED_FACE('',(#18),#32,.F.);
#18 = FACE_BOUND('',#19,.F.);
#19 = EDGE_LOOP('',(#20,#55,#83,#109));
#20 = ORIENTED_EDGE('',*,*,#21,.F.);
#21 = EDGE_CURVE('',#22,#24,#26,.T.);
#22 = VERTEX_POINT('',#23);
#23 = CARTESIAN_POINT('',(-19.5,-30.5,6.));
#24 = VERTEX_POINT('',#25);
#25 = CARTESIAN_POINT('',(19.5,-30.5,6.));
#26 = SURFACE_CURVE('',#27,(#31,#43),.PCURVE_S1.);
#27 = LINE('',#28,#29);
#28 = CARTESIAN_POINT('',(-19.5,-30.5,6.));
#29 = VECTOR('',#30,1.);
#30 = DIRECTION('',(1.,0.,0.));
#31 = PCURVE('',#32,#37);
#32 = PLANE('',#33);
#33 = AXIS2_PLACEMENT_3D('',#34,#35,#36);
#34 = CARTESIAN_POINT('',(-30.5,-30.5,0.));
#35 = DIRECTION('',(0.,1.,0.));
#36 = DIRECTION('',(1.,0.,0.));
#37 = DEFINITIONAL_REPRESENTATION('',(#38),#42);
#38 = LINE('',#39,#40);
#39 = CARTESIAN_POINT('',(11.,-6.));
#40 = VECTOR('',#41,1.);
#41 = DIRECTION('',(1.,0.));
#42 = ( GEOMETRIC_REPRESENTATION_CONTEXT(2) 
PARAMETRIC_REPRESENTATION_CONTEXT() REPRESENTATION_CONTEXT('2D SPACE',''
  ) );
#43 = PCURVE('',#44,#49);
#44 = CYLINDRICAL_SURFACE('',#45,6.);
#45 = AXIS2_PLACEMENT_3D('',#46,#47,#48);
#46 = CARTESIAN_POINT('',(-19.5,-24.5,6.));
#47 = DIRECTION('',(1.,0.,0.));
#48 = DIRECTION('',(0.,-1.,-0.));
#49 = DEFINITIONAL_REPRESENTATION('',(#50),#54);
#50 = LINE('',#51,#52);
#51 = CARTESIAN_POINT('',(0.,0.));
#52 = VECTOR('',#53,1.);
#53 = DIRECTION('',(0.,1.));
#54 = ( GEOMETRIC_REPRESENTATION_CONTEXT(2) 
PARAMETRIC_REPRESENTATION_CONTEXT() REPRESENTATION_CONTEXT('2D SPACE',''
  ) );
#55 = ORIENTED_EDGE('',*,*,#56,.T.);
#56 = EDGE_CURVE('',#22,#57,#59,.T.);
#57 = VERTEX_POINT('',#58);
#58 = CARTESIAN_POINT('',(-19.5,-30.5,13.5));
#59 = SURFACE_CURVE('',#60,(#64,#71),.PCURVE_S1.);
#60 = LINE('',#61,#62);
#61 = CARTESIAN_POINT('',(-19.5,-30.5,0.));
#62 = VECTOR('',#63,1.);
#63 = DIRECTION('',(0.,0.,1.));
#64 = PCURVE('',#32,#65);
#65 = DEFINITIONAL_REPRESENTATION('',(#66),#70);
#66 = LINE('',#67,#68);
#67 = CARTESIAN_POINT('',(11.,0.));
#68 = VECTOR('',#69,1.);
#69 = DIRECTION('',(0.,-1.));
#70 = ( GEOMETRIC_REPRESENTATION_CONTEXT(2) 
PARAMETRIC_REPRESENTATION_CONTEXT() REPRESENTATION_CONTEXT('2D SPACE',''
  ) );
#71 = PCURVE('',#72,#77);
#72 = CYLINDRICAL_SURFACE('',#73,11.);
#73 = AXIS2_PLACEMENT_3D('',#74,#75,#76);
#74 = CARTESIAN_POINT('',(-19.5,-19.5,0.));
#75 = DIRECTION('',(0.,0.,1.));
#76 = DIRECTION('',(0.,-1.,0.));
#77 = DEFINITIONAL_REPRESENTATION('',(#78),#82);
#78 = LINE('',#79,#80);
#79 = CARTESIAN_POINT('',(-0.,0.));
#80 = VECTOR('',#81,1.);
#81 = DIRECTION('',(-0.,1.));
#82 = ( GEOMETRIC_REPRESENTATION_CONTEXT(2) 
PARAMETRIC_REPRESENTATION_CONTEXT() REPRESENTATION_CONTEXT('2D SPACE',''
  ) );
#83 = ORIENTED_EDGE('',*,*,#84,.T.);
#84 = EDGE_CURVE('',#57,#85,#87,.T.);
#85 = VERTEX_POINT('',#86);
#86 = CARTESIAN_POINT('',(19.5,-30.5,13.5));
#87 = SURFACE_CURVE('',#88,(#92,#98),.PCURVE_S1.);
#88 = LINE('',#89,#90);
#89 = CARTESIAN_POINT('',(-15.25,-30.5,13.5));
#90 = VECTOR('',#91,1.);
#91 = DIRECTION('',(1.,0.,0.));
#92 = PCURVE('',#32,#93);
#93 = DEFINITIONAL_REPRESENTATION('',(#94),#97);
#94 = B_SPLINE_CURVE_WITH_KNOTS('',1,(#95,#96),.UNSPECIFIED.,.F.,.F.,(2,
    2),(-4.25,34.75),.PIECEWISE_BEZIER_KNOTS.);
#95 = CARTESIAN_POINT('',(11.,-13.5));
#96 = CARTESIAN_POINT('',(50.,-13.5));
#97 = ( GEOMETRIC_REPRESENTATION_CONTEXT(2) 
PARAMETRIC_REPRESENTATION_CONTEXT() REPRESENTATION_CONTEXT('2D SPACE',''
  ) );
#98 = PCURVE('',#99,#104);
#99 = PLANE('',#100);
#100 = AXIS2_PLACEMENT_3D('',#101,#102,#103);
#101 = CARTESIAN_POINT('',(0.,0.,13.5));
#102 = DIRECTION('',(0.,0.,1.));
#103 = DIRECTION('',(1.,0.,-0.));
#104 = DEFINITIONAL_REPRESENTATION('',(#105),#108);
#105 = B_SPLINE_CURVE_WITH_KNOTS('',1,(#106,#107),.UNSPECIFIED.,.F.,.F.,
  (2,2),(-4.25,34.75),.PIECEWISE_BEZIER_KNOTS.);
#106 = CARTESIAN_POINT('',(-19.5,-30.5));
#107 = CARTESIAN_POINT('',(19.5,-30.5));
#108 = ( GEOMETRIC_REPRESENTATION_CONTEXT(2) 
PARAMETRIC_REPRESENTATION_CONTEXT() REPRESENTATION_CONTEXT('2D SPACE',''
  ) );
#109 = ORIENTED_EDGE('',*,*,#110,.F.);
#110 = EDGE_CURVE('',#24,#85,#111,.T.);
#111 = SURFACE_CURVE('',#112,(#116,#123),.PCURVE_S1.);
#112 = LINE('',#113,#114);
#113 = CARTESIAN_POINT('',(19.5,-30.5,0.));
#114 = VECTOR('',#115,1.);
#115 = DIRECTION('',(0.,0.,1.));
#116 = PCURVE('',#32,#117);
#117 = DEFINITIONAL_REPRESENTATION('',(#118),#122);
#118 = LINE('',#119,#120);
#119 = CARTESIAN_POINT('',(50.,0.));
#120 = VECTOR('',#121,1.);
#121 = DIRECTION('',(0.,-1.));
#122 = ( GEOMETRIC_REPRESENTATION_CONTEXT(2) 
PARAMETRIC_REPRESENTATION_CONTEXT() REPRESENTATION_CONTEXT('2D SPACE',''
  ) );
#123 = PCURVE('',#124,#129);
#124 = CYLINDRICAL_SURFACE('',#125,11.);
#125 = AXIS2_PLACEMENT_3D('',#126,#127,#128);
#126 = CARTESIAN_POINT('',(19.5,-19.5,0.));
#127 = DIRECTION('',(0.,0.,1.));
#128 = DIRECTION('',(0.,-1.,0.));
#129 = DEFINITIONAL_REPRESENTATION('',(#130),#134);
#130 = LINE('',#131,#132);
#131 = CARTESIAN_POINT('',(0.,0.));
#132 = VECTOR('',#133,1.);
#133 = DIRECTION('',(0.,1.));
#134 = ( GEOMETRIC_REPRESENTATION_CONTEXT(2) 
PARAMETRIC_REPRESENTATION_CONTEXT() REPRESENTATION_CONTEXT('2D SPACE',''
  ) );
#135 = ADVANCED_FACE('',(#136),#44,.T.);
#136 = FACE_BOUND('',#137,.T.);
#137 = EDGE_LOOP('',(#138,#139,#178,#206,#357,#385));
#138 = ORIENTED_EDGE('',*,*,#21,.F.);
#139 = ORIENTED_EDGE('',*,*,#140,.T.);
#140 = EDGE_CURVE('',#22,#141,#143,.T.);
#141 = VERTEX_POINT('',#142);
#142 = CARTESIAN_POINT('',(-19.5,-24.5,-8.881784197001E-16));
#143 = SURFACE_CURVE('',#144,(#149,#155),.PCURVE_S1.);
#144 = CIRCLE('',#145,6.);
#145 = AXIS2_PLACEMENT_3D('',#146,#147,#148);
#146 = CARTESIAN_POINT('',(-19.5,-24.5,6.));
#147 = DIRECTION('',(1.,0.,0.));
#148 = DIRECTION('',(0.,-1.,-0.));
#149 = PCURVE('',#44,#150);
#150 = DEFINITIONAL_REPRESENTATION('',(#151),#154);
#151 = B_SPLINE_CURVE_WITH_KNOTS('',1,(#152,#153),.UNSPECIFIED.,.F.,.F.,
  (2,2),(0.,1.570796326795),.PIECEWISE_BEZIER_KNOTS.);
#152 = CARTESIAN_POINT('',(0.,0.));
#153 = CARTESIAN_POINT('',(1.570796326795,0.));
#154 = ( GEOMETRIC_REPRESENTATION_CONTEXT(2) 
PARAMETRIC_REPRESENTATION_CONTEXT() REPRESENTATION_CONTEXT('2D SPACE',''
  ) );
#155 = PCURVE('',#156,#173);
#156 = SURFACE_OF_REVOLUTION('',#157,#170);
#157 = B_SPLINE_CURVE_WITH_KNOTS('',6,(#158,#159,#160,#161,#162,#163,
    #164,#165,#166,#167,#168,#169),.UNSPECIFIED.,.F.,.F.,(7,5,7),(0.,
    0.785398163397,1.570796326795),.UNSPECIFIED.);
#158 = CARTESIAN_POINT('',(-30.5,-19.5,6.));
#159 = CARTESIAN_POINT('',(-30.5,-19.5,5.214601836603));
#160 = CARTESIAN_POINT('',(-30.37663042891,-19.5,4.429204985035));
#161 = CARTESIAN_POINT('',(-30.12988807274,-19.5,3.668024005629));
#162 = CARTESIAN_POINT('',(-29.76612503374,-19.5,2.955314580125));
#163 = CARTESIAN_POINT('',(-29.29800105438,-19.5,2.312719680151));
#164 = CARTESIAN_POINT('',(-28.18728031984,-19.5,1.201998945611));
#165 = CARTESIAN_POINT('',(-27.54468541987,-19.5,0.733874966254));
#166 = CARTESIAN_POINT('',(-26.83197599437,-19.5,0.37011192726));
#167 = CARTESIAN_POINT('',(-26.07079501496,-19.5,0.123369571089));
#168 = CARTESIAN_POINT('',(-25.28539816339,-19.5,-8.658292022373E-16));
#169 = CARTESIAN_POINT('',(-24.5,-19.5,5.551115123126E-17));
#170 = AXIS1_PLACEMENT('',#171,#172);
#171 = CARTESIAN_POINT('',(-19.5,-19.5,6.));
#172 = DIRECTION('',(-0.,-0.,-1.));
#173 = DEFINITIONAL_REPRESENTATION('',(#174),#177);
#174 = B_SPLINE_CURVE_WITH_KNOTS('',1,(#175,#176),.UNSPECIFIED.,.F.,.F.,
  (2,2),(0.,1.570796326795),.PIECEWISE_BEZIER_KNOTS.);
#175 = CARTESIAN_POINT('',(-1.570796326795,0.));
#176 = CARTESIAN_POINT('',(-1.570796326795,1.570796326795));
#177 = ( GEOMETRIC_REPRESENTATION_CONTEXT(2) 
PARAMETRIC_REPRESENTATION_CONTEXT() REPRESENTATION_CONTEXT('2D SPACE',''
  ) );
#178 = ORIENTED_EDGE('',*,*,#179,.T.);
#179 = EDGE_CURVE('',#141,#180,#182,.T.);
#180 = VERTEX_POINT('',#181);
#181 = CARTESIAN_POINT('',(-8.703447592766,-24.5,-4.440892098501E-16));
#182 = SURFACE_CURVE('',#183,(#187,#194),.PCURVE_S1.);
#183 = LINE('',#184,#185);
#184 = CARTESIAN_POINT('',(-19.5,-24.5,-8.881784197001E-16));
#185 = VECTOR('',#186,1.);
#186 = DIRECTION('',(1.,0.,0.));
#187 = PCURVE('',#44,#188);
#188 = DEFINITIONAL_REPRESENTATION('',(#189),#193);
#189 = LINE('',#190,#191);
#190 = CARTESIAN_POINT('',(1.570796326795,0.));
#191 = VECTOR('',#192,1.);
#192 = DIRECTION('',(0.,1.));
#193 = ( GEOMETRIC_REPRESENTATION_CONTEXT(2) 
PARAMETRIC_REPRESENTATION_CONTEXT() REPRESENTATION_CONTEXT('2D SPACE',''
  ) );
#194 = PCURVE('',#195,#200);
#195 = PLANE('',#196);
#196 = AXIS2_PLACEMENT_3D('',#197,#198,#199);
#197 = CARTESIAN_POINT('',(0.,0.,0.));
#198 = DIRECTION('',(0.,0.,1.));
#199 = DIRECTION('',(1.,0.,-0.));
#200 = DEFINITIONAL_REPRESENTATION('',(#201),#205);
#201 = LINE('',#202,#203);
#202 = CARTESIAN_POINT('',(-19.5,-24.5));
#203 = VECTOR('',#204,1.);
#204 = DIRECTION('',(1.,0.));
#205 = ( GEOMETRIC_REPRESENTATION_CONTEXT(2) 
PARAMETRIC_REPRESENTATION_CONTEXT() REPRESENTATION_CONTEXT('2D SPACE',''
  ) );
#206 = ORIENTED_EDGE('',*,*,#207,.F.);
#207 = EDGE_CURVE('',#208,#180,#210,.T.);
#208 = VERTEX_POINT('',#209);
#209 = CARTESIAN_POINT('',(8.703447592764,-24.5,-4.440892098501E-16));
#210 = SURFACE_CURVE('',#211,(#256,#304),.PCURVE_S1.);
#211 = B_SPLINE_CURVE_WITH_KNOTS('',8,(#212,#213,#214,#215,#216,#217,
    #218,#219,#220,#221,#222,#223,#224,#225,#226,#227,#228,#229,#230,
    #231,#232,#233,#234,#235,#236,#237,#238,#239,#240,#241,#242,#243,
    #244,#245,#246,#247,#248,#249,#250,#251,#252,#253,#254,#255),
  .UNSPECIFIED.,.F.,.F.,(9,7,7,7,7,7,9),(0.,9.038621219418E-02,
    0.187371351421,0.281002010971,0.494390221529,0.87417568783,1.),
  .UNSPECIFIED.);
#212 = CARTESIAN_POINT('',(8.703447592765,-24.5,-8.881784197001E-16));
#213 = CARTESIAN_POINT('',(8.511176374834,-24.56830295791,
    -1.0053264962E-15));
#214 = CARTESIAN_POINT('',(8.318394441905,-24.63380070006,
    8.886018015786E-04));
#215 = CARTESIAN_POINT('',(8.125154283717,-24.69663982186,
    2.538188154508E-03));
#216 = CARTESIAN_POINT('',(7.931501269252,-24.7569458282,
    4.839574831606E-03));
#217 = CARTESIAN_POINT('',(7.737474459238,-24.81482826859,
    7.697840095736E-03));
#218 = CARTESIAN_POINT('',(7.543107197495,-24.87038450085,
    1.102920620198E-02));
#219 = CARTESIAN_POINT('',(7.348427481113,-24.92370208356,
    1.475897293495E-02));
#220 = CARTESIAN_POINT('',(6.944254391413,-25.02975243876,
    2.317855809767E-02));
#221 = CARTESIAN_POINT('',(6.73471992268,-25.08215777831,
    2.791840323301E-02));
#222 = CARTESIAN_POINT('',(6.52488443501,-25.13217252456,
    3.295789803904E-02));
#223 = CARTESIAN_POINT('',(6.31477453797,-25.17988218275,
    3.822454050868E-02));
#224 = CARTESIAN_POINT('',(6.104413883887,-25.22536253645,
    4.365422977824E-02));
#225 = CARTESIAN_POINT('',(5.893823332769,-25.26868112966,
    4.919002872953E-02));
#226 = CARTESIAN_POINT('',(5.683021117235,-25.30989874882,
    5.478092659197E-02));
#227 = CARTESIAN_POINT('',(5.268322808189,-25.38688819146,
    6.578659738378E-02));
#228 = CARTESIAN_POINT('',(5.064440980818,-25.42279881276,
    7.120080294362E-02));
#229 = CARTESIAN_POINT('',(4.860392185656,-25.45685219713,
    7.65818637273E-02));
#230 = CARTESIAN_POINT('',(4.65619000257,-25.48909270612,
    8.189270256843E-02));
#231 = CARTESIAN_POINT('',(4.451846967272,-25.51956012992,
    8.710010817019E-02));
#232 = CARTESIAN_POINT('',(4.247374607632,-25.54829018283,
    9.217432364438E-02));
#233 = CARTESIAN_POINT('',(4.042783479993,-25.57531499871,
    9.708863505033E-02));
#234 = CARTESIAN_POINT('',(3.371562671631,-25.65843421507,0.112599569268
    ));
#235 = CARTESIAN_POINT('',(2.904481067862,-25.70749783628,0.122424461074
    ));
#236 = CARTESIAN_POINT('',(2.43694823394,-25.74819740151,0.13101002667)
  );
#237 = CARTESIAN_POINT('',(1.969065498389,-25.7807869098,0.138145539245)
  );
#238 = CARTESIAN_POINT('',(1.500926372586,-25.80544900831,0.14367967699)
  );
#239 = CARTESIAN_POINT('',(1.032616985731,-25.8223057961,0.147511868864)
  );
#240 = CARTESIAN_POINT('',(0.564216260662,-25.83142287114,0.149588462994
    ));
#241 = CARTESIAN_POINT('',(-0.737892549002,-25.83526939913,
    0.150464803778));
#242 = CARTESIAN_POINT('',(-1.571060247312,-25.8132294909,0.145449564864
    ));
#243 = CARTESIAN_POINT('',(-2.403666897298,-25.7668119267,0.134818977488
    ));
#244 = CARTESIAN_POINT('',(-3.235475715277,-25.69541568912,
    0.119053557298));
#245 = CARTESIAN_POINT('',(-4.066055499349,-25.59800885661,
    9.898420038188E-02));
#246 = CARTESIAN_POINT('',(-4.894725504804,-25.47267821295,
    7.61708037335E-02));
#247 = CARTESIAN_POINT('',(-5.720551506794,-25.31689207126,
    5.276916582506E-02));
#248 = CARTESIAN_POINT('',(-6.814454623431,-25.06266527605,
    2.610224272294E-02));
#249 = CARTESIAN_POINT('',(-7.086215206889,-24.99554029375,
    1.98364120854E-02));
#250 = CARTESIAN_POINT('',(-7.357468369532,-24.92438495481,
    1.40842351131E-02));
#251 = CARTESIAN_POINT('',(-7.628154961823,-24.84900131109,
    9.01289486349E-03));
#252 = CARTESIAN_POINT('',(-7.89819959445,-24.76916346015,
    4.815591357123E-03));
#253 = CARTESIAN_POINT('',(-8.167509298429,-24.68460840118,
    1.71955584654E-03));
#254 = CARTESIAN_POINT('',(-8.435970968923,-24.59501913379,
    -1.207726722357E-16));
#255 = CARTESIAN_POINT('',(-8.703447592765,-24.5,0.));
#256 = PCURVE('',#44,#257);
#257 = DEFINITIONAL_REPRESENTATION('',(#258),#303);
#258 = B_SPLINE_CURVE_WITH_KNOTS('',8,(#259,#260,#261,#262,#263,#264,
    #265,#266,#267,#268,#269,#270,#271,#272,#273,#274,#275,#276,#277,
    #278,#279,#280,#281,#282,#283,#284,#285,#286,#287,#288,#289,#290,
    #291,#292,#293,#294,#295,#296,#297,#298,#299,#300,#301,#302),
  .UNSPECIFIED.,.F.,.F.,(9,7,7,7,7,7,9),(0.,9.038621219418E-02,
    0.187371351421,0.281002010971,0.494390221529,0.87417568783,1.),
  .UNSPECIFIED.);
#259 = CARTESIAN_POINT('',(1.570796326795,28.203447592765));
#260 = CARTESIAN_POINT('',(1.559412500476,28.011176374834));
#261 = CARTESIAN_POINT('',(1.548496208818,27.818394441905));
#262 = CARTESIAN_POINT('',(1.538020777373,27.625154283717));
#263 = CARTESIAN_POINT('',(1.527963805042,27.431501269252));
#264 = CARTESIAN_POINT('',(1.518306096204,27.237474459238));
#265 = CARTESIAN_POINT('',(1.509030875742,27.043107197495));
#266 = CARTESIAN_POINT('',(1.500123286959,26.848427481113));
#267 = CARTESIAN_POINT('',(1.482392611051,26.444254391413));
#268 = CARTESIAN_POINT('',(1.473623257204,26.23471992268));
#269 = CARTESIAN_POINT('',(1.465245970424,26.02488443501));
#270 = CARTESIAN_POINT('',(1.457246743885,25.81477453797));
#271 = CARTESIAN_POINT('',(1.449613399226,25.604413883887));
#272 = CARTESIAN_POINT('',(1.442335281407,25.393823332769));
#273 = CARTESIAN_POINT('',(1.43540295358,25.183021117235));
#274 = CARTESIAN_POINT('',(1.422440937418,24.768322808189));
#275 = CARTESIAN_POINT('',(1.416388366881,24.564440980818));
#276 = CARTESIAN_POINT('',(1.410642613818,24.360392185656));
#277 = CARTESIAN_POINT('',(1.405196997659,24.15619000257));
#278 = CARTESIAN_POINT('',(1.40004562243,23.951846967272));
#279 = CARTESIAN_POINT('',(1.395183275404,23.747374607632));
#280 = CARTESIAN_POINT('',(1.39060532575,23.542783479993));
#281 = CARTESIAN_POINT('',(1.37651297833,22.871562671631));
#282 = CARTESIAN_POINT('',(1.368174082846,22.404481067862));
#283 = CARTESIAN_POINT('',(1.361242024659,21.93694823394));
#284 = CARTESIAN_POINT('',(1.355681924429,21.469065498389));
#285 = CARTESIAN_POINT('',(1.351469376064,21.000926372586));
#286 = CARTESIAN_POINT('',(1.34858824222,20.532616985731));
#287 = CARTESIAN_POINT('',(1.347029804775,20.064216260662));
#288 = CARTESIAN_POINT('',(1.346372289446,18.762107450998));
#289 = CARTESIAN_POINT('',(1.350139832065,17.928939752688));
#290 = CARTESIAN_POINT('',(1.358075402028,17.096333102702));
#291 = CARTESIAN_POINT('',(1.370262671863,16.264524284723));
#292 = CARTESIAN_POINT('',(1.386832378871,15.43394450065));
#293 = CARTESIAN_POINT('',(1.408053294264,14.605274495196));
#294 = CARTESIAN_POINT('',(1.434282879115,13.779448493206));
#295 = CARTESIAN_POINT('',(1.476886474487,12.685545376569));
#296 = CARTESIAN_POINT('',(1.488121882537,12.413784793111));
#297 = CARTESIAN_POINT('',(1.500018200381,12.142531630468));
#298 = CARTESIAN_POINT('',(1.512608130993,11.871845038177));
#299 = CARTESIAN_POINT('',(1.525929715409,11.60180040555));
#300 = CARTESIAN_POINT('',(1.540028250665,11.332490701571));
#301 = CARTESIAN_POINT('',(1.554959804496,11.064029031077));
#302 = CARTESIAN_POINT('',(1.570796326795,10.796552407235));
#303 = ( GEOMETRIC_REPRESENTATION_CONTEXT(2) 
PARAMETRIC_REPRESENTATION_CONTEXT() REPRESENTATION_CONTEXT('2D SPACE',''
  ) );
#304 = PCURVE('',#305,#310);
#305 = SPHERICAL_SURFACE('',#306,38.8);
#306 = AXIS2_PLACEMENT_3D('',#307,#308,#309);
#307 = CARTESIAN_POINT('',(1.68753899743E-14,0.,-28.8));
#308 = DIRECTION('',(0.,0.,1.));
#309 = DIRECTION('',(1.,0.,-0.));
#310 = DEFINITIONAL_REPRESENTATION('',(#311),#356);
#311 = B_SPLINE_CURVE_WITH_KNOTS('',8,(#312,#313,#314,#315,#316,#317,
    #318,#319,#320,#321,#322,#323,#324,#325,#326,#327,#328,#329,#330,
    #331,#332,#333,#334,#335,#336,#337,#338,#339,#340,#341,#342,#343,
    #344,#345,#346,#347,#348,#349,#350,#351,#352,#353,#354,#355),
  .UNSPECIFIED.,.F.,.F.,(9,7,7,7,7,7,9),(0.,9.038621219418E-02,
    0.187371351421,0.281002010971,0.494390221529,0.87417568783,1.),
  .UNSPECIFIED.);
#312 = CARTESIAN_POINT('',(5.053726752584,0.836448659158));
#313 = CARTESIAN_POINT('',(5.045878947771,0.836448659158));
#314 = CARTESIAN_POINT('',(5.038048749909,0.836482836112));
#315 = CARTESIAN_POINT('',(5.030234250635,0.836546281847));
#316 = CARTESIAN_POINT('',(5.022433845186,0.836634803879));
#317 = CARTESIAN_POINT('',(5.01464613388,0.836744760922));
#318 = CARTESIAN_POINT('',(5.006869847536,0.836872940269));
#319 = CARTESIAN_POINT('',(4.999103796831,0.837016477019));
#320 = CARTESIAN_POINT('',(4.98302357396,0.837340567268));
#321 = CARTESIAN_POINT('',(4.974710884094,0.837523050992));
#322 = CARTESIAN_POINT('',(4.966407440945,0.837717115814));
#323 = CARTESIAN_POINT('',(4.958112098876,0.837919979245));
#324 = CARTESIAN_POINT('',(4.949823866736,0.838129179264));
#325 = CARTESIAN_POINT('',(4.941541872935,0.838342526752));
#326 = CARTESIAN_POINT('',(4.933265330517,0.838558057935));
#327 = CARTESIAN_POINT('',(4.917007776331,0.838982447231));
#328 = CARTESIAN_POINT('',(4.909026483061,0.839191279494));
#329 = CARTESIAN_POINT('',(4.901048987832,0.839398889302));
#330 = CARTESIAN_POINT('',(4.893074747985,0.839603844894));
#331 = CARTESIAN_POINT('',(4.885103298365,0.839804861606));
#332 = CARTESIAN_POINT('',(4.877134236902,0.840000786426));
#333 = CARTESIAN_POINT('',(4.869167210188,0.840190582544));
#334 = CARTESIAN_POINT('',(4.843048620018,0.840789766383));
#335 = CARTESIAN_POINT('',(4.82490447983,0.841169520946));
#336 = CARTESIAN_POINT('',(4.8067655852,0.841501553997));
#337 = CARTESIAN_POINT('',(4.788629677604,0.841777632004));
#338 = CARTESIAN_POINT('',(4.770495540276,0.841991818648));
#339 = CARTESIAN_POINT('',(4.752362494823,0.842140159562));
#340 = CARTESIAN_POINT('',(4.734229987432,0.842220544693));
#341 = CARTESIAN_POINT('',(4.683824888715,0.84225446802));
#342 = CARTESIAN_POINT('',(4.65157426926,0.842060330842));
#343 = CARTESIAN_POINT('',(4.619327593666,0.841648789391));
#344 = CARTESIAN_POINT('',(4.587073139717,0.841038752785));
#345 = CARTESIAN_POINT('',(4.554803615726,0.840262903292));
#346 = CARTESIAN_POINT('',(4.522502745868,0.839382276415));
#347 = CARTESIAN_POINT('',(4.490146584903,0.838480199569));
#348 = CARTESIAN_POINT('',(4.446906747769,0.837453114311));
#349 = CARTESIAN_POINT('',(4.436133066671,0.837211866929));
#350 = CARTESIAN_POINT('',(4.425343602224,0.836990468949));
#351 = CARTESIAN_POINT('',(4.414535604802,0.836795335874));
#352 = CARTESIAN_POINT('',(4.403706128576,0.836633874729));
#353 = CARTESIAN_POINT('',(4.392851828643,0.836514795648));
#354 = CARTESIAN_POINT('',(4.381968621403,0.836448659158));
#355 = CARTESIAN_POINT('',(4.371051208185,0.836448659158));
#356 = ( GEOMETRIC_REPRESENTATION_CONTEXT(2) 
PARAMETRIC_REPRESENTATION_CONTEXT() REPRESENTATION_CONTEXT('2D SPACE',''
  ) );
#357 = ORIENTED_EDGE('',*,*,#358,.T.);
#358 = EDGE_CURVE('',#208,#359,#361,.T.);
#359 = VERTEX_POINT('',#360);
#360 = CARTESIAN_POINT('',(19.5,-24.5,-8.881784197001E-16));
#361 = SURFACE_CURVE('',#362,(#366,#373),.PCURVE_S1.);
#362 = LINE('',#363,#364);
#363 = CARTESIAN_POINT('',(-19.5,-24.5,-8.881784197001E-16));
#364 = VECTOR('',#365,1.);
#365 = DIRECTION('',(1.,0.,0.));
#366 = PCURVE('',#44,#367);
#367 = DEFINITIONAL_REPRESENTATION('',(#368),#372);
#368 = LINE('',#369,#370);
#369 = CARTESIAN_POINT('',(1.570796326795,0.));
#370 = VECTOR('',#371,1.);
#371 = DIRECTION('',(0.,1.));
#372 = ( GEOMETRIC_REPRESENTATION_CONTEXT(2) 
PARAMETRIC_REPRESENTATION_CONTEXT() REPRESENTATION_CONTEXT('2D SPACE',''
  ) );
#373 = PCURVE('',#374,#379);
#374 = PLANE('',#375);
#375 = AXIS2_PLACEMENT_3D('',#376,#377,#378);
#376 = CARTESIAN_POINT('',(0.,0.,0.));
#377 = DIRECTION('',(0.,0.,1.));
#378 = DIRECTION('',(1.,0.,-0.));
#379 = DEFINITIONAL_REPRESENTATION('',(#380),#384);
#380 = LINE('',#381,#382);
#381 = CARTESIAN_POINT('',(-19.5,-24.5));
#382 = VECTOR('',#383,1.);
#383 = DIRECTION('',(1.,0.));
#384 = ( GEOMETRIC_REPRESENTATION_CONTEXT(2) 
PARAMETRIC_REPRESENTATION_CONTEXT() REPRESENTATION_CONTEXT('2D SPACE',''
  ) );
#385 = ORIENTED_EDGE('',*,*,#386,.F.);
#386 = EDGE_CURVE('',#24,#359,#387,.T.);
#387 = SURFACE_CURVE('',#388,(#393,#399),.PCURVE_S1.);
#388 = CIRCLE('',#389,6.);
#389 = AXIS2_PLACEMENT_3D('',#390,#391,#392);
#390 = CARTESIAN_POINT('',(19.5,-24.5,6.));
#391 = DIRECTION('',(1.,0.,0.));
#392 = DIRECTION('',(0.,-1.,-0.));
#393 = PCURVE('',#44,#394);
#394 = DEFINITIONAL_REPRESENTATION('',(#395),#398);
#395 = B_SPLINE_CURVE_WITH_KNOTS('',1,(#396,#397),.UNSPECIFIED.,.F.,.F.,
  (2,2),(0.,1.570796326795),.PIECEWISE_BEZIER_KNOTS.);
#396 = CARTESIAN_POINT('',(0.,39.));
#397 = CARTESIAN_POINT('',(1.570796326795,39.));
#398 = ( GEOMETRIC_REPRESENTATION_CONTEXT(2) 
PARAMETRIC_REPRESENTATION_CONTEXT() REPRESENTATION_CONTEXT('2D SPACE',''
  ) );
#399 = PCURVE('',#400,#417);
#400 = SURFACE_OF_REVOLUTION('',#401,#414);
#401 = B_SPLINE_CURVE_WITH_KNOTS('',6,(#402,#403,#404,#405,#406,#407,
    #408,#409,#410,#411,#412,#413),.UNSPECIFIED.,.F.,.F.,(7,5,7),(0.,
    0.785398163397,1.570796326795),.UNSPECIFIED.);
#402 = CARTESIAN_POINT('',(19.5,-30.5,6.));
#403 = CARTESIAN_POINT('',(19.5,-30.5,5.214601836603));
#404 = CARTESIAN_POINT('',(19.5,-30.37663042891,4.429204985035));
#405 = CARTESIAN_POINT('',(19.5,-30.12988807274,3.668024005629));
#406 = CARTESIAN_POINT('',(19.5,-29.76612503374,2.955314580125));
#407 = CARTESIAN_POINT('',(19.5,-29.29800105438,2.312719680151));
#408 = CARTESIAN_POINT('',(19.5,-28.18728031984,1.201998945611));
#409 = CARTESIAN_POINT('',(19.5,-27.54468541987,0.733874966254));
#410 = CARTESIAN_POINT('',(19.5,-26.83197599437,0.37011192726));
#411 = CARTESIAN_POINT('',(19.5,-26.07079501496,0.123369571089));
#412 = CARTESIAN_POINT('',(19.5,-25.28539816339,-8.658292022373E-16));
#413 = CARTESIAN_POINT('',(19.5,-24.5,5.551115123126E-17));
#414 = AXIS1_PLACEMENT('',#415,#416);
#415 = CARTESIAN_POINT('',(19.5,-19.5,6.));
#416 = DIRECTION('',(-0.,-0.,-1.));
#417 = DEFINITIONAL_REPRESENTATION('',(#418),#421);
#418 = B_SPLINE_CURVE_WITH_KNOTS('',1,(#419,#420),.UNSPECIFIED.,.F.,.F.,
  (2,2),(0.,1.570796326795),.PIECEWISE_BEZIER_KNOTS.);
#419 = CARTESIAN_POINT('',(0.,0.));
#420 = CARTESIAN_POINT('',(0.,1.570796326795));
#421 = ( GEOMETRIC_REPRESENTATION_CONTEXT(2) 
PARAMETRIC_REPRESENTATION_CONTEXT() REPRESENTATION_CONTEXT('2D SPACE',''
  ) );
#422 = ADVANCED_FACE('',(#423),#124,.T.);
#423 = FACE_BOUND('',#424,.T.);
#424 = EDGE_LOOP('',(#425,#426,#450,#478));
#425 = ORIENTED_EDGE('',*,*,#110,.F.);
#426 = ORIENTED_EDGE('',*,*,#427,.T.);
#427 = EDGE_CURVE('',#24,#428,#430,.T.);
#428 = VERTEX_POINT('',#429);
#429 = CARTESIAN_POINT('',(30.5,-19.5,6.));
#430 = SURFACE_CURVE('',#431,(#436,#443),.PCURVE_S1.);
#431 = CIRCLE('',#432,11.);
#432 = AXIS2_PLACEMENT_3D('',#433,#434,#435);
#433 = CARTESIAN_POINT('',(19.5,-19.5,6.));
#434 = DIRECTION('',(0.,0.,1.));
#435 = DIRECTION('',(0.,-1.,0.));
#436 = PCURVE('',#124,#437);
#437 = DEFINITIONAL_REPRESENTATION('',(#438),#442);
#438 = LINE('',#439,#440);
#439 = CARTESIAN_POINT('',(0.,6.));
#440 = VECTOR('',#441,1.);
#441 = DIRECTION('',(1.,0.));
#442 = ( GEOMETRIC_REPRESENTATION_CONTEXT(2) 
PARAMETRIC_REPRESENTATION_CONTEXT() REPRESENTATION_CONTEXT('2D SPACE',''
  ) );
#443 = PCURVE('',#400,#444);
#444 = DEFINITIONAL_REPRESENTATION('',(#445),#449);
#445 = LINE('',#446,#447);
#446 = CARTESIAN_POINT('',(-0.,0.));
#447 = VECTOR('',#448,1.);
#448 = DIRECTION('',(-1.,0.));
#449 = ( GEOMETRIC_REPRESENTATION_CONTEXT(2) 
PARAMETRIC_REPRESENTATION_CONTEXT() REPRESENTATION_CONTEXT('2D SPACE',''
  ) );
#450 = ORIENTED_EDGE('',*,*,#451,.T.);
#451 = EDGE_CURVE('',#428,#452,#454,.T.);
#452 = VERTEX_POINT('',#453);
#453 = CARTESIAN_POINT('',(30.5,-19.5,13.5));
#454 = SURFACE_CURVE('',#455,(#459,#466),.PCURVE_S1.);
#455 = LINE('',#456,#457);
#456 = CARTESIAN_POINT('',(30.5,-19.5,0.));
#457 = VECTOR('',#458,1.);
#458 = DIRECTION('',(0.,0.,1.));
#459 = PCURVE('',#124,#460);
#460 = DEFINITIONAL_REPRESENTATION('',(#461),#465);
#461 = LINE('',#462,#463);
#462 = CARTESIAN_POINT('',(1.570796326795,0.));
#463 = VECTOR('',#464,1.);
#464 = DIRECTION('',(0.,1.));
#465 = ( GEOMETRIC_REPRESENTATION_CONTEXT(2) 
PARAMETRIC_REPRESENTATION_CONTEXT() REPRESENTATION_CONTEXT('2D SPACE',''
  ) );
#466 = PCURVE('',#467,#472);
#467 = PLANE('',#468);
#468 = AXIS2_PLACEMENT_3D('',#469,#470,#471);
#469 = CARTESIAN_POINT('',(30.5,-30.5,0.));
#470 = DIRECTION('',(-1.,0.,0.));
#471 = DIRECTION('',(0.,1.,0.));
#472 = DEFINITIONAL_REPRESENTATION('',(#473),#477);
#473 = LINE('',#474,#475);
#474 = CARTESIAN_POINT('',(11.,0.));
#475 = VECTOR('',#476,1.);
#476 = DIRECTION('',(0.,-1.));
#477 = ( GEOMETRIC_REPRESENTATION_CONTEXT(2) 
PARAMETRIC_REPRESENTATION_CONTEXT() REPRESENTATION_CONTEXT('2D SPACE',''
  ) );
#478 = ORIENTED_EDGE('',*,*,#479,.F.);
#479 = EDGE_CURVE('',#85,#452,#480,.T.);
#480 = SURFACE_CURVE('',#481,(#486,#493),.PCURVE_S1.);
#481 = CIRCLE('',#482,11.);
#482 = AXIS2_PLACEMENT_3D('',#483,#484,#485);
#483 = CARTESIAN_POINT('',(19.5,-19.5,13.5));
#484 = DIRECTION('',(0.,0.,1.));
#485 = DIRECTION('',(0.,-1.,0.));
#486 = PCURVE('',#124,#487);
#487 = DEFINITIONAL_REPRESENTATION('',(#488),#492);
#488 = LINE('',#489,#490);
#489 = CARTESIAN_POINT('',(0.,13.5));
#490 = VECTOR('',#491,1.);
#491 = DIRECTION('',(1.,0.));
#492 = ( GEOMETRIC_REPRESENTATION_CONTEXT(2) 
PARAMETRIC_REPRESENTATION_CONTEXT() REPRESENTATION_CONTEXT('2D SPACE',''
  ) );
#493 = PCURVE('',#99,#494);
#494 = DEFINITIONAL_REPRESENTATION('',(#495),#499);
#495 = CIRCLE('',#496,11.);
#496 = AXIS2_PLACEMENT_2D('',#497,#498);
#497 = CARTESIAN_POINT('',(19.5,-19.5));
#498 = DIRECTION('',(0.,-1.));
#499 = ( GEOMETRIC_REPRESENTATION_CONTEXT(2) 
PARAMETRIC_REPRESENTATION_CONTEXT() REPRESENTATION_CONTEXT('2D SPACE',''
  ) );
#500 = ADVANCED_FACE('',(#501,#658),#99,.T.);
#501 = FACE_BOUND('',#502,.T.);
#502 = EDGE_LOOP('',(#503,#527,#528,#529,#550,#579,#605,#634));
#503 = ORIENTED_EDGE('',*,*,#504,.T.);
#504 = EDGE_CURVE('',#505,#57,#507,.T.);
#505 = VERTEX_POINT('',#506);
#506 = CARTESIAN_POINT('',(-30.5,-19.5,13.5));
#507 = SURFACE_CURVE('',#508,(#513,#520),.PCURVE_S1.);
#508 = CIRCLE('',#509,11.);
#509 = AXIS2_PLACEMENT_3D('',#510,#511,#512);
#510 = CARTESIAN_POINT('',(-19.5,-19.5,13.5));
#511 = DIRECTION('',(0.,0.,1.));
#512 = DIRECTION('',(0.,-1.,0.));
#513 = PCURVE('',#99,#514);
#514 = DEFINITIONAL_REPRESENTATION('',(#515),#519);
#515 = CIRCLE('',#516,11.);
#516 = AXIS2_PLACEMENT_2D('',#517,#518);
#517 = CARTESIAN_POINT('',(-19.5,-19.5));
#518 = DIRECTION('',(0.,-1.));
#519 = ( GEOMETRIC_REPRESENTATION_CONTEXT(2) 
PARAMETRIC_REPRESENTATION_CONTEXT() REPRESENTATION_CONTEXT('2D SPACE',''
  ) );
#520 = PCURVE('',#72,#521);
#521 = DEFINITIONAL_REPRESENTATION('',(#522),#526);
#522 = LINE('',#523,#524);
#523 = CARTESIAN_POINT('',(-6.28318530718,13.5));
#524 = VECTOR('',#525,1.);
#525 = DIRECTION('',(1.,-0.));
#526 = ( GEOMETRIC_REPRESENTATION_CONTEXT(2) 
PARAMETRIC_REPRESENTATION_CONTEXT() REPRESENTATION_CONTEXT('2D SPACE',''
  ) );
#527 = ORIENTED_EDGE('',*,*,#84,.T.);
#528 = ORIENTED_EDGE('',*,*,#479,.T.);
#529 = ORIENTED_EDGE('',*,*,#530,.T.);
#530 = EDGE_CURVE('',#452,#531,#533,.T.);
#531 = VERTEX_POINT('',#532);
#532 = CARTESIAN_POINT('',(30.5,19.5,13.5));
#533 = SURFACE_CURVE('',#534,(#538,#544),.PCURVE_S1.);
#534 = LINE('',#535,#536);
#535 = CARTESIAN_POINT('',(30.5,-15.25,13.5));
#536 = VECTOR('',#537,1.);
#537 = DIRECTION('',(0.,1.,-0.));
#538 = PCURVE('',#99,#539);
#539 = DEFINITIONAL_REPRESENTATION('',(#540),#543);
#540 = B_SPLINE_CURVE_WITH_KNOTS('',1,(#541,#542),.UNSPECIFIED.,.F.,.F.,
  (2,2),(-4.25,34.75),.PIECEWISE_BEZIER_KNOTS.);
#541 = CARTESIAN_POINT('',(30.5,-19.5));
#542 = CARTESIAN_POINT('',(30.5,19.5));
#543 = ( GEOMETRIC_REPRESENTATION_CONTEXT(2) 
PARAMETRIC_REPRESENTATION_CONTEXT() REPRESENTATION_CONTEXT('2D SPACE',''
  ) );
#544 = PCURVE('',#467,#545);
#545 = DEFINITIONAL_REPRESENTATION('',(#546),#549);
#546 = B_SPLINE_CURVE_WITH_KNOTS('',1,(#547,#548),.UNSPECIFIED.,.F.,.F.,
  (2,2),(-4.25,34.75),.PIECEWISE_BEZIER_KNOTS.);
#547 = CARTESIAN_POINT('',(11.,-13.5));
#548 = CARTESIAN_POINT('',(50.,-13.5));
#549 = ( GEOMETRIC_REPRESENTATION_CONTEXT(2) 
PARAMETRIC_REPRESENTATION_CONTEXT() REPRESENTATION_CONTEXT('2D SPACE',''
  ) );
#550 = ORIENTED_EDGE('',*,*,#551,.T.);
#551 = EDGE_CURVE('',#531,#552,#554,.T.);
#552 = VERTEX_POINT('',#553);
#553 = CARTESIAN_POINT('',(19.5,30.5,13.5));
#554 = SURFACE_CURVE('',#555,(#560,#567),.PCURVE_S1.);
#555 = CIRCLE('',#556,11.);
#556 = AXIS2_PLACEMENT_3D('',#557,#558,#559);
#557 = CARTESIAN_POINT('',(19.5,19.5,13.5));
#558 = DIRECTION('',(0.,0.,1.));
#559 = DIRECTION('',(1.,0.,-0.));
#560 = PCURVE('',#99,#561);
#561 = DEFINITIONAL_REPRESENTATION('',(#562),#566);
#562 = CIRCLE('',#563,11.);
#563 = AXIS2_PLACEMENT_2D('',#564,#565);
#564 = CARTESIAN_POINT('',(19.5,19.5));
#565 = DIRECTION('',(1.,0.));
#566 = ( GEOMETRIC_REPRESENTATION_CONTEXT(2) 
PARAMETRIC_REPRESENTATION_CONTEXT() REPRESENTATION_CONTEXT('2D SPACE',''
  ) );
#567 = PCURVE('',#568,#573);
#568 = CYLINDRICAL_SURFACE('',#569,11.);
#569 = AXIS2_PLACEMENT_3D('',#570,#571,#572);
#570 = CARTESIAN_POINT('',(19.5,19.5,0.));
#571 = DIRECTION('',(0.,0.,1.));
#572 = DIRECTION('',(1.,0.,-0.));
#573 = DEFINITIONAL_REPRESENTATION('',(#574),#578);
#574 = LINE('',#575,#576);
#575 = CARTESIAN_POINT('',(0.,13.5));
#576 = VECTOR('',#577,1.);
#577 = DIRECTION('',(1.,0.));
#578 = ( GEOMETRIC_REPRESENTATION_CONTEXT(2) 
PARAMETRIC_REPRESENTATION_CONTEXT() REPRESENTATION_CONTEXT('2D SPACE',''
  ) );
#579 = ORIENTED_EDGE('',*,*,#580,.T.);
#580 = EDGE_CURVE('',#552,#581,#583,.T.);
#581 = VERTEX_POINT('',#582);
#582 = CARTESIAN_POINT('',(-19.5,30.5,13.5));
#583 = SURFACE_CURVE('',#584,(#588,#594),.PCURVE_S1.);
#584 = LINE('',#585,#586);
#585 = CARTESIAN_POINT('',(15.25,30.5,13.5));
#586 = VECTOR('',#587,1.);
#587 = DIRECTION('',(-1.,0.,0.));
#588 = PCURVE('',#99,#589);
#589 = DEFINITIONAL_REPRESENTATION('',(#590),#593);
#590 = B_SPLINE_CURVE_WITH_KNOTS('',1,(#591,#592),.UNSPECIFIED.,.F.,.F.,
  (2,2),(-4.25,34.75),.PIECEWISE_BEZIER_KNOTS.);
#591 = CARTESIAN_POINT('',(19.5,30.5));
#592 = CARTESIAN_POINT('',(-19.5,30.5));
#593 = ( GEOMETRIC_REPRESENTATION_CONTEXT(2) 
PARAMETRIC_REPRESENTATION_CONTEXT() REPRESENTATION_CONTEXT('2D SPACE',''
  ) );
#594 = PCURVE('',#595,#600);
#595 = PLANE('',#596);
#596 = AXIS2_PLACEMENT_3D('',#597,#598,#599);
#597 = CARTESIAN_POINT('',(30.5,30.5,0.));
#598 = DIRECTION('',(0.,-1.,0.));
#599 = DIRECTION('',(-1.,0.,0.));
#600 = DEFINITIONAL_REPRESENTATION('',(#601),#604);
#601 = B_SPLINE_CURVE_WITH_KNOTS('',1,(#602,#603),.UNSPECIFIED.,.F.,.F.,
  (2,2),(-4.25,34.75),.PIECEWISE_BEZIER_KNOTS.);
#602 = CARTESIAN_POINT('',(11.,-13.5));
#603 = CARTESIAN_POINT('',(50.,-13.5));
#604 = ( GEOMETRIC_REPRESENTATION_CONTEXT(2) 
PARAMETRIC_REPRESENTATION_CONTEXT() REPRESENTATION_CONTEXT('2D SPACE',''
  ) );
#605 = ORIENTED_EDGE('',*,*,#606,.T.);
#606 = EDGE_CURVE('',#581,#607,#609,.T.);
#607 = VERTEX_POINT('',#608);
#608 = CARTESIAN_POINT('',(-30.5,19.5,13.5));
#609 = SURFACE_CURVE('',#610,(#615,#622),.PCURVE_S1.);
#610 = CIRCLE('',#611,11.);
#611 = AXIS2_PLACEMENT_3D('',#612,#613,#614);
#612 = CARTESIAN_POINT('',(-19.5,19.5,13.5));
#613 = DIRECTION('',(0.,0.,1.));
#614 = DIRECTION('',(-0.,1.,0.));
#615 = PCURVE('',#99,#616);
#616 = DEFINITIONAL_REPRESENTATION('',(#617),#621);
#617 = CIRCLE('',#618,11.);
#618 = AXIS2_PLACEMENT_2D('',#619,#620);
#619 = CARTESIAN_POINT('',(-19.5,19.5));
#620 = DIRECTION('',(0.,1.));
#621 = ( GEOMETRIC_REPRESENTATION_CONTEXT(2) 
PARAMETRIC_REPRESENTATION_CONTEXT() REPRESENTATION_CONTEXT('2D SPACE',''
  ) );
#622 = PCURVE('',#623,#628);
#623 = CYLINDRICAL_SURFACE('',#624,11.);
#624 = AXIS2_PLACEMENT_3D('',#625,#626,#627);
#625 = CARTESIAN_POINT('',(-19.5,19.5,0.));
#626 = DIRECTION('',(0.,0.,1.));
#627 = DIRECTION('',(-0.,1.,0.));
#628 = DEFINITIONAL_REPRESENTATION('',(#629),#633);
#629 = LINE('',#630,#631);
#630 = CARTESIAN_POINT('',(0.,13.5));
#631 = VECTOR('',#632,1.);
#632 = DIRECTION('',(1.,0.));
#633 = ( GEOMETRIC_REPRESENTATION_CONTEXT(2) 
PARAMETRIC_REPRESENTATION_CONTEXT() REPRESENTATION_CONTEXT('2D SPACE',''
  ) );
#634 = ORIENTED_EDGE('',*,*,#635,.T.);
#635 = EDGE_CURVE('',#607,#505,#636,.T.);
#636 = SURFACE_CURVE('',#637,(#641,#647),.PCURVE_S1.);
#637 = LINE('',#638,#639);
#638 = CARTESIAN_POINT('',(-30.5,15.25,13.5));
#639 = VECTOR('',#640,1.);
#640 = DIRECTION('',(0.,-1.,0.));
#641 = PCURVE('',#99,#642);
#642 = DEFINITIONAL_REPRESENTATION('',(#643),#646);
#643 = B_SPLINE_CURVE_WITH_KNOTS('',1,(#644,#645),.UNSPECIFIED.,.F.,.F.,
  (2,2),(-4.25,34.75),.PIECEWISE_BEZIER_KNOTS.);
#644 = CARTESIAN_POINT('',(-30.5,19.5));
#645 = CARTESIAN_POINT('',(-30.5,-19.5));
#646 = ( GEOMETRIC_REPRESENTATION_CONTEXT(2) 
PARAMETRIC_REPRESENTATION_CONTEXT() REPRESENTATION_CONTEXT('2D SPACE',''
  ) );
#647 = PCURVE('',#648,#653);
#648 = PLANE('',#649);
#649 = AXIS2_PLACEMENT_3D('',#650,#651,#652);
#650 = CARTESIAN_POINT('',(-30.5,30.5,0.));
#651 = DIRECTION('',(1.,0.,-0.));
#652 = DIRECTION('',(0.,-1.,0.));
#653 = DEFINITIONAL_REPRESENTATION('',(#654),#657);
#654 = B_SPLINE_CURVE_WITH_KNOTS('',1,(#655,#656),.UNSPECIFIED.,.F.,.F.,
  (2,2),(-4.25,34.75),.PIECEWISE_BEZIER_KNOTS.);
#655 = CARTESIAN_POINT('',(11.,-13.5));
#656 = CARTESIAN_POINT('',(50.,-13.5));
#657 = ( GEOMETRIC_REPRESENTATION_CONTEXT(2) 
PARAMETRIC_REPRESENTATION_CONTEXT() REPRESENTATION_CONTEXT('2D SPACE',''
  ) );
#658 = FACE_BOUND('',#659,.T.);
#659 = EDGE_LOOP('',(#660,#691,#717,#746,#772,#801,#827,#856));
#660 = ORIENTED_EDGE('',*,*,#661,.F.);
#661 = EDGE_CURVE('',#662,#664,#666,.T.);
#662 = VERTEX_POINT('',#663);
#663 = CARTESIAN_POINT('',(19.5,-29.3,13.5));
#664 = VERTEX_POINT('',#665);
#665 = CARTESIAN_POINT('',(29.3,-19.5,13.5));
#666 = SURFACE_CURVE('',#667,(#672,#679),.PCURVE_S1.);
#667 = CIRCLE('',#668,9.8);
#668 = AXIS2_PLACEMENT_3D('',#669,#670,#671);
#669 = CARTESIAN_POINT('',(19.5,-19.5,13.5));
#670 = DIRECTION('',(0.,0.,1.));
#671 = DIRECTION('',(0.,-1.,0.));
#672 = PCURVE('',#99,#673);
#673 = DEFINITIONAL_REPRESENTATION('',(#674),#678);
#674 = CIRCLE('',#675,9.8);
#675 = AXIS2_PLACEMENT_2D('',#676,#677);
#676 = CARTESIAN_POINT('',(19.5,-19.5));
#677 = DIRECTION('',(0.,-1.));
#678 = ( GEOMETRIC_REPRESENTATION_CONTEXT(2) 
PARAMETRIC_REPRESENTATION_CONTEXT() REPRESENTATION_CONTEXT('2D SPACE',''
  ) );
#679 = PCURVE('',#680,#685);
#680 = CYLINDRICAL_SURFACE('',#681,9.8);
#681 = AXIS2_PLACEMENT_3D('',#682,#683,#684);
#682 = CARTESIAN_POINT('',(19.5,-19.5,12.5));
#683 = DIRECTION('',(0.,0.,1.));
#684 = DIRECTION('',(0.,-1.,0.));
#685 = DEFINITIONAL_REPRESENTATION('',(#686),#690);
#686 = LINE('',#687,#688);
#687 = CARTESIAN_POINT('',(0.,1.));
#688 = VECTOR('',#689,1.);
#689 = DIRECTION('',(1.,0.));
#690 = ( GEOMETRIC_REPRESENTATION_CONTEXT(2) 
PARAMETRIC_REPRESENTATION_CONTEXT() REPRESENTATION_CONTEXT('2D SPACE',''
  ) );
#691 = ORIENTED_EDGE('',*,*,#692,.T.);
#692 = EDGE_CURVE('',#662,#693,#695,.T.);
#693 = VERTEX_POINT('',#694);
#694 = CARTESIAN_POINT('',(-19.5,-29.3,13.5));
#695 = SURFACE_CURVE('',#696,(#700,#706),.PCURVE_S1.);
#696 = LINE('',#697,#698);
#697 = CARTESIAN_POINT('',(-14.65,-29.3,13.5));
#698 = VECTOR('',#699,1.);
#699 = DIRECTION('',(-1.,0.,0.));
#700 = PCURVE('',#99,#701);
#701 = DEFINITIONAL_REPRESENTATION('',(#702),#705);
#702 = B_SPLINE_CURVE_WITH_KNOTS('',1,(#703,#704),.UNSPECIFIED.,.F.,.F.,
  (2,2),(-34.15,4.85),.PIECEWISE_BEZIER_KNOTS.);
#703 = CARTESIAN_POINT('',(19.5,-29.3));
#704 = CARTESIAN_POINT('',(-19.5,-29.3));
#705 = ( GEOMETRIC_REPRESENTATION_CONTEXT(2) 
PARAMETRIC_REPRESENTATION_CONTEXT() REPRESENTATION_CONTEXT('2D SPACE',''
  ) );
#706 = PCURVE('',#707,#712);
#707 = PLANE('',#708);
#708 = AXIS2_PLACEMENT_3D('',#709,#710,#711);
#709 = CARTESIAN_POINT('',(-29.3,-29.3,12.5));
#710 = DIRECTION('',(0.,1.,0.));
#711 = DIRECTION('',(1.,0.,0.));
#712 = DEFINITIONAL_REPRESENTATION('',(#713),#716);
#713 = B_SPLINE_CURVE_WITH_KNOTS('',1,(#714,#715),.UNSPECIFIED.,.F.,.F.,
  (2,2),(-34.15,4.85),.PIECEWISE_BEZIER_KNOTS.);
#714 = CARTESIAN_POINT('',(48.8,-1.));
#715 = CARTESIAN_POINT('',(9.8,-1.));
#716 = ( GEOMETRIC_REPRESENTATION_CONTEXT(2) 
PARAMETRIC_REPRESENTATION_CONTEXT() REPRESENTATION_CONTEXT('2D SPACE',''
  ) );
#717 = ORIENTED_EDGE('',*,*,#718,.F.);
#718 = EDGE_CURVE('',#719,#693,#721,.T.);
#719 = VERTEX_POINT('',#720);
#720 = CARTESIAN_POINT('',(-29.3,-19.5,13.5));
#721 = SURFACE_CURVE('',#722,(#727,#734),.PCURVE_S1.);
#722 = CIRCLE('',#723,9.8);
#723 = AXIS2_PLACEMENT_3D('',#724,#725,#726);
#724 = CARTESIAN_POINT('',(-19.5,-19.5,13.5));
#725 = DIRECTION('',(0.,0.,1.));
#726 = DIRECTION('',(0.,-1.,0.));
#727 = PCURVE('',#99,#728);
#728 = DEFINITIONAL_REPRESENTATION('',(#729),#733);
#729 = CIRCLE('',#730,9.8);
#730 = AXIS2_PLACEMENT_2D('',#731,#732);
#731 = CARTESIAN_POINT('',(-19.5,-19.5));
#732 = DIRECTION('',(0.,-1.));
#733 = ( GEOMETRIC_REPRESENTATION_CONTEXT(2) 
PARAMETRIC_REPRESENTATION_CONTEXT() REPRESENTATION_CONTEXT('2D SPACE',''
  ) );
#734 = PCURVE('',#735,#740);
#735 = CYLINDRICAL_SURFACE('',#736,9.8);
#736 = AXIS2_PLACEMENT_3D('',#737,#738,#739);
#737 = CARTESIAN_POINT('',(-19.5,-19.5,12.5));
#738 = DIRECTION('',(0.,0.,1.));
#739 = DIRECTION('',(0.,-1.,0.));
#740 = DEFINITIONAL_REPRESENTATION('',(#741),#745);
#741 = LINE('',#742,#743);
#742 = CARTESIAN_POINT('',(-6.28318530718,1.));
#743 = VECTOR('',#744,1.);
#744 = DIRECTION('',(1.,-0.));
#745 = ( GEOMETRIC_REPRESENTATION_CONTEXT(2) 
PARAMETRIC_REPRESENTATION_CONTEXT() REPRESENTATION_CONTEXT('2D SPACE',''
  ) );
#746 = ORIENTED_EDGE('',*,*,#747,.T.);
#747 = EDGE_CURVE('',#719,#748,#750,.T.);
#748 = VERTEX_POINT('',#749);
#749 = CARTESIAN_POINT('',(-29.3,19.5,13.5));
#750 = SURFACE_CURVE('',#751,(#755,#761),.PCURVE_S1.);
#751 = LINE('',#752,#753);
#752 = CARTESIAN_POINT('',(-29.3,14.65,13.5));
#753 = VECTOR('',#754,1.);
#754 = DIRECTION('',(-0.,1.,0.));
#755 = PCURVE('',#99,#756);
#756 = DEFINITIONAL_REPRESENTATION('',(#757),#760);
#757 = B_SPLINE_CURVE_WITH_KNOTS('',1,(#758,#759),.UNSPECIFIED.,.F.,.F.,
  (2,2),(-34.15,4.85),.PIECEWISE_BEZIER_KNOTS.);
#758 = CARTESIAN_POINT('',(-29.3,-19.5));
#759 = CARTESIAN_POINT('',(-29.3,19.5));
#760 = ( GEOMETRIC_REPRESENTATION_CONTEXT(2) 
PARAMETRIC_REPRESENTATION_CONTEXT() REPRESENTATION_CONTEXT('2D SPACE',''
  ) );
#761 = PCURVE('',#762,#767);
#762 = PLANE('',#763);
#763 = AXIS2_PLACEMENT_3D('',#764,#765,#766);
#764 = CARTESIAN_POINT('',(-29.3,29.3,12.5));
#765 = DIRECTION('',(1.,0.,-0.));
#766 = DIRECTION('',(0.,-1.,0.));
#767 = DEFINITIONAL_REPRESENTATION('',(#768),#771);
#768 = B_SPLINE_CURVE_WITH_KNOTS('',1,(#769,#770),.UNSPECIFIED.,.F.,.F.,
  (2,2),(-34.15,4.85),.PIECEWISE_BEZIER_KNOTS.);
#769 = CARTESIAN_POINT('',(48.8,-1.));
#770 = CARTESIAN_POINT('',(9.8,-1.));
#771 = ( GEOMETRIC_REPRESENTATION_CONTEXT(2) 
PARAMETRIC_REPRESENTATION_CONTEXT() REPRESENTATION_CONTEXT('2D SPACE',''
  ) );
#772 = ORIENTED_EDGE('',*,*,#773,.F.);
#773 = EDGE_CURVE('',#774,#748,#776,.T.);
#774 = VERTEX_POINT('',#775);
#775 = CARTESIAN_POINT('',(-19.5,29.3,13.5));
#776 = SURFACE_CURVE('',#777,(#782,#789),.PCURVE_S1.);
#777 = CIRCLE('',#778,9.8);
#778 = AXIS2_PLACEMENT_3D('',#779,#780,#781);
#779 = CARTESIAN_POINT('',(-19.5,19.5,13.5));
#780 = DIRECTION('',(0.,0.,1.));
#781 = DIRECTION('',(-0.,1.,0.));
#782 = PCURVE('',#99,#783);
#783 = DEFINITIONAL_REPRESENTATION('',(#784),#788);
#784 = CIRCLE('',#785,9.8);
#785 = AXIS2_PLACEMENT_2D('',#786,#787);
#786 = CARTESIAN_POINT('',(-19.5,19.5));
#787 = DIRECTION('',(0.,1.));
#788 = ( GEOMETRIC_REPRESENTATION_CONTEXT(2) 
PARAMETRIC_REPRESENTATION_CONTEXT() REPRESENTATION_CONTEXT('2D SPACE',''
  ) );
#789 = PCURVE('',#790,#795);
#790 = CYLINDRICAL_SURFACE('',#791,9.8);
#791 = AXIS2_PLACEMENT_3D('',#792,#793,#794);
#792 = CARTESIAN_POINT('',(-19.5,19.5,12.5));
#793 = DIRECTION('',(0.,0.,1.));
#794 = DIRECTION('',(-0.,1.,0.));
#795 = DEFINITIONAL_REPRESENTATION('',(#796),#800);
#796 = LINE('',#797,#798);
#797 = CARTESIAN_POINT('',(0.,1.));
#798 = VECTOR('',#799,1.);
#799 = DIRECTION('',(1.,0.));
#800 = ( GEOMETRIC_REPRESENTATION_CONTEXT(2) 
PARAMETRIC_REPRESENTATION_CONTEXT() REPRESENTATION_CONTEXT('2D SPACE',''
  ) );
#801 = ORIENTED_EDGE('',*,*,#802,.T.);
#802 = EDGE_CURVE('',#774,#803,#805,.T.);
#803 = VERTEX_POINT('',#804);
#804 = CARTESIAN_POINT('',(19.5,29.3,13.5));
#805 = SURFACE_CURVE('',#806,(#810,#816),.PCURVE_S1.);
#806 = LINE('',#807,#808);
#807 = CARTESIAN_POINT('',(14.65,29.3,13.5));
#808 = VECTOR('',#809,1.);
#809 = DIRECTION('',(1.,0.,-0.));
#810 = PCURVE('',#99,#811);
#811 = DEFINITIONAL_REPRESENTATION('',(#812),#815);
#812 = B_SPLINE_CURVE_WITH_KNOTS('',1,(#813,#814),.UNSPECIFIED.,.F.,.F.,
  (2,2),(-34.15,4.85),.PIECEWISE_BEZIER_KNOTS.);
#813 = CARTESIAN_POINT('',(-19.5,29.3));
#814 = CARTESIAN_POINT('',(19.5,29.3));
#815 = ( GEOMETRIC_REPRESENTATION_CONTEXT(2) 
PARAMETRIC_REPRESENTATION_CONTEXT() REPRESENTATION_CONTEXT('2D SPACE',''
  ) );
#816 = PCURVE('',#817,#822);
#817 = PLANE('',#818);
#818 = AXIS2_PLACEMENT_3D('',#819,#820,#821);
#819 = CARTESIAN_POINT('',(29.3,29.3,12.5));
#820 = DIRECTION('',(0.,-1.,0.));
#821 = DIRECTION('',(-1.,0.,0.));
#822 = DEFINITIONAL_REPRESENTATION('',(#823),#826);
#823 = B_SPLINE_CURVE_WITH_KNOTS('',1,(#824,#825),.UNSPECIFIED.,.F.,.F.,
  (2,2),(-34.15,4.85),.PIECEWISE_BEZIER_KNOTS.);
#824 = CARTESIAN_POINT('',(48.8,-1.));
#825 = CARTESIAN_POINT('',(9.8,-1.));
#826 = ( GEOMETRIC_REPRESENTATION_CONTEXT(2) 
PARAMETRIC_REPRESENTATION_CONTEXT() REPRESENTATION_CONTEXT('2D SPACE',''
  ) );
#827 = ORIENTED_EDGE('',*,*,#828,.F.);
#828 = EDGE_CURVE('',#829,#803,#831,.T.);
#829 = VERTEX_POINT('',#830);
#830 = CARTESIAN_POINT('',(29.3,19.5,13.5));
#831 = SURFACE_CURVE('',#832,(#837,#844),.PCURVE_S1.);
#832 = CIRCLE('',#833,9.8);
#833 = AXIS2_PLACEMENT_3D('',#834,#835,#836);
#834 = CARTESIAN_POINT('',(19.5,19.5,13.5));
#835 = DIRECTION('',(0.,0.,1.));
#836 = DIRECTION('',(1.,0.,-0.));
#837 = PCURVE('',#99,#838);
#838 = DEFINITIONAL_REPRESENTATION('',(#839),#843);
#839 = CIRCLE('',#840,9.8);
#840 = AXIS2_PLACEMENT_2D('',#841,#842);
#841 = CARTESIAN_POINT('',(19.5,19.5));
#842 = DIRECTION('',(1.,0.));
#843 = ( GEOMETRIC_REPRESENTATION_CONTEXT(2) 
PARAMETRIC_REPRESENTATION_CONTEXT() REPRESENTATION_CONTEXT('2D SPACE',''
  ) );
#844 = PCURVE('',#845,#850);
#845 = CYLINDRICAL_SURFACE('',#846,9.8);
#846 = AXIS2_PLACEMENT_3D('',#847,#848,#849);
#847 = CARTESIAN_POINT('',(19.5,19.5,12.5));
#848 = DIRECTION('',(0.,0.,1.));
#849 = DIRECTION('',(1.,0.,-0.));
#850 = DEFINITIONAL_REPRESENTATION('',(#851),#855);
#851 = LINE('',#852,#853);
#852 = CARTESIAN_POINT('',(0.,1.));
#853 = VECTOR('',#854,1.);
#854 = DIRECTION('',(1.,0.));
#855 = ( GEOMETRIC_REPRESENTATION_CONTEXT(2) 
PARAMETRIC_REPRESENTATION_CONTEXT() REPRESENTATION_CONTEXT('2D SPACE',''
  ) );
#856 = ORIENTED_EDGE('',*,*,#857,.T.);
#857 = EDGE_CURVE('',#829,#664,#858,.T.);
#858 = SURFACE_CURVE('',#859,(#863,#869),.PCURVE_S1.);
#859 = LINE('',#860,#861);
#860 = CARTESIAN_POINT('',(29.3,-14.65,13.5));
#861 = VECTOR('',#862,1.);
#862 = DIRECTION('',(0.,-1.,0.));
#863 = PCURVE('',#99,#864);
#864 = DEFINITIONAL_REPRESENTATION('',(#865),#868);
#865 = B_SPLINE_CURVE_WITH_KNOTS('',1,(#866,#867),.UNSPECIFIED.,.F.,.F.,
  (2,2),(-34.15,4.85),.PIECEWISE_BEZIER_KNOTS.);
#866 = CARTESIAN_POINT('',(29.3,19.5));
#867 = CARTESIAN_POINT('',(29.3,-19.5));
#868 = ( GEOMETRIC_REPRESENTATION_CONTEXT(2) 
PARAMETRIC_REPRESENTATION_CONTEXT() REPRESENTATION_CONTEXT('2D SPACE',''
  ) );
#869 = PCURVE('',#870,#875);
#870 = PLANE('',#871);
#871 = AXIS2_PLACEMENT_3D('',#872,#873,#874);
#872 = CARTESIAN_POINT('',(29.3,-29.3,12.5));
#873 = DIRECTION('',(-1.,0.,0.));
#874 = DIRECTION('',(0.,1.,0.));
#875 = DEFINITIONAL_REPRESENTATION('',(#876),#879);
#876 = B_SPLINE_CURVE_WITH_KNOTS('',1,(#877,#878),.UNSPECIFIED.,.F.,.F.,
  (2,2),(-34.15,4.85),.PIECEWISE_BEZIER_KNOTS.);
#877 = CARTESIAN_POINT('',(48.8,-1.));
#878 = CARTESIAN_POINT('',(9.8,-1.));
#879 = ( GEOMETRIC_REPRESENTATION_CONTEXT(2) 
PARAMETRIC_REPRESENTATION_CONTEXT() REPRESENTATION_CONTEXT('2D SPACE',''
  ) );
#880 = ADVANCED_FACE('',(#881),#72,.T.);
#881 = FACE_BOUND('',#882,.F.);
#882 = EDGE_LOOP('',(#883,#884,#908,#929));
#883 = ORIENTED_EDGE('',*,*,#56,.F.);
#884 = ORIENTED_EDGE('',*,*,#885,.F.);
#885 = EDGE_CURVE('',#886,#22,#888,.T.);
#886 = VERTEX_POINT('',#887);
#887 = CARTESIAN_POINT('',(-30.5,-19.5,6.));
#888 = SURFACE_CURVE('',#889,(#894,#901),.PCURVE_S1.);
#889 = CIRCLE('',#890,11.);
#890 = AXIS2_PLACEMENT_3D('',#891,#892,#893);
#891 = CARTESIAN_POINT('',(-19.5,-19.5,6.));
#892 = DIRECTION('',(0.,0.,1.));
#893 = DIRECTION('',(-1.,0.,0.));
#894 = PCURVE('',#72,#895);
#895 = DEFINITIONAL_REPRESENTATION('',(#896),#900);
#896 = LINE('',#897,#898);
#897 = CARTESIAN_POINT('',(-1.570796326795,6.));
#898 = VECTOR('',#899,1.);
#899 = DIRECTION('',(1.,-0.));
#900 = ( GEOMETRIC_REPRESENTATION_CONTEXT(2) 
PARAMETRIC_REPRESENTATION_CONTEXT() REPRESENTATION_CONTEXT('2D SPACE',''
  ) );
#901 = PCURVE('',#156,#902);
#902 = DEFINITIONAL_REPRESENTATION('',(#903),#907);
#903 = LINE('',#904,#905);
#904 = CARTESIAN_POINT('',(-0.,0.));
#905 = VECTOR('',#906,1.);
#906 = DIRECTION('',(-1.,0.));
#907 = ( GEOMETRIC_REPRESENTATION_CONTEXT(2) 
PARAMETRIC_REPRESENTATION_CONTEXT() REPRESENTATION_CONTEXT('2D SPACE',''
  ) );
#908 = ORIENTED_EDGE('',*,*,#909,.T.);
#909 = EDGE_CURVE('',#886,#505,#910,.T.);
#910 = SURFACE_CURVE('',#911,(#915,#922),.PCURVE_S1.);
#911 = LINE('',#912,#913);
#912 = CARTESIAN_POINT('',(-30.5,-19.5,0.));
#913 = VECTOR('',#914,1.);
#914 = DIRECTION('',(0.,0.,1.));
#915 = PCURVE('',#72,#916);
#916 = DEFINITIONAL_REPRESENTATION('',(#917),#921);
#917 = LINE('',#918,#919);
#918 = CARTESIAN_POINT('',(-1.570796326795,0.));
#919 = VECTOR('',#920,1.);
#920 = DIRECTION('',(-0.,1.));
#921 = ( GEOMETRIC_REPRESENTATION_CONTEXT(2) 
PARAMETRIC_REPRESENTATION_CONTEXT() REPRESENTATION_CONTEXT('2D SPACE',''
  ) );
#922 = PCURVE('',#648,#923);
#923 = DEFINITIONAL_REPRESENTATION('',(#924),#928);
#924 = LINE('',#925,#926);
#925 = CARTESIAN_POINT('',(50.,0.));
#926 = VECTOR('',#927,1.);
#927 = DIRECTION('',(0.,-1.));
#928 = ( GEOMETRIC_REPRESENTATION_CONTEXT(2) 
PARAMETRIC_REPRESENTATION_CONTEXT() REPRESENTATION_CONTEXT('2D SPACE',''
  ) );
#929 = ORIENTED_EDGE('',*,*,#504,.T.);
#930 = ADVANCED_FACE('',(#931),#400,.T.);
#931 = FACE_BOUND('',#932,.F.);
#932 = EDGE_LOOP('',(#933,#934,#935,#962));
#933 = ORIENTED_EDGE('',*,*,#386,.F.);
#934 = ORIENTED_EDGE('',*,*,#427,.T.);
#935 = ORIENTED_EDGE('',*,*,#936,.T.);
#936 = EDGE_CURVE('',#428,#937,#939,.T.);
#937 = VERTEX_POINT('',#938);
#938 = CARTESIAN_POINT('',(24.5,-19.5,0.));
#939 = SURFACE_CURVE('',#940,(#945,#951),.PCURVE_S1.);
#940 = CIRCLE('',#941,6.);
#941 = AXIS2_PLACEMENT_3D('',#942,#943,#944);
#942 = CARTESIAN_POINT('',(24.5,-19.5,6.));
#943 = DIRECTION('',(6.123233995737E-17,1.,0.));
#944 = DIRECTION('',(1.,-6.123233995737E-17,0.));
#945 = PCURVE('',#400,#946);
#946 = DEFINITIONAL_REPRESENTATION('',(#947),#950);
#947 = B_SPLINE_CURVE_WITH_KNOTS('',1,(#948,#949),.UNSPECIFIED.,.F.,.F.,
  (2,2),(0.,1.570796326795),.PIECEWISE_BEZIER_KNOTS.);
#948 = CARTESIAN_POINT('',(-1.570796326795,0.));
#949 = CARTESIAN_POINT('',(-1.570796326795,1.570796326795));
#950 = ( GEOMETRIC_REPRESENTATION_CONTEXT(2) 
PARAMETRIC_REPRESENTATION_CONTEXT() REPRESENTATION_CONTEXT('2D SPACE',''
  ) );
#951 = PCURVE('',#952,#957);
#952 = CYLINDRICAL_SURFACE('',#953,6.);
#953 = AXIS2_PLACEMENT_3D('',#954,#955,#956);
#954 = CARTESIAN_POINT('',(24.5,-19.5,6.));
#955 = DIRECTION('',(0.,1.,0.));
#956 = DIRECTION('',(1.,0.,-0.));
#957 = DEFINITIONAL_REPRESENTATION('',(#958),#961);
#958 = B_SPLINE_CURVE_WITH_KNOTS('',1,(#959,#960),.UNSPECIFIED.,.F.,.F.,
  (2,2),(0.,1.570796326795),.PIECEWISE_BEZIER_KNOTS.);
#959 = CARTESIAN_POINT('',(0.,0.));
#960 = CARTESIAN_POINT('',(1.570796326795,0.));
#961 = ( GEOMETRIC_REPRESENTATION_CONTEXT(2) 
PARAMETRIC_REPRESENTATION_CONTEXT() REPRESENTATION_CONTEXT('2D SPACE',''
  ) );
#962 = ORIENTED_EDGE('',*,*,#963,.F.);
#963 = EDGE_CURVE('',#359,#937,#964,.T.);
#964 = SURFACE_CURVE('',#965,(#970,#977),.PCURVE_S1.);
#965 = CIRCLE('',#966,5.);
#966 = AXIS2_PLACEMENT_3D('',#967,#968,#969);
#967 = CARTESIAN_POINT('',(19.5,-19.5,0.));
#968 = DIRECTION('',(0.,0.,1.));
#969 = DIRECTION('',(0.,-1.,0.));
#970 = PCURVE('',#400,#971);
#971 = DEFINITIONAL_REPRESENTATION('',(#972),#976);
#972 = LINE('',#973,#974);
#973 = CARTESIAN_POINT('',(-0.,1.570796326795));
#974 = VECTOR('',#975,1.);
#975 = DIRECTION('',(-1.,0.));
#976 = ( GEOMETRIC_REPRESENTATION_CONTEXT(2) 
PARAMETRIC_REPRESENTATION_CONTEXT() REPRESENTATION_CONTEXT('2D SPACE',''
  ) );
#977 = PCURVE('',#374,#978);
#978 = DEFINITIONAL_REPRESENTATION('',(#979),#983);
#979 = CIRCLE('',#980,5.);
#980 = AXIS2_PLACEMENT_2D('',#981,#982);
#981 = CARTESIAN_POINT('',(19.5,-19.5));
#982 = DIRECTION('',(0.,-1.));
#983 = ( GEOMETRIC_REPRESENTATION_CONTEXT(2) 
PARAMETRIC_REPRESENTATION_CONTEXT() REPRESENTATION_CONTEXT('2D SPACE',''
  ) );
#984 = ADVANCED_FACE('',(#985),#374,.F.);
#985 = FACE_BOUND('',#986,.F.);
#986 = EDGE_LOOP('',(#987,#1011,#1012,#1013));
#987 = ORIENTED_EDGE('',*,*,#988,.F.);
#988 = EDGE_CURVE('',#208,#989,#991,.T.);
#989 = VERTEX_POINT('',#990);
#990 = CARTESIAN_POINT('',(24.5,-8.703447592766,-4.440892098501E-16));
#991 = SURFACE_CURVE('',#992,(#997,#1004),.PCURVE_S1.);
#992 = CIRCLE('',#993,26.);
#993 = AXIS2_PLACEMENT_3D('',#994,#995,#996);
#994 = CARTESIAN_POINT('',(0.,0.,0.));
#995 = DIRECTION('',(0.,0.,1.));
#996 = DIRECTION('',(1.,0.,-0.));
#997 = PCURVE('',#374,#998);
#998 = DEFINITIONAL_REPRESENTATION('',(#999),#1003);
#999 = CIRCLE('',#1000,26.);
#1000 = AXIS2_PLACEMENT_2D('',#1001,#1002);
#1001 = CARTESIAN_POINT('',(0.,0.));
#1002 = DIRECTION('',(1.,0.));
#1003 = ( GEOMETRIC_REPRESENTATION_CONTEXT(2) 
PARAMETRIC_REPRESENTATION_CONTEXT() REPRESENTATION_CONTEXT('2D SPACE',''
  ) );
#1004 = PCURVE('',#305,#1005);
#1005 = DEFINITIONAL_REPRESENTATION('',(#1006),#1010);
#1006 = LINE('',#1007,#1008);
#1007 = CARTESIAN_POINT('',(0.,0.836448659158));
#1008 = VECTOR('',#1009,1.);
#1009 = DIRECTION('',(1.,0.));
#1010 = ( GEOMETRIC_REPRESENTATION_CONTEXT(2) 
PARAMETRIC_REPRESENTATION_CONTEXT() REPRESENTATION_CONTEXT('2D SPACE',''
  ) );
#1011 = ORIENTED_EDGE('',*,*,#358,.T.);
#1012 = ORIENTED_EDGE('',*,*,#963,.T.);
#1013 = ORIENTED_EDGE('',*,*,#1014,.T.);
#1014 = EDGE_CURVE('',#937,#989,#1015,.T.);
#1015 = SURFACE_CURVE('',#1016,(#1020,#1027),.PCURVE_S1.);
#1016 = LINE('',#1017,#1018);
#1017 = CARTESIAN_POINT('',(24.5,-19.5,-8.881784197001E-16));
#1018 = VECTOR('',#1019,1.);
#1019 = DIRECTION('',(0.,1.,0.));
#1020 = PCURVE('',#374,#1021);
#1021 = DEFINITIONAL_REPRESENTATION('',(#1022),#1026);
#1022 = LINE('',#1023,#1024);
#1023 = CARTESIAN_POINT('',(24.5,-19.5));
#1024 = VECTOR('',#1025,1.);
#1025 = DIRECTION('',(0.,1.));
#1026 = ( GEOMETRIC_REPRESENTATION_CONTEXT(2) 
PARAMETRIC_REPRESENTATION_CONTEXT() REPRESENTATION_CONTEXT('2D SPACE',''
  ) );
#1027 = PCURVE('',#952,#1028);
#1028 = DEFINITIONAL_REPRESENTATION('',(#1029),#1033);
#1029 = LINE('',#1030,#1031);
#1030 = CARTESIAN_POINT('',(1.570796326795,0.));
#1031 = VECTOR('',#1032,1.);
#1032 = DIRECTION('',(0.,1.));
#1033 = ( GEOMETRIC_REPRESENTATION_CONTEXT(2) 
PARAMETRIC_REPRESENTATION_CONTEXT() REPRESENTATION_CONTEXT('2D SPACE',''
  ) );
#1034 = ADVANCED_FACE('',(#1035),#305,.F.);
#1035 = FACE_BOUND('',#1036,.F.);
#1036 = EDGE_LOOP('',(#1037,#1119,#1148,#1299,#1328,#1479,#1501,#1502,
    #1503,#1563,#1587));
#1037 = ORIENTED_EDGE('',*,*,#1038,.F.);
#1038 = EDGE_CURVE('',#1039,#1041,#1043,.T.);
#1039 = VERTEX_POINT('',#1040);
#1040 = CARTESIAN_POINT('',(24.5,8.703447592766,-4.440892098501E-16));
#1041 = VERTEX_POINT('',#1042);
#1042 = CARTESIAN_POINT('',(25.832948112689,0.,0.149935955147));
#1043 = SURFACE_CURVE('',#1044,(#1067,#1093),.PCURVE_S1.);
#1044 = B_SPLINE_CURVE_WITH_KNOTS('',6,(#1045,#1046,#1047,#1048,#1049,
    #1050,#1051,#1052,#1053,#1054,#1055,#1056,#1057,#1058,#1059,#1060,
    #1061,#1062,#1063,#1064,#1065,#1066),.UNSPECIFIED.,.F.,.F.,(7,5,5,5,
    7),(0.,0.180828393918,0.375433147349,0.562791828917,1.),
  .UNSPECIFIED.);
#1045 = CARTESIAN_POINT('',(24.500000070386,8.70344739463,0.));
#1046 = CARTESIAN_POINT('',(24.591070675924,8.447085774722,
    1.068350042947E-09));
#1047 = CARTESIAN_POINT('',(24.676904879109,8.189770820256,
    1.658725255724E-03));
#1048 = CARTESIAN_POINT('',(24.757913147021,7.931649502508,
    4.618844314224E-03));
#1049 = CARTESIAN_POINT('',(24.834407524391,7.672835562473,
    8.609050753622E-03));
#1050 = CARTESIAN_POINT('',(24.906649561215,7.413417094439,
    1.340513287438E-02));
#1051 = CARTESIAN_POINT('',(25.048266704327,6.873693864692,
    2.464844940295E-02));
#1052 = CARTESIAN_POINT('',(25.117003071236,6.593308740871,
    3.119329068526E-02));
#1053 = CARTESIAN_POINT('',(25.181342134997,6.312386539023,
    3.822299592726E-02));
#1054 = CARTESIAN_POINT('',(25.241504196011,6.030996504198,
    4.555103090198E-02));
#1055 = CARTESIAN_POINT('',(25.297670681788,5.749194712385,
    5.302465721783E-02));
#1056 = CARTESIAN_POINT('',(25.400377245157,5.195363061509,
    6.77229626101E-02));
#1057 = CARTESIAN_POINT('',(25.447197418131,4.923361826999,
    7.494660571003E-02));
#1058 = CARTESIAN_POINT('',(25.490596948132,4.651062939834,
    8.206848187928E-02));
#1059 = CARTESIAN_POINT('',(25.530690472753,4.378502379983,
    8.899285973862E-02));
#1060 = CARTESIAN_POINT('',(25.567573620582,4.105711432243,
    9.564011743473E-02));
#1061 = CARTESIAN_POINT('',(25.680093809996,3.195674828663,
    0.116650696243));
#1062 = CARTESIAN_POINT('',(25.741819033604,2.557536505727,
    0.129482540533));
#1063 = CARTESIAN_POINT('',(25.787532723478,1.918631408393,
    0.139587165129));
#1064 = CARTESIAN_POINT('',(25.817808629956,1.279245911238,
    0.146486661443));
#1065 = CARTESIAN_POINT('',(25.832948112689,0.639630744856,
    0.149935955147));
#1066 = CARTESIAN_POINT('',(25.832948112689,-6.327247443749E-15,
    0.149935955147));
#1067 = PCURVE('',#305,#1068);
#1068 = DEFINITIONAL_REPRESENTATION('',(#1069),#1092);
#1069 = B_SPLINE_CURVE_WITH_KNOTS('',6,(#1070,#1071,#1072,#1073,#1074,
    #1075,#1076,#1077,#1078,#1079,#1080,#1081,#1082,#1083,#1084,#1085,
    #1086,#1087,#1088,#1089,#1090,#1091),.UNSPECIFIED.,.F.,.F.,(7,5,5,5,
    7),(0.,0.180828393918,0.375433147349,0.562791828917,1.),
  .UNSPECIFIED.);
#1070 = CARTESIAN_POINT('',(0.341337764112,0.836448659158));
#1071 = CARTESIAN_POINT('',(0.33087402457,0.8364486592));
#1072 = CARTESIAN_POINT('',(0.320443151335,0.836512456211));
#1073 = CARTESIAN_POINT('',(0.310039800987,0.836626307314));
#1074 = CARTESIAN_POINT('',(0.299660046912,0.836779809499));
#1075 = CARTESIAN_POINT('',(0.289300459787,0.836964364432));
#1076 = CARTESIAN_POINT('',(0.267827308738,0.837397146949));
#1077 = CARTESIAN_POINT('',(0.256716629247,0.837649140589));
#1078 = CARTESIAN_POINT('',(0.245622047986,0.837919896477));
#1079 = CARTESIAN_POINT('',(0.234540687668,0.838202252217));
#1080 = CARTESIAN_POINT('',(0.223470235164,0.838490332862));
#1081 = CARTESIAN_POINT('',(0.201758864485,0.839057116942));
#1082 = CARTESIAN_POINT('',(0.191117374249,0.8393357724));
#1083 = CARTESIAN_POINT('',(0.180482365928,0.839610607785));
#1084 = CARTESIAN_POINT('',(0.169852493766,0.839877921361));
#1085 = CARTESIAN_POINT('',(0.159226706177,0.840134625351));
#1086 = CARTESIAN_POINT('',(0.123815906813,0.840946263541));
#1087 = CARTESIAN_POINT('',(9.904554736773E-02,0.841442389778));
#1088 = CARTESIAN_POINT('',(7.428133131261E-02,0.841833391537));
#1089 = CARTESIAN_POINT('',(4.951994415567E-02,0.842100473263));
#1090 = CARTESIAN_POINT('',(2.476026902023E-02,0.842233996185));
#1091 = CARTESIAN_POINT('',(0.,0.842233996185));
#1092 = ( GEOMETRIC_REPRESENTATION_CONTEXT(2) 
PARAMETRIC_REPRESENTATION_CONTEXT() REPRESENTATION_CONTEXT('2D SPACE',''
  ) );
#1093 = PCURVE('',#952,#1094);
#1094 = DEFINITIONAL_REPRESENTATION('',(#1095),#1118);
#1095 = B_SPLINE_CURVE_WITH_KNOTS('',6,(#1096,#1097,#1098,#1099,#1100,
    #1101,#1102,#1103,#1104,#1105,#1106,#1107,#1108,#1109,#1110,#1111,
    #1112,#1113,#1114,#1115,#1116,#1117),.UNSPECIFIED.,.F.,.F.,(7,5,5,5,
    7),(0.,0.180828393918,0.375433147349,0.562791828917,1.),
  .UNSPECIFIED.);
#1096 = CARTESIAN_POINT('',(1.570796315064,28.20344739463));
#1097 = CARTESIAN_POINT('',(1.555617880808,27.947085774722));
#1098 = CARTESIAN_POINT('',(1.541312177848,27.689770820256));
#1099 = CARTESIAN_POINT('',(1.527804517743,27.431649502508));
#1100 = CARTESIAN_POINT('',(1.515040154342,27.172835562473));
#1101 = CARTESIAN_POINT('',(1.502974316993,26.913417094439));
#1102 = CARTESIAN_POINT('',(1.479297190555,26.373693864692));
#1103 = CARTESIAN_POINT('',(1.467790721813,26.093308740871));
#1104 = CARTESIAN_POINT('',(1.457005164015,25.812386539023));
#1105 = CARTESIAN_POINT('',(1.446904994774,25.530996504198));
#1106 = CARTESIAN_POINT('',(1.437461877615,25.249194712385));
#1107 = CARTESIAN_POINT('',(1.420169716304,24.695363061509));
#1108 = CARTESIAN_POINT('',(1.412274493648,24.423361826999));
#1109 = CARTESIAN_POINT('',(1.40494494739,24.151062939834));
#1110 = CARTESIAN_POINT('',(1.398164047023,23.878502379983));
#1111 = CARTESIAN_POINT('',(1.391917947463,23.605711432243));
#1112 = CARTESIAN_POINT('',(1.372840446572,22.695674828663));
#1113 = CARTESIAN_POINT('',(1.362335129502,22.057536505727));
#1114 = CARTESIAN_POINT('',(1.354532291395,21.418631408393));
#1115 = CARTESIAN_POINT('',(1.34935700851,20.779245911238));
#1116 = CARTESIAN_POINT('',(1.346769083949,20.139630744856));
#1117 = CARTESIAN_POINT('',(1.346769083949,19.5));
#1118 = ( GEOMETRIC_REPRESENTATION_CONTEXT(2) 
PARAMETRIC_REPRESENTATION_CONTEXT() REPRESENTATION_CONTEXT('2D SPACE',''
  ) );
#1119 = ORIENTED_EDGE('',*,*,#1120,.T.);
#1120 = EDGE_CURVE('',#1039,#1121,#1123,.T.);
#1121 = VERTEX_POINT('',#1122);
#1122 = CARTESIAN_POINT('',(8.703447592764,24.5,-4.440892098501E-16));
#1123 = SURFACE_CURVE('',#1124,(#1129,#1136),.PCURVE_S1.);
#1124 = CIRCLE('',#1125,26.);
#1125 = AXIS2_PLACEMENT_3D('',#1126,#1127,#1128);
#1126 = CARTESIAN_POINT('',(0.,0.,0.));
#1127 = DIRECTION('',(0.,0.,1.));
#1128 = DIRECTION('',(1.,0.,-0.));
#1129 = PCURVE('',#305,#1130);
#1130 = DEFINITIONAL_REPRESENTATION('',(#1131),#1135);
#1131 = LINE('',#1132,#1133);
#1132 = CARTESIAN_POINT('',(0.,0.836448659158));
#1133 = VECTOR('',#1134,1.);
#1134 = DIRECTION('',(1.,0.));
#1135 = ( GEOMETRIC_REPRESENTATION_CONTEXT(2) 
PARAMETRIC_REPRESENTATION_CONTEXT() REPRESENTATION_CONTEXT('2D SPACE',''
  ) );
#1136 = PCURVE('',#1137,#1142);
#1137 = PLANE('',#1138);
#1138 = AXIS2_PLACEMENT_3D('',#1139,#1140,#1141);
#1139 = CARTESIAN_POINT('',(0.,0.,0.));
#1140 = DIRECTION('',(0.,0.,1.));
#1141 = DIRECTION('',(1.,0.,-0.));
#1142 = DEFINITIONAL_REPRESENTATION('',(#1143),#1147);
#1143 = CIRCLE('',#1144,26.);
#1144 = AXIS2_PLACEMENT_2D('',#1145,#1146);
#1145 = CARTESIAN_POINT('',(0.,0.));
#1146 = DIRECTION('',(1.,0.));
#1147 = ( GEOMETRIC_REPRESENTATION_CONTEXT(2) 
PARAMETRIC_REPRESENTATION_CONTEXT() REPRESENTATION_CONTEXT('2D SPACE',''
  ) );
#1148 = ORIENTED_EDGE('',*,*,#1149,.F.);
#1149 = EDGE_CURVE('',#1150,#1121,#1152,.T.);
#1150 = VERTEX_POINT('',#1151);
#1151 = CARTESIAN_POINT('',(-8.703447592766,24.5,-4.440892098501E-16));
#1152 = SURFACE_CURVE('',#1153,(#1198,#1246),.PCURVE_S1.);
#1153 = B_SPLINE_CURVE_WITH_KNOTS('',8,(#1154,#1155,#1156,#1157,#1158,
    #1159,#1160,#1161,#1162,#1163,#1164,#1165,#1166,#1167,#1168,#1169,
    #1170,#1171,#1172,#1173,#1174,#1175,#1176,#1177,#1178,#1179,#1180,
    #1181,#1182,#1183,#1184,#1185,#1186,#1187,#1188,#1189,#1190,#1191,
    #1192,#1193,#1194,#1195,#1196,#1197),.UNSPECIFIED.,.F.,.F.,(9,7,7,7,
    7,7,9),(0.,9.038621219447E-02,0.18737135142,0.281002010971,
    0.494390221529,0.87417568783,1.),.UNSPECIFIED.);
#1154 = CARTESIAN_POINT('',(-8.703447592765,24.5,-8.881784197001E-16));
#1155 = CARTESIAN_POINT('',(-8.511176374834,24.568302957912,
    -9.294949796758E-16));
#1156 = CARTESIAN_POINT('',(-8.318394441904,24.633800700063,
    8.88601801583E-04));
#1157 = CARTESIAN_POINT('',(-8.125154283717,24.696639821863,
    2.538188154504E-03));
#1158 = CARTESIAN_POINT('',(-7.931501269253,24.756945828208,
    4.839574831601E-03));
#1159 = CARTESIAN_POINT('',(-7.737474459238,24.814828268594,
    7.697840095742E-03));
#1160 = CARTESIAN_POINT('',(-7.543107197494,24.870384500855,
    1.102920620198E-02));
#1161 = CARTESIAN_POINT('',(-7.348427481113,24.92370208356,
    1.475897293494E-02));
#1162 = CARTESIAN_POINT('',(-6.944254391414,25.029752438763,
    2.317855809765E-02));
#1163 = CARTESIAN_POINT('',(-6.734719922679,25.082157778314,
    2.791840323301E-02));
#1164 = CARTESIAN_POINT('',(-6.524884435009,25.132172524569,
    3.295789803905E-02));
#1165 = CARTESIAN_POINT('',(-6.31477453797,25.179882182751,
    3.822454050869E-02));
#1166 = CARTESIAN_POINT('',(-6.104413883887,25.225362536449,
    4.365422977823E-02));
#1167 = CARTESIAN_POINT('',(-5.89382333277,25.268681129662,
    4.919002872952E-02));
#1168 = CARTESIAN_POINT('',(-5.683021117235,25.309898748829,
    5.478092659199E-02));
#1169 = CARTESIAN_POINT('',(-5.268322808189,25.386888191469,
    6.578659738378E-02));
#1170 = CARTESIAN_POINT('',(-5.064440980818,25.422798812764,
    7.120080294361E-02));
#1171 = CARTESIAN_POINT('',(-4.860392185656,25.456852197132,
    7.65818637273E-02));
#1172 = CARTESIAN_POINT('',(-4.65619000257,25.489092706124,
    8.189270256843E-02));
#1173 = CARTESIAN_POINT('',(-4.451846967272,25.519560129927,
    8.71001081702E-02));
#1174 = CARTESIAN_POINT('',(-4.247374607632,25.548290182834,
    9.217432364439E-02));
#1175 = CARTESIAN_POINT('',(-4.042783479993,25.57531499871,
    9.708863505032E-02));
#1176 = CARTESIAN_POINT('',(-3.371562671631,25.658434215076,
    0.112599569268));
#1177 = CARTESIAN_POINT('',(-2.904481067861,25.707497836286,
    0.122424461074));
#1178 = CARTESIAN_POINT('',(-2.436948233939,25.748197401516,
    0.13101002667));
#1179 = CARTESIAN_POINT('',(-1.969065498388,25.780786909803,
    0.138145539245));
#1180 = CARTESIAN_POINT('',(-1.500926372585,25.805449008316,
    0.14367967699));
#1181 = CARTESIAN_POINT('',(-1.032616985729,25.822305796109,
    0.147511868864));
#1182 = CARTESIAN_POINT('',(-0.564216260661,25.831422871147,
    0.149588462994));
#1183 = CARTESIAN_POINT('',(0.737892549007,25.83526939913,0.150464803778
    ));
#1184 = CARTESIAN_POINT('',(1.571060247243,25.81322949091,0.145449564866
    ));
#1185 = CARTESIAN_POINT('',(2.403666897411,25.766811926697,
    0.134818977486));
#1186 = CARTESIAN_POINT('',(3.235475715178,25.695415689129,0.1190535573)
  );
#1187 = CARTESIAN_POINT('',(4.066055499407,25.598008856612,
    9.898420038077E-02));
#1188 = CARTESIAN_POINT('',(4.894725504785,25.472678212961,
    7.61708037339E-02));
#1189 = CARTESIAN_POINT('',(5.720551506798,25.316892071262,
    5.276916582498E-02));
#1190 = CARTESIAN_POINT('',(6.814454623432,25.06266527605,
    2.610224272294E-02));
#1191 = CARTESIAN_POINT('',(7.086215206889,24.995540293756,
    1.98364120854E-02));
#1192 = CARTESIAN_POINT('',(7.357468369532,24.924384954817,
    1.40842351131E-02));
#1193 = CARTESIAN_POINT('',(7.628154961823,24.84900131109,
    9.012894863487E-03));
#1194 = CARTESIAN_POINT('',(7.89819959445,24.769163460159,
    4.815591357122E-03));
#1195 = CARTESIAN_POINT('',(8.167509298429,24.684608401185,
    1.719555846542E-03));
#1196 = CARTESIAN_POINT('',(8.435970968923,24.595019133792,
    -2.262651023511E-16));
#1197 = CARTESIAN_POINT('',(8.703447592765,24.5,0.));
#1198 = PCURVE('',#305,#1199);
#1199 = DEFINITIONAL_REPRESENTATION('',(#1200),#1245);
#1200 = B_SPLINE_CURVE_WITH_KNOTS('',8,(#1201,#1202,#1203,#1204,#1205,
    #1206,#1207,#1208,#1209,#1210,#1211,#1212,#1213,#1214,#1215,#1216,
    #1217,#1218,#1219,#1220,#1221,#1222,#1223,#1224,#1225,#1226,#1227,
    #1228,#1229,#1230,#1231,#1232,#1233,#1234,#1235,#1236,#1237,#1238,
    #1239,#1240,#1241,#1242,#1243,#1244),.UNSPECIFIED.,.F.,.F.,(9,7,7,7,
    7,7,9),(0.,9.038621219447E-02,0.18737135142,0.281002010971,
    0.494390221529,0.87417568783,1.),.UNSPECIFIED.);
#1201 = CARTESIAN_POINT('',(1.912134098994,0.836448659158));
#1202 = CARTESIAN_POINT('',(1.904286294181,0.836448659158));
#1203 = CARTESIAN_POINT('',(1.896456096319,0.836482836112));
#1204 = CARTESIAN_POINT('',(1.888641597045,0.836546281847));
#1205 = CARTESIAN_POINT('',(1.880841191596,0.836634803879));
#1206 = CARTESIAN_POINT('',(1.87305348029,0.836744760922));
#1207 = CARTESIAN_POINT('',(1.865277193946,0.836872940269));
#1208 = CARTESIAN_POINT('',(1.857511143241,0.837016477019));
#1209 = CARTESIAN_POINT('',(1.84143092037,0.837340567268));
#1210 = CARTESIAN_POINT('',(1.833118230505,0.837523050992));
#1211 = CARTESIAN_POINT('',(1.824814787355,0.837717115814));
#1212 = CARTESIAN_POINT('',(1.816519445286,0.837919979245));
#1213 = CARTESIAN_POINT('',(1.808231213146,0.838129179264));
#1214 = CARTESIAN_POINT('',(1.799949219345,0.838342526752));
#1215 = CARTESIAN_POINT('',(1.791672676927,0.838558057935));
#1216 = CARTESIAN_POINT('',(1.775415122741,0.838982447231));
#1217 = CARTESIAN_POINT('',(1.767433829471,0.839191279494));
#1218 = CARTESIAN_POINT('',(1.759456334243,0.839398889302));
#1219 = CARTESIAN_POINT('',(1.751482094396,0.839603844894));
#1220 = CARTESIAN_POINT('',(1.743510644776,0.839804861606));
#1221 = CARTESIAN_POINT('',(1.735541583313,0.840000786426));
#1222 = CARTESIAN_POINT('',(1.727574556598,0.840190582544));
#1223 = CARTESIAN_POINT('',(1.701455966428,0.840789766383));
#1224 = CARTESIAN_POINT('',(1.68331182624,0.841169520946));
#1225 = CARTESIAN_POINT('',(1.66517293161,0.841501553997));
#1226 = CARTESIAN_POINT('',(1.647037024014,0.841777632004));
#1227 = CARTESIAN_POINT('',(1.628902886686,0.841991818648));
#1228 = CARTESIAN_POINT('',(1.610769841233,0.842140159562));
#1229 = CARTESIAN_POINT('',(1.592637333842,0.842220544693));
#1230 = CARTESIAN_POINT('',(1.542232235125,0.84225446802));
#1231 = CARTESIAN_POINT('',(1.509981615674,0.842060330842));
#1232 = CARTESIAN_POINT('',(1.47773494007,0.841648789391));
#1233 = CARTESIAN_POINT('',(1.445480486132,0.841038752785));
#1234 = CARTESIAN_POINT('',(1.413210962133,0.840262903292));
#1235 = CARTESIAN_POINT('',(1.380910092279,0.839382276415));
#1236 = CARTESIAN_POINT('',(1.348553931313,0.838480199569));
#1237 = CARTESIAN_POINT('',(1.30531409418,0.837453114311));
#1238 = CARTESIAN_POINT('',(1.294540413081,0.837211866929));
#1239 = CARTESIAN_POINT('',(1.283750948634,0.836990468949));
#1240 = CARTESIAN_POINT('',(1.272942951212,0.836795335874));
#1241 = CARTESIAN_POINT('',(1.262113474986,0.836633874729));
#1242 = CARTESIAN_POINT('',(1.251259175054,0.836514795648));
#1243 = CARTESIAN_POINT('',(1.240375967814,0.836448659158));
#1244 = CARTESIAN_POINT('',(1.229458554595,0.836448659158));
#1245 = ( GEOMETRIC_REPRESENTATION_CONTEXT(2) 
PARAMETRIC_REPRESENTATION_CONTEXT() REPRESENTATION_CONTEXT('2D SPACE',''
  ) );
#1246 = PCURVE('',#1247,#1252);
#1247 = CYLINDRICAL_SURFACE('',#1248,6.);
#1248 = AXIS2_PLACEMENT_3D('',#1249,#1250,#1251);
#1249 = CARTESIAN_POINT('',(19.5,24.5,6.));
#1250 = DIRECTION('',(-1.,0.,0.));
#1251 = DIRECTION('',(0.,1.,-0.));
#1252 = DEFINITIONAL_REPRESENTATION('',(#1253),#1298);
#1253 = B_SPLINE_CURVE_WITH_KNOTS('',8,(#1254,#1255,#1256,#1257,#1258,
    #1259,#1260,#1261,#1262,#1263,#1264,#1265,#1266,#1267,#1268,#1269,
    #1270,#1271,#1272,#1273,#1274,#1275,#1276,#1277,#1278,#1279,#1280,
    #1281,#1282,#1283,#1284,#1285,#1286,#1287,#1288,#1289,#1290,#1291,
    #1292,#1293,#1294,#1295,#1296,#1297),.UNSPECIFIED.,.F.,.F.,(9,7,7,7,
    7,7,9),(0.,9.038621219447E-02,0.18737135142,0.281002010971,
    0.494390221529,0.87417568783,1.),.UNSPECIFIED.);
#1254 = CARTESIAN_POINT('',(1.570796326795,28.203447592765));
#1255 = CARTESIAN_POINT('',(1.559412500476,28.011176374834));
#1256 = CARTESIAN_POINT('',(1.548496208818,27.818394441905));
#1257 = CARTESIAN_POINT('',(1.538020777373,27.625154283717));
#1258 = CARTESIAN_POINT('',(1.527963805042,27.431501269253));
#1259 = CARTESIAN_POINT('',(1.518306096204,27.237474459238));
#1260 = CARTESIAN_POINT('',(1.509030875742,27.043107197494));
#1261 = CARTESIAN_POINT('',(1.500123286959,26.848427481113));
#1262 = CARTESIAN_POINT('',(1.482392611051,26.444254391414));
#1263 = CARTESIAN_POINT('',(1.473623257204,26.234719922679));
#1264 = CARTESIAN_POINT('',(1.465245970424,26.024884435009));
#1265 = CARTESIAN_POINT('',(1.457246743885,25.81477453797));
#1266 = CARTESIAN_POINT('',(1.449613399226,25.604413883887));
#1267 = CARTESIAN_POINT('',(1.442335281407,25.39382333277));
#1268 = CARTESIAN_POINT('',(1.43540295358,25.183021117235));
#1269 = CARTESIAN_POINT('',(1.422440937418,24.768322808189));
#1270 = CARTESIAN_POINT('',(1.416388366881,24.564440980818));
#1271 = CARTESIAN_POINT('',(1.410642613818,24.360392185656));
#1272 = CARTESIAN_POINT('',(1.405196997659,24.15619000257));
#1273 = CARTESIAN_POINT('',(1.40004562243,23.951846967272));
#1274 = CARTESIAN_POINT('',(1.395183275404,23.747374607632));
#1275 = CARTESIAN_POINT('',(1.39060532575,23.542783479993));
#1276 = CARTESIAN_POINT('',(1.37651297833,22.871562671631));
#1277 = CARTESIAN_POINT('',(1.368174082846,22.404481067861));
#1278 = CARTESIAN_POINT('',(1.361242024659,21.936948233939));
#1279 = CARTESIAN_POINT('',(1.355681924429,21.469065498388));
#1280 = CARTESIAN_POINT('',(1.351469376064,21.000926372585));
#1281 = CARTESIAN_POINT('',(1.34858824222,20.532616985729));
#1282 = CARTESIAN_POINT('',(1.347029804775,20.064216260661));
#1283 = CARTESIAN_POINT('',(1.346372289446,18.762107450993));
#1284 = CARTESIAN_POINT('',(1.350139832064,17.928939752708));
#1285 = CARTESIAN_POINT('',(1.358075402031,17.096333102664));
#1286 = CARTESIAN_POINT('',(1.370262671861,16.264524284764));
#1287 = CARTESIAN_POINT('',(1.386832378873,15.43394450062));
#1288 = CARTESIAN_POINT('',(1.408053294264,14.60527449521));
#1289 = CARTESIAN_POINT('',(1.434282879115,13.779448493202));
#1290 = CARTESIAN_POINT('',(1.476886474487,12.685545376568));
#1291 = CARTESIAN_POINT('',(1.488121882537,12.413784793111));
#1292 = CARTESIAN_POINT('',(1.500018200381,12.142531630468));
#1293 = CARTESIAN_POINT('',(1.512608130993,11.871845038177));
#1294 = CARTESIAN_POINT('',(1.525929715409,11.60180040555));
#1295 = CARTESIAN_POINT('',(1.540028250665,11.332490701571));
#1296 = CARTESIAN_POINT('',(1.554959804496,11.064029031077));
#1297 = CARTESIAN_POINT('',(1.570796326795,10.796552407235));
#1298 = ( GEOMETRIC_REPRESENTATION_CONTEXT(2) 
PARAMETRIC_REPRESENTATION_CONTEXT() REPRESENTATION_CONTEXT('2D SPACE',''
  ) );
#1299 = ORIENTED_EDGE('',*,*,#1300,.T.);
#1300 = EDGE_CURVE('',#1150,#1301,#1303,.T.);
#1301 = VERTEX_POINT('',#1302);
#1302 = CARTESIAN_POINT('',(-24.5,8.703447592765,-4.440892098501E-16));
#1303 = SURFACE_CURVE('',#1304,(#1309,#1316),.PCURVE_S1.);
#1304 = CIRCLE('',#1305,26.);
#1305 = AXIS2_PLACEMENT_3D('',#1306,#1307,#1308);
#1306 = CARTESIAN_POINT('',(0.,0.,0.));
#1307 = DIRECTION('',(0.,0.,1.));
#1308 = DIRECTION('',(1.,0.,-0.));
#1309 = PCURVE('',#305,#1310);
#1310 = DEFINITIONAL_REPRESENTATION('',(#1311),#1315);
#1311 = LINE('',#1312,#1313);
#1312 = CARTESIAN_POINT('',(0.,0.836448659158));
#1313 = VECTOR('',#1314,1.);
#1314 = DIRECTION('',(1.,0.));
#1315 = ( GEOMETRIC_REPRESENTATION_CONTEXT(2) 
PARAMETRIC_REPRESENTATION_CONTEXT() REPRESENTATION_CONTEXT('2D SPACE',''
  ) );
#1316 = PCURVE('',#1317,#1322);
#1317 = PLANE('',#1318);
#1318 = AXIS2_PLACEMENT_3D('',#1319,#1320,#1321);
#1319 = CARTESIAN_POINT('',(0.,0.,0.));
#1320 = DIRECTION('',(0.,0.,1.));
#1321 = DIRECTION('',(1.,0.,-0.));
#1322 = DEFINITIONAL_REPRESENTATION('',(#1323),#1327);
#1323 = CIRCLE('',#1324,26.);
#1324 = AXIS2_PLACEMENT_2D('',#1325,#1326);
#1325 = CARTESIAN_POINT('',(0.,0.));
#1326 = DIRECTION('',(1.,0.));
#1327 = ( GEOMETRIC_REPRESENTATION_CONTEXT(2) 
PARAMETRIC_REPRESENTATION_CONTEXT() REPRESENTATION_CONTEXT('2D SPACE',''
  ) );
#1328 = ORIENTED_EDGE('',*,*,#1329,.F.);
#1329 = EDGE_CURVE('',#1330,#1301,#1332,.T.);
#1330 = VERTEX_POINT('',#1331);
#1331 = CARTESIAN_POINT('',(-24.5,-8.703447592765,-4.440892098501E-16));
#1332 = SURFACE_CURVE('',#1333,(#1378,#1426),.PCURVE_S1.);
#1333 = B_SPLINE_CURVE_WITH_KNOTS('',8,(#1334,#1335,#1336,#1337,#1338,
    #1339,#1340,#1341,#1342,#1343,#1344,#1345,#1346,#1347,#1348,#1349,
    #1350,#1351,#1352,#1353,#1354,#1355,#1356,#1357,#1358,#1359,#1360,
    #1361,#1362,#1363,#1364,#1365,#1366,#1367,#1368,#1369,#1370,#1371,
    #1372,#1373,#1374,#1375,#1376,#1377),.UNSPECIFIED.,.F.,.F.,(9,7,7,7,
    7,7,9),(0.,9.088606759253E-02,0.187906774416,0.281250901241,
    0.492380996668,0.874176358218,1.),.UNSPECIFIED.);
#1334 = CARTESIAN_POINT('',(-24.5,-8.703447592765,-8.881784197001E-16));
#1335 = CARTESIAN_POINT('',(-24.56868078538,-8.510112799396,
    -8.839729345009E-16));
#1336 = CARTESIAN_POINT('',(-24.63452522699,-8.316261648141,
    8.984592219614E-04));
#1337 = CARTESIAN_POINT('',(-24.69768237309,-8.121947480641,
    2.565632775784E-03));
#1338 = CARTESIAN_POINT('',(-24.7582797105,-7.927216371509,
    4.890616225224E-03));
#1339 = CARTESIAN_POINT('',(-24.81642843756,-7.732107962046,
    7.777063610785E-03));
#1340 = CARTESIAN_POINT('',(-24.87222732497,-7.536656066335,
    1.113998883735E-02));
#1341 = CARTESIAN_POINT('',(-24.92576516426,-7.340889049706,
    1.490365042656E-02));
#1342 = CARTESIAN_POINT('',(-25.03194492068,-6.935537289647,
    2.337391983481E-02));
#1343 = CARTESIAN_POINT('',(-25.08428189641,-6.725914558925,
    2.812684217289E-02));
#1344 = CARTESIAN_POINT('',(-25.13422924698,-6.515991442628,
    3.317731878472E-02));
#1345 = CARTESIAN_POINT('',(-25.18187231212,-6.305794485852,
    3.845299534983E-02));
#1346 = CARTESIAN_POINT('',(-25.22728673236,-6.095347287603,
    4.388989809493E-02));
#1347 = CARTESIAN_POINT('',(-25.27053992585,-5.884670664826,
    4.943120079819E-02));
#1348 = CARTESIAN_POINT('',(-25.3116925652,-5.673782816439,
    5.502599179337E-02));
#1349 = CARTESIAN_POINT('',(-25.38842557296,-5.259615118208,
    6.601780163789E-02));
#1350 = CARTESIAN_POINT('',(-25.42415775817,-5.056350740183,
    7.141431023096E-02));
#1351 = CARTESIAN_POINT('',(-25.4580454396,-4.852920841065,
    7.677671534311E-02));
#1352 = CARTESIAN_POINT('',(-25.49013245624,-4.649338845428,
    8.206837840407E-02));
#1353 = CARTESIAN_POINT('',(-25.52045814256,-4.445617150201,
    8.725646991327E-02));
#1354 = CARTESIAN_POINT('',(-25.54905781472,-4.241767160235,
    9.231156566954E-02));
#1355 = CARTESIAN_POINT('',(-25.57596325682,-4.037799323866,
    9.720724300076E-02));
#1356 = CARTESIAN_POINT('',(-25.65829210273,-3.372134211279,
    0.112578479775));
#1357 = CARTESIAN_POINT('',(-25.70685966287,-2.90999671295,0.1222997389)
  );
#1358 = CARTESIAN_POINT('',(-25.74723752484,-2.447417069004,
    0.130809158227));
#1359 = CARTESIAN_POINT('',(-25.77967218494,-1.984493491178,
    0.13790224334));
#1360 = CARTESIAN_POINT('',(-25.80434165275,-1.521316661724,
    0.143431516102));
#1361 = CARTESIAN_POINT('',(-25.8213657413,-1.057970144912,
    0.147298271399));
#1362 = CARTESIAN_POINT('',(-25.83080999305,-0.594530555739,
    0.149448876085));
#1363 = CARTESIAN_POINT('',(-25.83607071572,0.707032122705,
    0.150647291105));
#1364 = CARTESIAN_POINT('',(-25.81469372482,1.544615191837,
    0.145784254148));
#1365 = CARTESIAN_POINT('',(-25.76869343241,2.381649734075,
    0.135235901095));
#1366 = CARTESIAN_POINT('',(-25.69747422001,3.217893376995,
    0.119477545453));
#1367 = CARTESIAN_POINT('',(-25.59999520878,4.052905286696,
    9.934628404488E-02));
#1368 = CARTESIAN_POINT('',(-25.47432487789,4.885988482722,
    7.641848564195E-02));
#1369 = CARTESIAN_POINT('',(-25.31790369405,5.716198632317,
    5.287527921591E-02));
#1370 = CARTESIAN_POINT('',(-25.06266527605,6.814454623432,
    2.610224272293E-02));
#1371 = CARTESIAN_POINT('',(-24.99554029375,7.086215206889,
    1.983641208541E-02));
#1372 = CARTESIAN_POINT('',(-24.92438495481,7.357468369532,
    1.40842351131E-02));
#1373 = CARTESIAN_POINT('',(-24.84900131109,7.628154961823,
    9.012894863484E-03));
#1374 = CARTESIAN_POINT('',(-24.76916346015,7.89819959445,
    4.81559135712E-03));
#1375 = CARTESIAN_POINT('',(-24.68460840118,8.167509298429,
    1.719555846545E-03));
#1376 = CARTESIAN_POINT('',(-24.59501913379,8.435970968923,
    -8.823601757973E-16));
#1377 = CARTESIAN_POINT('',(-24.5,8.703447592765,-8.881784197001E-16));
#1378 = PCURVE('',#305,#1379);
#1379 = DEFINITIONAL_REPRESENTATION('',(#1380),#1425);
#1380 = B_SPLINE_CURVE_WITH_KNOTS('',8,(#1381,#1382,#1383,#1384,#1385,
    #1386,#1387,#1388,#1389,#1390,#1391,#1392,#1393,#1394,#1395,#1396,
    #1397,#1398,#1399,#1400,#1401,#1402,#1403,#1404,#1405,#1406,#1407,
    #1408,#1409,#1410,#1411,#1412,#1413,#1414,#1415,#1416,#1417,#1418,
    #1419,#1420,#1421,#1422,#1423,#1424),.UNSPECIFIED.,.F.,.F.,(9,7,7,7,
    7,7,9),(0.,9.088606759253E-02,0.187906774416,0.281250901241,
    0.492380996668,0.874176358218,1.),.UNSPECIFIED.);
#1381 = CARTESIAN_POINT('',(3.482930425789,0.836448659158));
#1382 = CARTESIAN_POINT('',(3.475039209733,0.836448659158));
#1383 = CARTESIAN_POINT('',(3.467165796875,0.836483215242));
#1384 = CARTESIAN_POINT('',(3.459308246081,0.836547337412));
#1385 = CARTESIAN_POINT('',(3.451464926995,0.83663676717));
#1386 = CARTESIAN_POINT('',(3.443634418858,0.836747808642));
#1387 = CARTESIAN_POINT('',(3.435815433983,0.836877202806));
#1388 = CARTESIAN_POINT('',(3.428006765892,0.83702204482));
#1389 = CARTESIAN_POINT('',(3.411881306427,0.837348088536));
#1390 = CARTESIAN_POINT('',(3.403565900122,0.837531077293));
#1391 = CARTESIAN_POINT('',(3.395259710844,0.837725566804));
#1392 = CARTESIAN_POINT('',(3.386961595332,0.837928780199));
#1393 = CARTESIAN_POINT('',(3.378670564577,0.838138260272));
#1394 = CARTESIAN_POINT('',(3.370385748985,0.838351822099));
#1395 = CARTESIAN_POINT('',(3.362106363543,0.838567505642));
#1396 = CARTESIAN_POINT('',(3.345870550153,0.838991364948));
#1397 = CARTESIAN_POINT('',(3.337913811587,0.83919951668));
#1398 = CARTESIAN_POINT('',(3.329960830906,0.83940640859));
#1399 = CARTESIAN_POINT('',(3.322011072247,0.839610625799));
#1400 = CARTESIAN_POINT('',(3.314064076099,0.839810898365));
#1401 = CARTESIAN_POINT('',(3.306119445137,0.840006086129));
#1402 = CARTESIAN_POINT('',(3.298176830052,0.84019516356));
#1403 = CARTESIAN_POINT('',(3.27227478458,0.840788953497));
#1404 = CARTESIAN_POINT('',(3.254322572238,0.84116470142));
#1405 = CARTESIAN_POINT('',(3.236375518428,0.841493786485));
#1406 = CARTESIAN_POINT('',(3.218431426701,0.841768219093));
#1407 = CARTESIAN_POINT('',(3.200489101019,0.841982214286));
#1408 = CARTESIAN_POINT('',(3.182547867542,0.842131891439));
#1409 = CARTESIAN_POINT('',(3.164607181318,0.842215141277));
#1410 = CARTESIAN_POINT('',(3.114223105753,0.842261532106));
#1411 = CARTESIAN_POINT('',(3.081802159269,0.842073287159));
#1412 = CARTESIAN_POINT('',(3.049384966658,0.841664923066));
#1413 = CARTESIAN_POINT('',(3.01695991836,0.841055143148));
#1414 = CARTESIAN_POINT('',(2.984519856692,0.840276880517));
#1415 = CARTESIAN_POINT('',(2.952048727705,0.839391823944));
#1416 = CARTESIAN_POINT('',(2.919522318669,0.838484286561));
#1417 = CARTESIAN_POINT('',(2.876110420974,0.837453114311));
#1418 = CARTESIAN_POINT('',(2.865336739876,0.837211866929));
#1419 = CARTESIAN_POINT('',(2.854547275429,0.836990468949));
#1420 = CARTESIAN_POINT('',(2.843739278007,0.836795335874));
#1421 = CARTESIAN_POINT('',(2.832909801781,0.836633874729));
#1422 = CARTESIAN_POINT('',(2.822055501848,0.836514795648));
#1423 = CARTESIAN_POINT('',(2.811172294608,0.836448659158));
#1424 = CARTESIAN_POINT('',(2.80025488139,0.836448659158));
#1425 = ( GEOMETRIC_REPRESENTATION_CONTEXT(2) 
PARAMETRIC_REPRESENTATION_CONTEXT() REPRESENTATION_CONTEXT('2D SPACE',''
  ) );
#1426 = PCURVE('',#1427,#1432);
#1427 = CYLINDRICAL_SURFACE('',#1428,6.);
#1428 = AXIS2_PLACEMENT_3D('',#1429,#1430,#1431);
#1429 = CARTESIAN_POINT('',(-24.5,19.5,6.));
#1430 = DIRECTION('',(0.,-1.,0.));
#1431 = DIRECTION('',(-1.,-0.,0.));
#1432 = DEFINITIONAL_REPRESENTATION('',(#1433),#1478);
#1433 = B_SPLINE_CURVE_WITH_KNOTS('',8,(#1434,#1435,#1436,#1437,#1438,
    #1439,#1440,#1441,#1442,#1443,#1444,#1445,#1446,#1447,#1448,#1449,
    #1450,#1451,#1452,#1453,#1454,#1455,#1456,#1457,#1458,#1459,#1460,
    #1461,#1462,#1463,#1464,#1465,#1466,#1467,#1468,#1469,#1470,#1471,
    #1472,#1473,#1474,#1475,#1476,#1477),.UNSPECIFIED.,.F.,.F.,(9,7,7,7,
    7,7,9),(0.,9.088606759253E-02,0.187906774416,0.281250901241,
    0.492380996668,0.874176358218,1.),.UNSPECIFIED.);
#1434 = CARTESIAN_POINT('',(1.570796326795,28.203447592765));
#1435 = CARTESIAN_POINT('',(1.559349529231,28.010112799396));
#1436 = CARTESIAN_POINT('',(1.548375454285,27.816261648141));
#1437 = CARTESIAN_POINT('',(1.5378469814,27.621947480641));
#1438 = CARTESIAN_POINT('',(1.527741358558,27.427216371508));
#1439 = CARTESIAN_POINT('',(1.518039105775,27.232107962046));
#1440 = CARTESIAN_POINT('',(1.508723209941,27.036656066335));
#1441 = CARTESIAN_POINT('',(1.499778610965,26.840889049706));
#1442 = CARTESIAN_POINT('',(1.482025766016,26.435537289647));
#1443 = CARTESIAN_POINT('',(1.473267560991,26.225914558925));
#1444 = CARTESIAN_POINT('',(1.464901263487,26.015991442628));
#1445 = CARTESIAN_POINT('',(1.456912900331,25.805794485852));
#1446 = CARTESIAN_POINT('',(1.449290321834,25.595347287603));
#1447 = CARTESIAN_POINT('',(1.442022897739,25.384670664826));
#1448 = CARTESIAN_POINT('',(1.435101213181,25.173782816439));
#1449 = CARTESIAN_POINT('',(1.422181832429,24.759615118208));
#1450 = CARTESIAN_POINT('',(1.416159105789,24.556350740183));
#1451 = CARTESIAN_POINT('',(1.410441113161,24.352920841065));
#1452 = CARTESIAN_POINT('',(1.405021255184,24.149338845428));
#1453 = CARTESIAN_POINT('',(1.399893705236,23.945617150201));
#1454 = CARTESIAN_POINT('',(1.39505330998,23.741767160235));
#1455 = CARTESIAN_POINT('',(1.390495489901,23.537799323866));
#1456 = CARTESIAN_POINT('',(1.376536906531,22.872134211279));
#1457 = CARTESIAN_POINT('',(1.368282443878,22.409996712949));
#1458 = CARTESIAN_POINT('',(1.361405455386,21.947417069004));
#1459 = CARTESIAN_POINT('',(1.355872079218,21.484493491178));
#1460 = CARTESIAN_POINT('',(1.351658512373,21.021316661724));
#1461 = CARTESIAN_POINT('',(1.348748911012,20.557970144912));
#1462 = CARTESIAN_POINT('',(1.347134566947,20.094530555739));
#1463 = CARTESIAN_POINT('',(1.346235317236,18.792967877295));
#1464 = CARTESIAN_POINT('',(1.349889471201,17.955384808086));
#1465 = CARTESIAN_POINT('',(1.357754246436,17.118350266033));
#1466 = CARTESIAN_POINT('',(1.369912460733,16.282106622926));
#1467 = CARTESIAN_POINT('',(1.386496050144,15.447094713337));
#1468 = CARTESIAN_POINT('',(1.407776038216,14.614011517271));
#1469 = CARTESIAN_POINT('',(1.434113350296,13.783801367683));
#1470 = CARTESIAN_POINT('',(1.476886474487,12.685545376568));
#1471 = CARTESIAN_POINT('',(1.488121882537,12.413784793111));
#1472 = CARTESIAN_POINT('',(1.500018200381,12.142531630468));
#1473 = CARTESIAN_POINT('',(1.512608130993,11.871845038177));
#1474 = CARTESIAN_POINT('',(1.525929715409,11.60180040555));
#1475 = CARTESIAN_POINT('',(1.540028250665,11.332490701571));
#1476 = CARTESIAN_POINT('',(1.554959804496,11.064029031077));
#1477 = CARTESIAN_POINT('',(1.570796326795,10.796552407235));
#1478 = ( GEOMETRIC_REPRESENTATION_CONTEXT(2) 
PARAMETRIC_REPRESENTATION_CONTEXT() REPRESENTATION_CONTEXT('2D SPACE',''
  ) );
#1479 = ORIENTED_EDGE('',*,*,#1480,.T.);
#1480 = EDGE_CURVE('',#1330,#180,#1481,.T.);
#1481 = SURFACE_CURVE('',#1482,(#1487,#1494),.PCURVE_S1.);
#1482 = CIRCLE('',#1483,26.);
#1483 = AXIS2_PLACEMENT_3D('',#1484,#1485,#1486);
#1484 = CARTESIAN_POINT('',(0.,0.,0.));
#1485 = DIRECTION('',(0.,0.,1.));
#1486 = DIRECTION('',(1.,0.,-0.));
#1487 = PCURVE('',#305,#1488);
#1488 = DEFINITIONAL_REPRESENTATION('',(#1489),#1493);
#1489 = LINE('',#1490,#1491);
#1490 = CARTESIAN_POINT('',(0.,0.836448659158));
#1491 = VECTOR('',#1492,1.);
#1492 = DIRECTION('',(1.,0.));
#1493 = ( GEOMETRIC_REPRESENTATION_CONTEXT(2) 
PARAMETRIC_REPRESENTATION_CONTEXT() REPRESENTATION_CONTEXT('2D SPACE',''
  ) );
#1494 = PCURVE('',#195,#1495);
#1495 = DEFINITIONAL_REPRESENTATION('',(#1496),#1500);
#1496 = CIRCLE('',#1497,26.);
#1497 = AXIS2_PLACEMENT_2D('',#1498,#1499);
#1498 = CARTESIAN_POINT('',(0.,0.));
#1499 = DIRECTION('',(1.,0.));
#1500 = ( GEOMETRIC_REPRESENTATION_CONTEXT(2) 
PARAMETRIC_REPRESENTATION_CONTEXT() REPRESENTATION_CONTEXT('2D SPACE',''
  ) );
#1501 = ORIENTED_EDGE('',*,*,#207,.F.);
#1502 = ORIENTED_EDGE('',*,*,#988,.T.);
#1503 = ORIENTED_EDGE('',*,*,#1504,.F.);
#1504 = EDGE_CURVE('',#1041,#989,#1505,.T.);
#1505 = SURFACE_CURVE('',#1506,(#1523,#1543),.PCURVE_S1.);
#1506 = B_SPLINE_CURVE_WITH_KNOTS('',8,(#1507,#1508,#1509,#1510,#1511,
    #1512,#1513,#1514,#1515,#1516,#1517,#1518,#1519,#1520,#1521,#1522),
  .UNSPECIFIED.,.F.,.F.,(9,7,9),(0.,0.748425770331,1.),.UNSPECIFIED.);
#1507 = CARTESIAN_POINT('',(25.832948112689,-7.105427357601E-15,
    0.149935955147));
#1508 = CARTESIAN_POINT('',(25.832948112689,-0.821704219341,
    0.149935955147));
#1509 = CARTESIAN_POINT('',(25.809149031107,-1.642858854189,
    0.144517495284));
#1510 = CARTESIAN_POINT('',(25.761626909726,-2.463451088928,
    0.133676708001));
#1511 = CARTESIAN_POINT('',(25.689780685978,-3.283227257082,
    0.11789626607));
#1512 = CARTESIAN_POINT('',(25.592584832745,-4.101781830878,
    9.800031401885E-02));
#1513 = CARTESIAN_POINT('',(25.46819593604,-4.918452354261,
    7.549905561649E-02));
#1514 = CARTESIAN_POINT('',(25.314145750967,-5.732368547276,
    5.248109268126E-02));
#1515 = CARTESIAN_POINT('',(25.062665276005,-6.814454623624,
    2.610224271824E-02));
#1516 = CARTESIAN_POINT('',(24.995540293661,-7.086215207274,
    1.983641207652E-02));
#1517 = CARTESIAN_POINT('',(24.924384954666,-7.357468370109,
    1.408423510087E-02));
#1518 = CARTESIAN_POINT('',(24.849001310876,-7.62815496259,
    9.012894849118E-03));
#1519 = CARTESIAN_POINT('',(24.769163459876,-7.898199595406,
    4.815591342254E-03));
#1520 = CARTESIAN_POINT('',(24.684608400825,-8.167509299574,
    1.719555833378E-03));
#1521 = CARTESIAN_POINT('',(24.595019133347,-8.435970970255,
    -8.529584627198E-12));
#1522 = CARTESIAN_POINT('',(24.499999999461,-8.703447594281,0.));
#1523 = PCURVE('',#305,#1524);
#1524 = DEFINITIONAL_REPRESENTATION('',(#1525),#1542);
#1525 = B_SPLINE_CURVE_WITH_KNOTS('',8,(#1526,#1527,#1528,#1529,#1530,
    #1531,#1532,#1533,#1534,#1535,#1536,#1537,#1538,#1539,#1540,#1541),
  .UNSPECIFIED.,.F.,.F.,(9,7,9),(0.,0.748425770331,1.),.UNSPECIFIED.);
#1526 = CARTESIAN_POINT('',(6.28318530718,0.842233996185));
#1527 = CARTESIAN_POINT('',(6.251376927596,0.842233996185));
#1528 = CARTESIAN_POINT('',(6.219589716912,0.842024249142));
#1529 = CARTESIAN_POINT('',(6.187805590657,0.841604590669));
#1530 = CARTESIAN_POINT('',(6.156014101357,0.840994015735));
#1531 = CARTESIAN_POINT('',(6.124207246375,0.840224924665));
#1532 = CARTESIAN_POINT('',(6.092369394759,0.839356382278));
#1533 = CARTESIAN_POINT('',(6.060475807347,0.838469104337));
#1534 = CARTESIAN_POINT('',(6.017703074557,0.837453114311));
#1535 = CARTESIAN_POINT('',(6.00692939345,0.837211866929));
#1536 = CARTESIAN_POINT('',(5.996139928996,0.836990468949));
#1537 = CARTESIAN_POINT('',(5.985331931566,0.836795335873));
#1538 = CARTESIAN_POINT('',(5.974502455333,0.836633874729));
#1539 = CARTESIAN_POINT('',(5.963648155392,0.836514795648));
#1540 = CARTESIAN_POINT('',(5.952764948144,0.836448659158));
#1541 = CARTESIAN_POINT('',(5.941847534918,0.836448659158));
#1542 = ( GEOMETRIC_REPRESENTATION_CONTEXT(2) 
PARAMETRIC_REPRESENTATION_CONTEXT() REPRESENTATION_CONTEXT('2D SPACE',''
  ) );
#1543 = PCURVE('',#952,#1544);
#1544 = DEFINITIONAL_REPRESENTATION('',(#1545),#1562);
#1545 = B_SPLINE_CURVE_WITH_KNOTS('',8,(#1546,#1547,#1548,#1549,#1550,
    #1551,#1552,#1553,#1554,#1555,#1556,#1557,#1558,#1559,#1560,#1561),
  .UNSPECIFIED.,.F.,.F.,(9,7,9),(0.,0.748425770331,1.),.UNSPECIFIED.);
#1546 = CARTESIAN_POINT('',(1.346769083949,19.5));
#1547 = CARTESIAN_POINT('',(1.346769083949,18.678295780659));
#1548 = CARTESIAN_POINT('',(1.350837394949,17.857141145811));
#1549 = CARTESIAN_POINT('',(1.358960331203,17.036548911072));
#1550 = CARTESIAN_POINT('',(1.37122113098,16.216772742918));
#1551 = CARTESIAN_POINT('',(1.387750664322,15.398218169122));
#1552 = CARTESIAN_POINT('',(1.408807946191,14.581547645739));
#1553 = CARTESIAN_POINT('',(1.434743110376,13.767631452724));
#1554 = CARTESIAN_POINT('',(1.476886474495,12.685545376376));
#1555 = CARTESIAN_POINT('',(1.488121882553,12.413784792726));
#1556 = CARTESIAN_POINT('',(1.500018200406,12.142531629891));
#1557 = CARTESIAN_POINT('',(1.512608131029,11.87184503741));
#1558 = CARTESIAN_POINT('',(1.525929715456,11.601800404594));
#1559 = CARTESIAN_POINT('',(1.540028250724,11.332490700426));
#1560 = CARTESIAN_POINT('',(1.55495980457,11.064029029745));
#1561 = CARTESIAN_POINT('',(1.570796326885,10.796552405719));
#1562 = ( GEOMETRIC_REPRESENTATION_CONTEXT(2) 
PARAMETRIC_REPRESENTATION_CONTEXT() REPRESENTATION_CONTEXT('2D SPACE',''
  ) );
#1563 = ORIENTED_EDGE('',*,*,#1564,.T.);
#1564 = EDGE_CURVE('',#1041,#1565,#1567,.T.);
#1565 = VERTEX_POINT('',#1566);
#1566 = CARTESIAN_POINT('',(2.6645352591E-15,0.,10.));
#1567 = SEAM_CURVE('',#1568,(#1573,#1580),.PCURVE_S1.);
#1568 = CIRCLE('',#1569,38.8);
#1569 = AXIS2_PLACEMENT_3D('',#1570,#1571,#1572);
#1570 = CARTESIAN_POINT('',(1.68753899743E-14,0.,-28.8));
#1571 = DIRECTION('',(0.,-1.,0.));
#1572 = DIRECTION('',(0.670103092784,0.,0.742268041237));
#1573 = PCURVE('',#305,#1574);
#1574 = DEFINITIONAL_REPRESENTATION('',(#1575),#1579);
#1575 = LINE('',#1576,#1577);
#1576 = CARTESIAN_POINT('',(0.,0.836448659158));
#1577 = VECTOR('',#1578,1.);
#1578 = DIRECTION('',(0.,1.));
#1579 = ( GEOMETRIC_REPRESENTATION_CONTEXT(2) 
PARAMETRIC_REPRESENTATION_CONTEXT() REPRESENTATION_CONTEXT('2D SPACE',''
  ) );
#1580 = PCURVE('',#305,#1581);
#1581 = DEFINITIONAL_REPRESENTATION('',(#1582),#1586);
#1582 = LINE('',#1583,#1584);
#1583 = CARTESIAN_POINT('',(6.28318530718,0.836448659158));
#1584 = VECTOR('',#1585,1.);
#1585 = DIRECTION('',(0.,1.));
#1586 = ( GEOMETRIC_REPRESENTATION_CONTEXT(2) 
PARAMETRIC_REPRESENTATION_CONTEXT() REPRESENTATION_CONTEXT('2D SPACE',''
  ) );
#1587 = ORIENTED_EDGE('',*,*,#1564,.F.);
#1588 = ADVANCED_FACE('',(#1589),#195,.F.);
#1589 = FACE_BOUND('',#1590,.F.);
#1590 = EDGE_LOOP('',(#1591,#1615,#1616,#1617));
#1591 = ORIENTED_EDGE('',*,*,#1592,.T.);
#1592 = EDGE_CURVE('',#1593,#141,#1595,.T.);
#1593 = VERTEX_POINT('',#1594);
#1594 = CARTESIAN_POINT('',(-24.5,-19.5,-8.881784197001E-16));
#1595 = SURFACE_CURVE('',#1596,(#1601,#1608),.PCURVE_S1.);
#1596 = CIRCLE('',#1597,5.);
#1597 = AXIS2_PLACEMENT_3D('',#1598,#1599,#1600);
#1598 = CARTESIAN_POINT('',(-19.5,-19.5,0.));
#1599 = DIRECTION('',(0.,0.,1.));
#1600 = DIRECTION('',(-1.,0.,0.));
#1601 = PCURVE('',#195,#1602);
#1602 = DEFINITIONAL_REPRESENTATION('',(#1603),#1607);
#1603 = CIRCLE('',#1604,5.);
#1604 = AXIS2_PLACEMENT_2D('',#1605,#1606);
#1605 = CARTESIAN_POINT('',(-19.5,-19.5));
#1606 = DIRECTION('',(-1.,0.));
#1607 = ( GEOMETRIC_REPRESENTATION_CONTEXT(2) 
PARAMETRIC_REPRESENTATION_CONTEXT() REPRESENTATION_CONTEXT('2D SPACE',''
  ) );
#1608 = PCURVE('',#156,#1609);
#1609 = DEFINITIONAL_REPRESENTATION('',(#1610),#1614);
#1610 = LINE('',#1611,#1612);
#1611 = CARTESIAN_POINT('',(-0.,1.570796326795));
#1612 = VECTOR('',#1613,1.);
#1613 = DIRECTION('',(-1.,0.));
#1614 = ( GEOMETRIC_REPRESENTATION_CONTEXT(2) 
PARAMETRIC_REPRESENTATION_CONTEXT() REPRESENTATION_CONTEXT('2D SPACE',''
  ) );
#1615 = ORIENTED_EDGE('',*,*,#179,.T.);
#1616 = ORIENTED_EDGE('',*,*,#1480,.F.);
#1617 = ORIENTED_EDGE('',*,*,#1618,.T.);
#1618 = EDGE_CURVE('',#1330,#1593,#1619,.T.);
#1619 = SURFACE_CURVE('',#1620,(#1624,#1631),.PCURVE_S1.);
#1620 = LINE('',#1621,#1622);
#1621 = CARTESIAN_POINT('',(-24.5,19.5,-8.881784197001E-16));
#1622 = VECTOR('',#1623,1.);
#1623 = DIRECTION('',(0.,-1.,0.));
#1624 = PCURVE('',#195,#1625);
#1625 = DEFINITIONAL_REPRESENTATION('',(#1626),#1630);
#1626 = LINE('',#1627,#1628);
#1627 = CARTESIAN_POINT('',(-24.5,19.5));
#1628 = VECTOR('',#1629,1.);
#1629 = DIRECTION('',(0.,-1.));
#1630 = ( GEOMETRIC_REPRESENTATION_CONTEXT(2) 
PARAMETRIC_REPRESENTATION_CONTEXT() REPRESENTATION_CONTEXT('2D SPACE',''
  ) );
#1631 = PCURVE('',#1427,#1632);
#1632 = DEFINITIONAL_REPRESENTATION('',(#1633),#1637);
#1633 = LINE('',#1634,#1635);
#1634 = CARTESIAN_POINT('',(1.570796326795,0.));
#1635 = VECTOR('',#1636,1.);
#1636 = DIRECTION('',(0.,1.));
#1637 = ( GEOMETRIC_REPRESENTATION_CONTEXT(2) 
PARAMETRIC_REPRESENTATION_CONTEXT() REPRESENTATION_CONTEXT('2D SPACE',''
  ) );
#1638 = ADVANCED_FACE('',(#1639),#156,.T.);
#1639 = FACE_BOUND('',#1640,.F.);
#1640 = EDGE_LOOP('',(#1641,#1661,#1662,#1663));
#1641 = ORIENTED_EDGE('',*,*,#1642,.F.);
#1642 = EDGE_CURVE('',#886,#1593,#1643,.T.);
#1643 = SURFACE_CURVE('',#1644,(#1649,#1655),.PCURVE_S1.);
#1644 = CIRCLE('',#1645,6.);
#1645 = AXIS2_PLACEMENT_3D('',#1646,#1647,#1648);
#1646 = CARTESIAN_POINT('',(-24.5,-19.5,6.));
#1647 = DIRECTION('',(0.,-1.,0.));
#1648 = DIRECTION('',(-1.,0.,0.));
#1649 = PCURVE('',#156,#1650);
#1650 = DEFINITIONAL_REPRESENTATION('',(#1651),#1654);
#1651 = B_SPLINE_CURVE_WITH_KNOTS('',1,(#1652,#1653),.UNSPECIFIED.,.F.,
  .F.,(2,2),(0.,1.570796326795),.PIECEWISE_BEZIER_KNOTS.);
#1652 = CARTESIAN_POINT('',(0.,0.));
#1653 = CARTESIAN_POINT('',(0.,1.570796326795));
#1654 = ( GEOMETRIC_REPRESENTATION_CONTEXT(2) 
PARAMETRIC_REPRESENTATION_CONTEXT() REPRESENTATION_CONTEXT('2D SPACE',''
  ) );
#1655 = PCURVE('',#1427,#1656);
#1656 = DEFINITIONAL_REPRESENTATION('',(#1657),#1660);
#1657 = B_SPLINE_CURVE_WITH_KNOTS('',1,(#1658,#1659),.UNSPECIFIED.,.F.,
  .F.,(2,2),(0.,1.570796326795),.PIECEWISE_BEZIER_KNOTS.);
#1658 = CARTESIAN_POINT('',(0.,39.));
#1659 = CARTESIAN_POINT('',(1.570796326795,39.));
#1660 = ( GEOMETRIC_REPRESENTATION_CONTEXT(2) 
PARAMETRIC_REPRESENTATION_CONTEXT() REPRESENTATION_CONTEXT('2D SPACE',''
  ) );
#1661 = ORIENTED_EDGE('',*,*,#885,.T.);
#1662 = ORIENTED_EDGE('',*,*,#140,.T.);
#1663 = ORIENTED_EDGE('',*,*,#1592,.F.);
#1664 = ADVANCED_FACE('',(#1665),#467,.F.);
#1665 = FACE_BOUND('',#1666,.F.);
#1666 = EDGE_LOOP('',(#1667,#1690,#1691,#1692));
#1667 = ORIENTED_EDGE('',*,*,#1668,.F.);
#1668 = EDGE_CURVE('',#428,#1669,#1671,.T.);
#1669 = VERTEX_POINT('',#1670);
#1670 = CARTESIAN_POINT('',(30.5,19.5,6.));
#1671 = SURFACE_CURVE('',#1672,(#1676,#1683),.PCURVE_S1.);
#1672 = LINE('',#1673,#1674);
#1673 = CARTESIAN_POINT('',(30.5,-19.5,6.));
#1674 = VECTOR('',#1675,1.);
#1675 = DIRECTION('',(0.,1.,0.));
#1676 = PCURVE('',#467,#1677);
#1677 = DEFINITIONAL_REPRESENTATION('',(#1678),#1682);
#1678 = LINE('',#1679,#1680);
#1679 = CARTESIAN_POINT('',(11.,-6.));
#1680 = VECTOR('',#1681,1.);
#1681 = DIRECTION('',(1.,0.));
#1682 = ( GEOMETRIC_REPRESENTATION_CONTEXT(2) 
PARAMETRIC_REPRESENTATION_CONTEXT() REPRESENTATION_CONTEXT('2D SPACE',''
  ) );
#1683 = PCURVE('',#952,#1684);
#1684 = DEFINITIONAL_REPRESENTATION('',(#1685),#1689);
#1685 = LINE('',#1686,#1687);
#1686 = CARTESIAN_POINT('',(0.,0.));
#1687 = VECTOR('',#1688,1.);
#1688 = DIRECTION('',(0.,1.));
#1689 = ( GEOMETRIC_REPRESENTATION_CONTEXT(2) 
PARAMETRIC_REPRESENTATION_CONTEXT() REPRESENTATION_CONTEXT('2D SPACE',''
  ) );
#1690 = ORIENTED_EDGE('',*,*,#451,.T.);
#1691 = ORIENTED_EDGE('',*,*,#530,.T.);
#1692 = ORIENTED_EDGE('',*,*,#1693,.F.);
#1693 = EDGE_CURVE('',#1669,#531,#1694,.T.);
#1694 = SURFACE_CURVE('',#1695,(#1699,#1706),.PCURVE_S1.);
#1695 = LINE('',#1696,#1697);
#1696 = CARTESIAN_POINT('',(30.5,19.5,0.));
#1697 = VECTOR('',#1698,1.);
#1698 = DIRECTION('',(0.,0.,1.));
#1699 = PCURVE('',#467,#1700);
#1700 = DEFINITIONAL_REPRESENTATION('',(#1701),#1705);
#1701 = LINE('',#1702,#1703);
#1702 = CARTESIAN_POINT('',(50.,0.));
#1703 = VECTOR('',#1704,1.);
#1704 = DIRECTION('',(0.,-1.));
#1705 = ( GEOMETRIC_REPRESENTATION_CONTEXT(2) 
PARAMETRIC_REPRESENTATION_CONTEXT() REPRESENTATION_CONTEXT('2D SPACE',''
  ) );
#1706 = PCURVE('',#568,#1707);
#1707 = DEFINITIONAL_REPRESENTATION('',(#1708),#1712);
#1708 = LINE('',#1709,#1710);
#1709 = CARTESIAN_POINT('',(0.,0.));
#1710 = VECTOR('',#1711,1.);
#1711 = DIRECTION('',(0.,1.));
#1712 = ( GEOMETRIC_REPRESENTATION_CONTEXT(2) 
PARAMETRIC_REPRESENTATION_CONTEXT() REPRESENTATION_CONTEXT('2D SPACE',''
  ) );
#1713 = ADVANCED_FACE('',(#1714),#648,.F.);
#1714 = FACE_BOUND('',#1715,.F.);
#1715 = EDGE_LOOP('',(#1716,#1739,#1760,#1761));
#1716 = ORIENTED_EDGE('',*,*,#1717,.F.);
#1717 = EDGE_CURVE('',#1718,#886,#1720,.T.);
#1718 = VERTEX_POINT('',#1719);
#1719 = CARTESIAN_POINT('',(-30.5,19.5,6.));
#1720 = SURFACE_CURVE('',#1721,(#1725,#1732),.PCURVE_S1.);
#1721 = LINE('',#1722,#1723);
#1722 = CARTESIAN_POINT('',(-30.5,19.5,6.));
#1723 = VECTOR('',#1724,1.);
#1724 = DIRECTION('',(0.,-1.,0.));
#1725 = PCURVE('',#648,#1726);
#1726 = DEFINITIONAL_REPRESENTATION('',(#1727),#1731);
#1727 = LINE('',#1728,#1729);
#1728 = CARTESIAN_POINT('',(11.,-6.));
#1729 = VECTOR('',#1730,1.);
#1730 = DIRECTION('',(1.,0.));
#1731 = ( GEOMETRIC_REPRESENTATION_CONTEXT(2) 
PARAMETRIC_REPRESENTATION_CONTEXT() REPRESENTATION_CONTEXT('2D SPACE',''
  ) );
#1732 = PCURVE('',#1427,#1733);
#1733 = DEFINITIONAL_REPRESENTATION('',(#1734),#1738);
#1734 = LINE('',#1735,#1736);
#1735 = CARTESIAN_POINT('',(0.,0.));
#1736 = VECTOR('',#1737,1.);
#1737 = DIRECTION('',(0.,1.));
#1738 = ( GEOMETRIC_REPRESENTATION_CONTEXT(2) 
PARAMETRIC_REPRESENTATION_CONTEXT() REPRESENTATION_CONTEXT('2D SPACE',''
  ) );
#1739 = ORIENTED_EDGE('',*,*,#1740,.T.);
#1740 = EDGE_CURVE('',#1718,#607,#1741,.T.);
#1741 = SURFACE_CURVE('',#1742,(#1746,#1753),.PCURVE_S1.);
#1742 = LINE('',#1743,#1744);
#1743 = CARTESIAN_POINT('',(-30.5,19.5,0.));
#1744 = VECTOR('',#1745,1.);
#1745 = DIRECTION('',(0.,0.,1.));
#1746 = PCURVE('',#648,#1747);
#1747 = DEFINITIONAL_REPRESENTATION('',(#1748),#1752);
#1748 = LINE('',#1749,#1750);
#1749 = CARTESIAN_POINT('',(11.,0.));
#1750 = VECTOR('',#1751,1.);
#1751 = DIRECTION('',(0.,-1.));
#1752 = ( GEOMETRIC_REPRESENTATION_CONTEXT(2) 
PARAMETRIC_REPRESENTATION_CONTEXT() REPRESENTATION_CONTEXT('2D SPACE',''
  ) );
#1753 = PCURVE('',#623,#1754);
#1754 = DEFINITIONAL_REPRESENTATION('',(#1755),#1759);
#1755 = LINE('',#1756,#1757);
#1756 = CARTESIAN_POINT('',(1.570796326795,0.));
#1757 = VECTOR('',#1758,1.);
#1758 = DIRECTION('',(0.,1.));
#1759 = ( GEOMETRIC_REPRESENTATION_CONTEXT(2) 
PARAMETRIC_REPRESENTATION_CONTEXT() REPRESENTATION_CONTEXT('2D SPACE',''
  ) );
#1760 = ORIENTED_EDGE('',*,*,#635,.T.);
#1761 = ORIENTED_EDGE('',*,*,#909,.F.);
#1762 = ADVANCED_FACE('',(#1763),#623,.T.);
#1763 = FACE_BOUND('',#1764,.T.);
#1764 = EDGE_LOOP('',(#1765,#1788,#1827,#1828));
#1765 = ORIENTED_EDGE('',*,*,#1766,.F.);
#1766 = EDGE_CURVE('',#1767,#581,#1769,.T.);
#1767 = VERTEX_POINT('',#1768);
#1768 = CARTESIAN_POINT('',(-19.5,30.5,6.));
#1769 = SURFACE_CURVE('',#1770,(#1774,#1781),.PCURVE_S1.);
#1770 = LINE('',#1771,#1772);
#1771 = CARTESIAN_POINT('',(-19.5,30.5,0.));
#1772 = VECTOR('',#1773,1.);
#1773 = DIRECTION('',(0.,0.,1.));
#1774 = PCURVE('',#623,#1775);
#1775 = DEFINITIONAL_REPRESENTATION('',(#1776),#1780);
#1776 = LINE('',#1777,#1778);
#1777 = CARTESIAN_POINT('',(0.,0.));
#1778 = VECTOR('',#1779,1.);
#1779 = DIRECTION('',(0.,1.));
#1780 = ( GEOMETRIC_REPRESENTATION_CONTEXT(2) 
PARAMETRIC_REPRESENTATION_CONTEXT() REPRESENTATION_CONTEXT('2D SPACE',''
  ) );
#1781 = PCURVE('',#595,#1782);
#1782 = DEFINITIONAL_REPRESENTATION('',(#1783),#1787);
#1783 = LINE('',#1784,#1785);
#1784 = CARTESIAN_POINT('',(50.,0.));
#1785 = VECTOR('',#1786,1.);
#1786 = DIRECTION('',(0.,-1.));
#1787 = ( GEOMETRIC_REPRESENTATION_CONTEXT(2) 
PARAMETRIC_REPRESENTATION_CONTEXT() REPRESENTATION_CONTEXT('2D SPACE',''
  ) );
#1788 = ORIENTED_EDGE('',*,*,#1789,.T.);
#1789 = EDGE_CURVE('',#1767,#1718,#1790,.T.);
#1790 = SURFACE_CURVE('',#1791,(#1796,#1803),.PCURVE_S1.);
#1791 = CIRCLE('',#1792,11.);
#1792 = AXIS2_PLACEMENT_3D('',#1793,#1794,#1795);
#1793 = CARTESIAN_POINT('',(-19.5,19.5,6.));
#1794 = DIRECTION('',(0.,0.,1.));
#1795 = DIRECTION('',(0.,1.,-0.));
#1796 = PCURVE('',#623,#1797);
#1797 = DEFINITIONAL_REPRESENTATION('',(#1798),#1802);
#1798 = LINE('',#1799,#1800);
#1799 = CARTESIAN_POINT('',(0.,6.));
#1800 = VECTOR('',#1801,1.);
#1801 = DIRECTION('',(1.,0.));
#1802 = ( GEOMETRIC_REPRESENTATION_CONTEXT(2) 
PARAMETRIC_REPRESENTATION_CONTEXT() REPRESENTATION_CONTEXT('2D SPACE',''
  ) );
#1803 = PCURVE('',#1804,#1821);
#1804 = SURFACE_OF_REVOLUTION('',#1805,#1818);
#1805 = B_SPLINE_CURVE_WITH_KNOTS('',6,(#1806,#1807,#1808,#1809,#1810,
    #1811,#1812,#1813,#1814,#1815,#1816,#1817),.UNSPECIFIED.,.F.,.F.,(7,
    5,7),(0.,0.785398163397,1.570796326795),.UNSPECIFIED.);
#1806 = CARTESIAN_POINT('',(-19.5,30.5,6.));
#1807 = CARTESIAN_POINT('',(-19.5,30.5,5.214601836603));
#1808 = CARTESIAN_POINT('',(-19.5,30.376630428911,4.429204985035));
#1809 = CARTESIAN_POINT('',(-19.5,30.12988807274,3.668024005629));
#1810 = CARTESIAN_POINT('',(-19.5,29.766125033746,2.955314580125));
#1811 = CARTESIAN_POINT('',(-19.5,29.298001054389,2.312719680151));
#1812 = CARTESIAN_POINT('',(-19.5,28.187280319849,1.201998945611));
#1813 = CARTESIAN_POINT('',(-19.5,27.544685419875,0.733874966254));
#1814 = CARTESIAN_POINT('',(-19.5,26.831975994372,0.37011192726));
#1815 = CARTESIAN_POINT('',(-19.5,26.070795014964,0.123369571089));
#1816 = CARTESIAN_POINT('',(-19.5,25.285398163397,-8.658292022373E-16));
#1817 = CARTESIAN_POINT('',(-19.5,24.5,5.551115123126E-17));
#1818 = AXIS1_PLACEMENT('',#1819,#1820);
#1819 = CARTESIAN_POINT('',(-19.5,19.5,6.));
#1820 = DIRECTION('',(-0.,-0.,-1.));
#1821 = DEFINITIONAL_REPRESENTATION('',(#1822),#1826);
#1822 = LINE('',#1823,#1824);
#1823 = CARTESIAN_POINT('',(-0.,0.));
#1824 = VECTOR('',#1825,1.);
#1825 = DIRECTION('',(-1.,0.));
#1826 = ( GEOMETRIC_REPRESENTATION_CONTEXT(2) 
PARAMETRIC_REPRESENTATION_CONTEXT() REPRESENTATION_CONTEXT('2D SPACE',''
  ) );
#1827 = ORIENTED_EDGE('',*,*,#1740,.T.);
#1828 = ORIENTED_EDGE('',*,*,#606,.F.);
#1829 = ADVANCED_FACE('',(#1830),#595,.F.);
#1830 = FACE_BOUND('',#1831,.F.);
#1831 = EDGE_LOOP('',(#1832,#1855,#1876,#1877));
#1832 = ORIENTED_EDGE('',*,*,#1833,.F.);
#1833 = EDGE_CURVE('',#1834,#1767,#1836,.T.);
#1834 = VERTEX_POINT('',#1835);
#1835 = CARTESIAN_POINT('',(19.5,30.5,6.));
#1836 = SURFACE_CURVE('',#1837,(#1841,#1848),.PCURVE_S1.);
#1837 = LINE('',#1838,#1839);
#1838 = CARTESIAN_POINT('',(19.5,30.5,6.));
#1839 = VECTOR('',#1840,1.);
#1840 = DIRECTION('',(-1.,0.,0.));
#1841 = PCURVE('',#595,#1842);
#1842 = DEFINITIONAL_REPRESENTATION('',(#1843),#1847);
#1843 = LINE('',#1844,#1845);
#1844 = CARTESIAN_POINT('',(11.,-6.));
#1845 = VECTOR('',#1846,1.);
#1846 = DIRECTION('',(1.,0.));
#1847 = ( GEOMETRIC_REPRESENTATION_CONTEXT(2) 
PARAMETRIC_REPRESENTATION_CONTEXT() REPRESENTATION_CONTEXT('2D SPACE',''
  ) );
#1848 = PCURVE('',#1247,#1849);
#1849 = DEFINITIONAL_REPRESENTATION('',(#1850),#1854);
#1850 = LINE('',#1851,#1852);
#1851 = CARTESIAN_POINT('',(0.,0.));
#1852 = VECTOR('',#1853,1.);
#1853 = DIRECTION('',(0.,1.));
#1854 = ( GEOMETRIC_REPRESENTATION_CONTEXT(2) 
PARAMETRIC_REPRESENTATION_CONTEXT() REPRESENTATION_CONTEXT('2D SPACE',''
  ) );
#1855 = ORIENTED_EDGE('',*,*,#1856,.T.);
#1856 = EDGE_CURVE('',#1834,#552,#1857,.T.);
#1857 = SURFACE_CURVE('',#1858,(#1862,#1869),.PCURVE_S1.);
#1858 = LINE('',#1859,#1860);
#1859 = CARTESIAN_POINT('',(19.5,30.5,0.));
#1860 = VECTOR('',#1861,1.);
#1861 = DIRECTION('',(0.,0.,1.));
#1862 = PCURVE('',#595,#1863);
#1863 = DEFINITIONAL_REPRESENTATION('',(#1864),#1868);
#1864 = LINE('',#1865,#1866);
#1865 = CARTESIAN_POINT('',(11.,0.));
#1866 = VECTOR('',#1867,1.);
#1867 = DIRECTION('',(0.,-1.));
#1868 = ( GEOMETRIC_REPRESENTATION_CONTEXT(2) 
PARAMETRIC_REPRESENTATION_CONTEXT() REPRESENTATION_CONTEXT('2D SPACE',''
  ) );
#1869 = PCURVE('',#568,#1870);
#1870 = DEFINITIONAL_REPRESENTATION('',(#1871),#1875);
#1871 = LINE('',#1872,#1873);
#1872 = CARTESIAN_POINT('',(1.570796326795,0.));
#1873 = VECTOR('',#1874,1.);
#1874 = DIRECTION('',(0.,1.));
#1875 = ( GEOMETRIC_REPRESENTATION_CONTEXT(2) 
PARAMETRIC_REPRESENTATION_CONTEXT() REPRESENTATION_CONTEXT('2D SPACE',''
  ) );
#1876 = ORIENTED_EDGE('',*,*,#580,.T.);
#1877 = ORIENTED_EDGE('',*,*,#1766,.F.);
#1878 = ADVANCED_FACE('',(#1879),#568,.T.);
#1879 = FACE_BOUND('',#1880,.T.);
#1880 = EDGE_LOOP('',(#1881,#1882,#1921,#1922));
#1881 = ORIENTED_EDGE('',*,*,#1693,.F.);
#1882 = ORIENTED_EDGE('',*,*,#1883,.T.);
#1883 = EDGE_CURVE('',#1669,#1834,#1884,.T.);
#1884 = SURFACE_CURVE('',#1885,(#1890,#1897),.PCURVE_S1.);
#1885 = CIRCLE('',#1886,11.);
#1886 = AXIS2_PLACEMENT_3D('',#1887,#1888,#1889);
#1887 = CARTESIAN_POINT('',(19.5,19.5,6.));
#1888 = DIRECTION('',(0.,0.,1.));
#1889 = DIRECTION('',(1.,0.,-0.));
#1890 = PCURVE('',#568,#1891);
#1891 = DEFINITIONAL_REPRESENTATION('',(#1892),#1896);
#1892 = LINE('',#1893,#1894);
#1893 = CARTESIAN_POINT('',(0.,6.));
#1894 = VECTOR('',#1895,1.);
#1895 = DIRECTION('',(1.,0.));
#1896 = ( GEOMETRIC_REPRESENTATION_CONTEXT(2) 
PARAMETRIC_REPRESENTATION_CONTEXT() REPRESENTATION_CONTEXT('2D SPACE',''
  ) );
#1897 = PCURVE('',#1898,#1915);
#1898 = SURFACE_OF_REVOLUTION('',#1899,#1912);
#1899 = B_SPLINE_CURVE_WITH_KNOTS('',6,(#1900,#1901,#1902,#1903,#1904,
    #1905,#1906,#1907,#1908,#1909,#1910,#1911),.UNSPECIFIED.,.F.,.F.,(7,
    5,7),(0.,0.785398163397,1.570796326795),.UNSPECIFIED.);
#1900 = CARTESIAN_POINT('',(30.5,19.5,6.));
#1901 = CARTESIAN_POINT('',(30.5,19.5,5.214601836603));
#1902 = CARTESIAN_POINT('',(30.376630428911,19.5,4.429204985035));
#1903 = CARTESIAN_POINT('',(30.12988807274,19.5,3.668024005629));
#1904 = CARTESIAN_POINT('',(29.766125033746,19.5,2.955314580125));
#1905 = CARTESIAN_POINT('',(29.298001054389,19.5,2.312719680151));
#1906 = CARTESIAN_POINT('',(28.187280319849,19.5,1.201998945611));
#1907 = CARTESIAN_POINT('',(27.544685419875,19.5,0.733874966254));
#1908 = CARTESIAN_POINT('',(26.831975994372,19.5,0.37011192726));
#1909 = CARTESIAN_POINT('',(26.070795014964,19.5,0.123369571089));
#1910 = CARTESIAN_POINT('',(25.285398163397,19.5,-8.658292022373E-16));
#1911 = CARTESIAN_POINT('',(24.5,19.5,5.551115123126E-17));
#1912 = AXIS1_PLACEMENT('',#1913,#1914);
#1913 = CARTESIAN_POINT('',(19.5,19.5,6.));
#1914 = DIRECTION('',(-0.,-0.,-1.));
#1915 = DEFINITIONAL_REPRESENTATION('',(#1916),#1920);
#1916 = LINE('',#1917,#1918);
#1917 = CARTESIAN_POINT('',(-0.,0.));
#1918 = VECTOR('',#1919,1.);
#1919 = DIRECTION('',(-1.,0.));
#1920 = ( GEOMETRIC_REPRESENTATION_CONTEXT(2) 
PARAMETRIC_REPRESENTATION_CONTEXT() REPRESENTATION_CONTEXT('2D SPACE',''
  ) );
#1921 = ORIENTED_EDGE('',*,*,#1856,.T.);
#1922 = ORIENTED_EDGE('',*,*,#551,.F.);
#1923 = ADVANCED_FACE('',(#1924),#680,.T.);
#1924 = FACE_BOUND('',#1925,.T.);
#1925 = EDGE_LOOP('',(#1926,#1949,#1950,#1973));
#1926 = ORIENTED_EDGE('',*,*,#1927,.F.);
#1927 = EDGE_CURVE('',#662,#1928,#1930,.T.);
#1928 = VERTEX_POINT('',#1929);
#1929 = CARTESIAN_POINT('',(19.5,-29.3,18.5));
#1930 = SURFACE_CURVE('',#1931,(#1935,#1942),.PCURVE_S1.);
#1931 = LINE('',#1932,#1933);
#1932 = CARTESIAN_POINT('',(19.5,-29.3,12.5));
#1933 = VECTOR('',#1934,1.);
#1934 = DIRECTION('',(0.,0.,1.));
#1935 = PCURVE('',#680,#1936);
#1936 = DEFINITIONAL_REPRESENTATION('',(#1937),#1941);
#1937 = LINE('',#1938,#1939);
#1938 = CARTESIAN_POINT('',(0.,0.));
#1939 = VECTOR('',#1940,1.);
#1940 = DIRECTION('',(0.,1.));
#1941 = ( GEOMETRIC_REPRESENTATION_CONTEXT(2) 
PARAMETRIC_REPRESENTATION_CONTEXT() REPRESENTATION_CONTEXT('2D SPACE',''
  ) );
#1942 = PCURVE('',#707,#1943);
#1943 = DEFINITIONAL_REPRESENTATION('',(#1944),#1948);
#1944 = LINE('',#1945,#1946);
#1945 = CARTESIAN_POINT('',(48.8,0.));
#1946 = VECTOR('',#1947,1.);
#1947 = DIRECTION('',(0.,-1.));
#1948 = ( GEOMETRIC_REPRESENTATION_CONTEXT(2) 
PARAMETRIC_REPRESENTATION_CONTEXT() REPRESENTATION_CONTEXT('2D SPACE',''
  ) );
#1949 = ORIENTED_EDGE('',*,*,#661,.T.);
#1950 = ORIENTED_EDGE('',*,*,#1951,.T.);
#1951 = EDGE_CURVE('',#664,#1952,#1954,.T.);
#1952 = VERTEX_POINT('',#1953);
#1953 = CARTESIAN_POINT('',(29.3,-19.5,18.5));
#1954 = SURFACE_CURVE('',#1955,(#1959,#1966),.PCURVE_S1.);
#1955 = LINE('',#1956,#1957);
#1956 = CARTESIAN_POINT('',(29.3,-19.5,12.5));
#1957 = VECTOR('',#1958,1.);
#1958 = DIRECTION('',(0.,0.,1.));
#1959 = PCURVE('',#680,#1960);
#1960 = DEFINITIONAL_REPRESENTATION('',(#1961),#1965);
#1961 = LINE('',#1962,#1963);
#1962 = CARTESIAN_POINT('',(1.570796326795,0.));
#1963 = VECTOR('',#1964,1.);
#1964 = DIRECTION('',(0.,1.));
#1965 = ( GEOMETRIC_REPRESENTATION_CONTEXT(2) 
PARAMETRIC_REPRESENTATION_CONTEXT() REPRESENTATION_CONTEXT('2D SPACE',''
  ) );
#1966 = PCURVE('',#870,#1967);
#1967 = DEFINITIONAL_REPRESENTATION('',(#1968),#1972);
#1968 = LINE('',#1969,#1970);
#1969 = CARTESIAN_POINT('',(9.8,0.));
#1970 = VECTOR('',#1971,1.);
#1971 = DIRECTION('',(0.,-1.));
#1972 = ( GEOMETRIC_REPRESENTATION_CONTEXT(2) 
PARAMETRIC_REPRESENTATION_CONTEXT() REPRESENTATION_CONTEXT('2D SPACE',''
  ) );
#1973 = ORIENTED_EDGE('',*,*,#1974,.F.);
#1974 = EDGE_CURVE('',#1928,#1952,#1975,.T.);
#1975 = SURFACE_CURVE('',#1976,(#1981,#1988),.PCURVE_S1.);
#1976 = CIRCLE('',#1977,9.8);
#1977 = AXIS2_PLACEMENT_3D('',#1978,#1979,#1980);
#1978 = CARTESIAN_POINT('',(19.5,-19.5,18.5));
#1979 = DIRECTION('',(0.,0.,1.));
#1980 = DIRECTION('',(0.,-1.,0.));
#1981 = PCURVE('',#680,#1982);
#1982 = DEFINITIONAL_REPRESENTATION('',(#1983),#1987);
#1983 = LINE('',#1984,#1985);
#1984 = CARTESIAN_POINT('',(0.,6.));
#1985 = VECTOR('',#1986,1.);
#1986 = DIRECTION('',(1.,0.));
#1987 = ( GEOMETRIC_REPRESENTATION_CONTEXT(2) 
PARAMETRIC_REPRESENTATION_CONTEXT() REPRESENTATION_CONTEXT('2D SPACE',''
  ) );
#1988 = PCURVE('',#1989,#1994);
#1989 = PLANE('',#1990);
#1990 = AXIS2_PLACEMENT_3D('',#1991,#1992,#1993);
#1991 = CARTESIAN_POINT('',(0.,0.,18.5));
#1992 = DIRECTION('',(0.,0.,1.));
#1993 = DIRECTION('',(1.,0.,-0.));
#1994 = DEFINITIONAL_REPRESENTATION('',(#1995),#1999);
#1995 = CIRCLE('',#1996,9.8);
#1996 = AXIS2_PLACEMENT_2D('',#1997,#1998);
#1997 = CARTESIAN_POINT('',(19.5,-19.5));
#1998 = DIRECTION('',(0.,-1.));
#1999 = ( GEOMETRIC_REPRESENTATION_CONTEXT(2) 
PARAMETRIC_REPRESENTATION_CONTEXT() REPRESENTATION_CONTEXT('2D SPACE',''
  ) );
#2000 = ADVANCED_FACE('',(#2001),#707,.F.);
#2001 = FACE_BOUND('',#2002,.F.);
#2002 = EDGE_LOOP('',(#2003,#2004,#2027,#2046));
#2003 = ORIENTED_EDGE('',*,*,#692,.T.);
#2004 = ORIENTED_EDGE('',*,*,#2005,.T.);
#2005 = EDGE_CURVE('',#693,#2006,#2008,.T.);
#2006 = VERTEX_POINT('',#2007);
#2007 = CARTESIAN_POINT('',(-19.5,-29.3,18.5));
#2008 = SURFACE_CURVE('',#2009,(#2013,#2020),.PCURVE_S1.);
#2009 = LINE('',#2010,#2011);
#2010 = CARTESIAN_POINT('',(-19.5,-29.3,12.5));
#2011 = VECTOR('',#2012,1.);
#2012 = DIRECTION('',(0.,0.,1.));
#2013 = PCURVE('',#707,#2014);
#2014 = DEFINITIONAL_REPRESENTATION('',(#2015),#2019);
#2015 = LINE('',#2016,#2017);
#2016 = CARTESIAN_POINT('',(9.8,0.));
#2017 = VECTOR('',#2018,1.);
#2018 = DIRECTION('',(0.,-1.));
#2019 = ( GEOMETRIC_REPRESENTATION_CONTEXT(2) 
PARAMETRIC_REPRESENTATION_CONTEXT() REPRESENTATION_CONTEXT('2D SPACE',''
  ) );
#2020 = PCURVE('',#735,#2021);
#2021 = DEFINITIONAL_REPRESENTATION('',(#2022),#2026);
#2022 = LINE('',#2023,#2024);
#2023 = CARTESIAN_POINT('',(-0.,0.));
#2024 = VECTOR('',#2025,1.);
#2025 = DIRECTION('',(-0.,1.));
#2026 = ( GEOMETRIC_REPRESENTATION_CONTEXT(2) 
PARAMETRIC_REPRESENTATION_CONTEXT() REPRESENTATION_CONTEXT('2D SPACE',''
  ) );
#2027 = ORIENTED_EDGE('',*,*,#2028,.F.);
#2028 = EDGE_CURVE('',#1928,#2006,#2029,.T.);
#2029 = SURFACE_CURVE('',#2030,(#2034,#2040),.PCURVE_S1.);
#2030 = LINE('',#2031,#2032);
#2031 = CARTESIAN_POINT('',(-14.65,-29.3,18.5));
#2032 = VECTOR('',#2033,1.);
#2033 = DIRECTION('',(-1.,0.,0.));
#2034 = PCURVE('',#707,#2035);
#2035 = DEFINITIONAL_REPRESENTATION('',(#2036),#2039);
#2036 = B_SPLINE_CURVE_WITH_KNOTS('',1,(#2037,#2038),.UNSPECIFIED.,.F.,
  .F.,(2,2),(-34.15,4.85),.PIECEWISE_BEZIER_KNOTS.);
#2037 = CARTESIAN_POINT('',(48.8,-6.));
#2038 = CARTESIAN_POINT('',(9.8,-6.));
#2039 = ( GEOMETRIC_REPRESENTATION_CONTEXT(2) 
PARAMETRIC_REPRESENTATION_CONTEXT() REPRESENTATION_CONTEXT('2D SPACE',''
  ) );
#2040 = PCURVE('',#1989,#2041);
#2041 = DEFINITIONAL_REPRESENTATION('',(#2042),#2045);
#2042 = B_SPLINE_CURVE_WITH_KNOTS('',1,(#2043,#2044),.UNSPECIFIED.,.F.,
  .F.,(2,2),(-34.15,4.85),.PIECEWISE_BEZIER_KNOTS.);
#2043 = CARTESIAN_POINT('',(19.5,-29.3));
#2044 = CARTESIAN_POINT('',(-19.5,-29.3));
#2045 = ( GEOMETRIC_REPRESENTATION_CONTEXT(2) 
PARAMETRIC_REPRESENTATION_CONTEXT() REPRESENTATION_CONTEXT('2D SPACE',''
  ) );
#2046 = ORIENTED_EDGE('',*,*,#1927,.F.);
#2047 = ADVANCED_FACE('',(#2048),#870,.F.);
#2048 = FACE_BOUND('',#2049,.F.);
#2049 = EDGE_LOOP('',(#2050,#2051,#2052,#2073));
#2050 = ORIENTED_EDGE('',*,*,#857,.T.);
#2051 = ORIENTED_EDGE('',*,*,#1951,.T.);
#2052 = ORIENTED_EDGE('',*,*,#2053,.F.);
#2053 = EDGE_CURVE('',#2054,#1952,#2056,.T.);
#2054 = VERTEX_POINT('',#2055);
#2055 = CARTESIAN_POINT('',(29.3,19.5,18.5));
#2056 = SURFACE_CURVE('',#2057,(#2061,#2067),.PCURVE_S1.);
#2057 = LINE('',#2058,#2059);
#2058 = CARTESIAN_POINT('',(29.3,-14.65,18.5));
#2059 = VECTOR('',#2060,1.);
#2060 = DIRECTION('',(0.,-1.,0.));
#2061 = PCURVE('',#870,#2062);
#2062 = DEFINITIONAL_REPRESENTATION('',(#2063),#2066);
#2063 = B_SPLINE_CURVE_WITH_KNOTS('',1,(#2064,#2065),.UNSPECIFIED.,.F.,
  .F.,(2,2),(-34.15,4.85),.PIECEWISE_BEZIER_KNOTS.);
#2064 = CARTESIAN_POINT('',(48.8,-6.));
#2065 = CARTESIAN_POINT('',(9.8,-6.));
#2066 = ( GEOMETRIC_REPRESENTATION_CONTEXT(2) 
PARAMETRIC_REPRESENTATION_CONTEXT() REPRESENTATION_CONTEXT('2D SPACE',''
  ) );
#2067 = PCURVE('',#1989,#2068);
#2068 = DEFINITIONAL_REPRESENTATION('',(#2069),#2072);
#2069 = B_SPLINE_CURVE_WITH_KNOTS('',1,(#2070,#2071),.UNSPECIFIED.,.F.,
  .F.,(2,2),(-34.15,4.85),.PIECEWISE_BEZIER_KNOTS.);
#2070 = CARTESIAN_POINT('',(29.3,19.5));
#2071 = CARTESIAN_POINT('',(29.3,-19.5));
#2072 = ( GEOMETRIC_REPRESENTATION_CONTEXT(2) 
PARAMETRIC_REPRESENTATION_CONTEXT() REPRESENTATION_CONTEXT('2D SPACE',''
  ) );
#2073 = ORIENTED_EDGE('',*,*,#2074,.F.);
#2074 = EDGE_CURVE('',#829,#2054,#2075,.T.);
#2075 = SURFACE_CURVE('',#2076,(#2080,#2087),.PCURVE_S1.);
#2076 = LINE('',#2077,#2078);
#2077 = CARTESIAN_POINT('',(29.3,19.5,12.5));
#2078 = VECTOR('',#2079,1.);
#2079 = DIRECTION('',(0.,0.,1.));
#2080 = PCURVE('',#870,#2081);
#2081 = DEFINITIONAL_REPRESENTATION('',(#2082),#2086);
#2082 = LINE('',#2083,#2084);
#2083 = CARTESIAN_POINT('',(48.8,0.));
#2084 = VECTOR('',#2085,1.);
#2085 = DIRECTION('',(0.,-1.));
#2086 = ( GEOMETRIC_REPRESENTATION_CONTEXT(2) 
PARAMETRIC_REPRESENTATION_CONTEXT() REPRESENTATION_CONTEXT('2D SPACE',''
  ) );
#2087 = PCURVE('',#845,#2088);
#2088 = DEFINITIONAL_REPRESENTATION('',(#2089),#2093);
#2089 = LINE('',#2090,#2091);
#2090 = CARTESIAN_POINT('',(0.,0.));
#2091 = VECTOR('',#2092,1.);
#2092 = DIRECTION('',(0.,1.));
#2093 = ( GEOMETRIC_REPRESENTATION_CONTEXT(2) 
PARAMETRIC_REPRESENTATION_CONTEXT() REPRESENTATION_CONTEXT('2D SPACE',''
  ) );
#2094 = ADVANCED_FACE('',(#2095),#735,.T.);
#2095 = FACE_BOUND('',#2096,.F.);
#2096 = EDGE_LOOP('',(#2097,#2098,#2099,#2122));
#2097 = ORIENTED_EDGE('',*,*,#2005,.F.);
#2098 = ORIENTED_EDGE('',*,*,#718,.F.);
#2099 = ORIENTED_EDGE('',*,*,#2100,.T.);
#2100 = EDGE_CURVE('',#719,#2101,#2103,.T.);
#2101 = VERTEX_POINT('',#2102);
#2102 = CARTESIAN_POINT('',(-29.3,-19.5,18.5));
#2103 = SURFACE_CURVE('',#2104,(#2108,#2115),.PCURVE_S1.);
#2104 = LINE('',#2105,#2106);
#2105 = CARTESIAN_POINT('',(-29.3,-19.5,12.5));
#2106 = VECTOR('',#2107,1.);
#2107 = DIRECTION('',(0.,0.,1.));
#2108 = PCURVE('',#735,#2109);
#2109 = DEFINITIONAL_REPRESENTATION('',(#2110),#2114);
#2110 = LINE('',#2111,#2112);
#2111 = CARTESIAN_POINT('',(-1.570796326795,0.));
#2112 = VECTOR('',#2113,1.);
#2113 = DIRECTION('',(-0.,1.));
#2114 = ( GEOMETRIC_REPRESENTATION_CONTEXT(2) 
PARAMETRIC_REPRESENTATION_CONTEXT() REPRESENTATION_CONTEXT('2D SPACE',''
  ) );
#2115 = PCURVE('',#762,#2116);
#2116 = DEFINITIONAL_REPRESENTATION('',(#2117),#2121);
#2117 = LINE('',#2118,#2119);
#2118 = CARTESIAN_POINT('',(48.8,0.));
#2119 = VECTOR('',#2120,1.);
#2120 = DIRECTION('',(0.,-1.));
#2121 = ( GEOMETRIC_REPRESENTATION_CONTEXT(2) 
PARAMETRIC_REPRESENTATION_CONTEXT() REPRESENTATION_CONTEXT('2D SPACE',''
  ) );
#2122 = ORIENTED_EDGE('',*,*,#2123,.T.);
#2123 = EDGE_CURVE('',#2101,#2006,#2124,.T.);
#2124 = SURFACE_CURVE('',#2125,(#2130,#2137),.PCURVE_S1.);
#2125 = CIRCLE('',#2126,9.8);
#2126 = AXIS2_PLACEMENT_3D('',#2127,#2128,#2129);
#2127 = CARTESIAN_POINT('',(-19.5,-19.5,18.5));
#2128 = DIRECTION('',(0.,0.,1.));
#2129 = DIRECTION('',(0.,-1.,0.));
#2130 = PCURVE('',#735,#2131);
#2131 = DEFINITIONAL_REPRESENTATION('',(#2132),#2136);
#2132 = LINE('',#2133,#2134);
#2133 = CARTESIAN_POINT('',(-6.28318530718,6.));
#2134 = VECTOR('',#2135,1.);
#2135 = DIRECTION('',(1.,-0.));
#2136 = ( GEOMETRIC_REPRESENTATION_CONTEXT(2) 
PARAMETRIC_REPRESENTATION_CONTEXT() REPRESENTATION_CONTEXT('2D SPACE',''
  ) );
#2137 = PCURVE('',#1989,#2138);
#2138 = DEFINITIONAL_REPRESENTATION('',(#2139),#2143);
#2139 = CIRCLE('',#2140,9.8);
#2140 = AXIS2_PLACEMENT_2D('',#2141,#2142);
#2141 = CARTESIAN_POINT('',(-19.5,-19.5));
#2142 = DIRECTION('',(0.,-1.));
#2143 = ( GEOMETRIC_REPRESENTATION_CONTEXT(2) 
PARAMETRIC_REPRESENTATION_CONTEXT() REPRESENTATION_CONTEXT('2D SPACE',''
  ) );
#2144 = ADVANCED_FACE('',(#2145),#845,.T.);
#2145 = FACE_BOUND('',#2146,.T.);
#2146 = EDGE_LOOP('',(#2147,#2148,#2149,#2172));
#2147 = ORIENTED_EDGE('',*,*,#2074,.F.);
#2148 = ORIENTED_EDGE('',*,*,#828,.T.);
#2149 = ORIENTED_EDGE('',*,*,#2150,.T.);
#2150 = EDGE_CURVE('',#803,#2151,#2153,.T.);
#2151 = VERTEX_POINT('',#2152);
#2152 = CARTESIAN_POINT('',(19.5,29.3,18.5));
#2153 = SURFACE_CURVE('',#2154,(#2158,#2165),.PCURVE_S1.);
#2154 = LINE('',#2155,#2156);
#2155 = CARTESIAN_POINT('',(19.5,29.3,12.5));
#2156 = VECTOR('',#2157,1.);
#2157 = DIRECTION('',(0.,0.,1.));
#2158 = PCURVE('',#845,#2159);
#2159 = DEFINITIONAL_REPRESENTATION('',(#2160),#2164);
#2160 = LINE('',#2161,#2162);
#2161 = CARTESIAN_POINT('',(1.570796326795,0.));
#2162 = VECTOR('',#2163,1.);
#2163 = DIRECTION('',(0.,1.));
#2164 = ( GEOMETRIC_REPRESENTATION_CONTEXT(2) 
PARAMETRIC_REPRESENTATION_CONTEXT() REPRESENTATION_CONTEXT('2D SPACE',''
  ) );
#2165 = PCURVE('',#817,#2166);
#2166 = DEFINITIONAL_REPRESENTATION('',(#2167),#2171);
#2167 = LINE('',#2168,#2169);
#2168 = CARTESIAN_POINT('',(9.8,0.));
#2169 = VECTOR('',#2170,1.);
#2170 = DIRECTION('',(0.,-1.));
#2171 = ( GEOMETRIC_REPRESENTATION_CONTEXT(2) 
PARAMETRIC_REPRESENTATION_CONTEXT() REPRESENTATION_CONTEXT('2D SPACE',''
  ) );
#2172 = ORIENTED_EDGE('',*,*,#2173,.F.);
#2173 = EDGE_CURVE('',#2054,#2151,#2174,.T.);
#2174 = SURFACE_CURVE('',#2175,(#2180,#2187),.PCURVE_S1.);
#2175 = CIRCLE('',#2176,9.8);
#2176 = AXIS2_PLACEMENT_3D('',#2177,#2178,#2179);
#2177 = CARTESIAN_POINT('',(19.5,19.5,18.5));
#2178 = DIRECTION('',(0.,0.,1.));
#2179 = DIRECTION('',(1.,0.,-0.));
#2180 = PCURVE('',#845,#2181);
#2181 = DEFINITIONAL_REPRESENTATION('',(#2182),#2186);
#2182 = LINE('',#2183,#2184);
#2183 = CARTESIAN_POINT('',(0.,6.));
#2184 = VECTOR('',#2185,1.);
#2185 = DIRECTION('',(1.,0.));
#2186 = ( GEOMETRIC_REPRESENTATION_CONTEXT(2) 
PARAMETRIC_REPRESENTATION_CONTEXT() REPRESENTATION_CONTEXT('2D SPACE',''
  ) );
#2187 = PCURVE('',#1989,#2188);
#2188 = DEFINITIONAL_REPRESENTATION('',(#2189),#2193);
#2189 = CIRCLE('',#2190,9.8);
#2190 = AXIS2_PLACEMENT_2D('',#2191,#2192);
#2191 = CARTESIAN_POINT('',(19.5,19.5));
#2192 = DIRECTION('',(1.,0.));
#2193 = ( GEOMETRIC_REPRESENTATION_CONTEXT(2) 
PARAMETRIC_REPRESENTATION_CONTEXT() REPRESENTATION_CONTEXT('2D SPACE',''
  ) );
#2194 = ADVANCED_FACE('',(#2195),#762,.F.);
#2195 = FACE_BOUND('',#2196,.F.);
#2196 = EDGE_LOOP('',(#2197,#2198,#2221,#2240));
#2197 = ORIENTED_EDGE('',*,*,#747,.T.);
#2198 = ORIENTED_EDGE('',*,*,#2199,.T.);
#2199 = EDGE_CURVE('',#748,#2200,#2202,.T.);
#2200 = VERTEX_POINT('',#2201);
#2201 = CARTESIAN_POINT('',(-29.3,19.5,18.5));
#2202 = SURFACE_CURVE('',#2203,(#2207,#2214),.PCURVE_S1.);
#2203 = LINE('',#2204,#2205);
#2204 = CARTESIAN_POINT('',(-29.3,19.5,12.5));
#2205 = VECTOR('',#2206,1.);
#2206 = DIRECTION('',(0.,0.,1.));
#2207 = PCURVE('',#762,#2208);
#2208 = DEFINITIONAL_REPRESENTATION('',(#2209),#2213);
#2209 = LINE('',#2210,#2211);
#2210 = CARTESIAN_POINT('',(9.8,0.));
#2211 = VECTOR('',#2212,1.);
#2212 = DIRECTION('',(0.,-1.));
#2213 = ( GEOMETRIC_REPRESENTATION_CONTEXT(2) 
PARAMETRIC_REPRESENTATION_CONTEXT() REPRESENTATION_CONTEXT('2D SPACE',''
  ) );
#2214 = PCURVE('',#790,#2215);
#2215 = DEFINITIONAL_REPRESENTATION('',(#2216),#2220);
#2216 = LINE('',#2217,#2218);
#2217 = CARTESIAN_POINT('',(1.570796326795,0.));
#2218 = VECTOR('',#2219,1.);
#2219 = DIRECTION('',(0.,1.));
#2220 = ( GEOMETRIC_REPRESENTATION_CONTEXT(2) 
PARAMETRIC_REPRESENTATION_CONTEXT() REPRESENTATION_CONTEXT('2D SPACE',''
  ) );
#2221 = ORIENTED_EDGE('',*,*,#2222,.F.);
#2222 = EDGE_CURVE('',#2101,#2200,#2223,.T.);
#2223 = SURFACE_CURVE('',#2224,(#2228,#2234),.PCURVE_S1.);
#2224 = LINE('',#2225,#2226);
#2225 = CARTESIAN_POINT('',(-29.3,14.65,18.5));
#2226 = VECTOR('',#2227,1.);
#2227 = DIRECTION('',(-0.,1.,0.));
#2228 = PCURVE('',#762,#2229);
#2229 = DEFINITIONAL_REPRESENTATION('',(#2230),#2233);
#2230 = B_SPLINE_CURVE_WITH_KNOTS('',1,(#2231,#2232),.UNSPECIFIED.,.F.,
  .F.,(2,2),(-34.15,4.85),.PIECEWISE_BEZIER_KNOTS.);
#2231 = CARTESIAN_POINT('',(48.8,-6.));
#2232 = CARTESIAN_POINT('',(9.8,-6.));
#2233 = ( GEOMETRIC_REPRESENTATION_CONTEXT(2) 
PARAMETRIC_REPRESENTATION_CONTEXT() REPRESENTATION_CONTEXT('2D SPACE',''
  ) );
#2234 = PCURVE('',#1989,#2235);
#2235 = DEFINITIONAL_REPRESENTATION('',(#2236),#2239);
#2236 = B_SPLINE_CURVE_WITH_KNOTS('',1,(#2237,#2238),.UNSPECIFIED.,.F.,
  .F.,(2,2),(-34.15,4.85),.PIECEWISE_BEZIER_KNOTS.);
#2237 = CARTESIAN_POINT('',(-29.3,-19.5));
#2238 = CARTESIAN_POINT('',(-29.3,19.5));
#2239 = ( GEOMETRIC_REPRESENTATION_CONTEXT(2) 
PARAMETRIC_REPRESENTATION_CONTEXT() REPRESENTATION_CONTEXT('2D SPACE',''
  ) );
#2240 = ORIENTED_EDGE('',*,*,#2100,.F.);
#2241 = ADVANCED_FACE('',(#2242),#817,.F.);
#2242 = FACE_BOUND('',#2243,.F.);
#2243 = EDGE_LOOP('',(#2244,#2245,#2246,#2267));
#2244 = ORIENTED_EDGE('',*,*,#802,.T.);
#2245 = ORIENTED_EDGE('',*,*,#2150,.T.);
#2246 = ORIENTED_EDGE('',*,*,#2247,.F.);
#2247 = EDGE_CURVE('',#2248,#2151,#2250,.T.);
#2248 = VERTEX_POINT('',#2249);
#2249 = CARTESIAN_POINT('',(-19.5,29.3,18.5));
#2250 = SURFACE_CURVE('',#2251,(#2255,#2261),.PCURVE_S1.);
#2251 = LINE('',#2252,#2253);
#2252 = CARTESIAN_POINT('',(14.65,29.3,18.5));
#2253 = VECTOR('',#2254,1.);
#2254 = DIRECTION('',(1.,0.,-0.));
#2255 = PCURVE('',#817,#2256);
#2256 = DEFINITIONAL_REPRESENTATION('',(#2257),#2260);
#2257 = B_SPLINE_CURVE_WITH_KNOTS('',1,(#2258,#2259),.UNSPECIFIED.,.F.,
  .F.,(2,2),(-34.15,4.85),.PIECEWISE_BEZIER_KNOTS.);
#2258 = CARTESIAN_POINT('',(48.8,-6.));
#2259 = CARTESIAN_POINT('',(9.8,-6.));
#2260 = ( GEOMETRIC_REPRESENTATION_CONTEXT(2) 
PARAMETRIC_REPRESENTATION_CONTEXT() REPRESENTATION_CONTEXT('2D SPACE',''
  ) );
#2261 = PCURVE('',#1989,#2262);
#2262 = DEFINITIONAL_REPRESENTATION('',(#2263),#2266);
#2263 = B_SPLINE_CURVE_WITH_KNOTS('',1,(#2264,#2265),.UNSPECIFIED.,.F.,
  .F.,(2,2),(-34.15,4.85),.PIECEWISE_BEZIER_KNOTS.);
#2264 = CARTESIAN_POINT('',(-19.5,29.3));
#2265 = CARTESIAN_POINT('',(19.5,29.3));
#2266 = ( GEOMETRIC_REPRESENTATION_CONTEXT(2) 
PARAMETRIC_REPRESENTATION_CONTEXT() REPRESENTATION_CONTEXT('2D SPACE',''
  ) );
#2267 = ORIENTED_EDGE('',*,*,#2268,.F.);
#2268 = EDGE_CURVE('',#774,#2248,#2269,.T.);
#2269 = SURFACE_CURVE('',#2270,(#2274,#2281),.PCURVE_S1.);
#2270 = LINE('',#2271,#2272);
#2271 = CARTESIAN_POINT('',(-19.5,29.3,12.5));
#2272 = VECTOR('',#2273,1.);
#2273 = DIRECTION('',(0.,0.,1.));
#2274 = PCURVE('',#817,#2275);
#2275 = DEFINITIONAL_REPRESENTATION('',(#2276),#2280);
#2276 = LINE('',#2277,#2278);
#2277 = CARTESIAN_POINT('',(48.8,0.));
#2278 = VECTOR('',#2279,1.);
#2279 = DIRECTION('',(0.,-1.));
#2280 = ( GEOMETRIC_REPRESENTATION_CONTEXT(2) 
PARAMETRIC_REPRESENTATION_CONTEXT() REPRESENTATION_CONTEXT('2D SPACE',''
  ) );
#2281 = PCURVE('',#790,#2282);
#2282 = DEFINITIONAL_REPRESENTATION('',(#2283),#2287);
#2283 = LINE('',#2284,#2285);
#2284 = CARTESIAN_POINT('',(0.,0.));
#2285 = VECTOR('',#2286,1.);
#2286 = DIRECTION('',(0.,1.));
#2287 = ( GEOMETRIC_REPRESENTATION_CONTEXT(2) 
PARAMETRIC_REPRESENTATION_CONTEXT() REPRESENTATION_CONTEXT('2D SPACE',''
  ) );
#2288 = ADVANCED_FACE('',(#2289),#790,.T.);
#2289 = FACE_BOUND('',#2290,.T.);
#2290 = EDGE_LOOP('',(#2291,#2292,#2293,#2294));
#2291 = ORIENTED_EDGE('',*,*,#2268,.F.);
#2292 = ORIENTED_EDGE('',*,*,#773,.T.);
#2293 = ORIENTED_EDGE('',*,*,#2199,.T.);
#2294 = ORIENTED_EDGE('',*,*,#2295,.F.);
#2295 = EDGE_CURVE('',#2248,#2200,#2296,.T.);
#2296 = SURFACE_CURVE('',#2297,(#2302,#2309),.PCURVE_S1.);
#2297 = CIRCLE('',#2298,9.8);
#2298 = AXIS2_PLACEMENT_3D('',#2299,#2300,#2301);
#2299 = CARTESIAN_POINT('',(-19.5,19.5,18.5));
#2300 = DIRECTION('',(0.,0.,1.));
#2301 = DIRECTION('',(-0.,1.,0.));
#2302 = PCURVE('',#790,#2303);
#2303 = DEFINITIONAL_REPRESENTATION('',(#2304),#2308);
#2304 = LINE('',#2305,#2306);
#2305 = CARTESIAN_POINT('',(0.,6.));
#2306 = VECTOR('',#2307,1.);
#2307 = DIRECTION('',(1.,0.));
#2308 = ( GEOMETRIC_REPRESENTATION_CONTEXT(2) 
PARAMETRIC_REPRESENTATION_CONTEXT() REPRESENTATION_CONTEXT('2D SPACE',''
  ) );
#2309 = PCURVE('',#1989,#2310);
#2310 = DEFINITIONAL_REPRESENTATION('',(#2311),#2315);
#2311 = CIRCLE('',#2312,9.8);
#2312 = AXIS2_PLACEMENT_2D('',#2313,#2314);
#2313 = CARTESIAN_POINT('',(-19.5,19.5));
#2314 = DIRECTION('',(0.,1.));
#2315 = ( GEOMETRIC_REPRESENTATION_CONTEXT(2) 
PARAMETRIC_REPRESENTATION_CONTEXT() REPRESENTATION_CONTEXT('2D SPACE',''
  ) );
#2316 = ADVANCED_FACE('',(#2317),#952,.T.);
#2317 = FACE_BOUND('',#2318,.T.);
#2318 = EDGE_LOOP('',(#2319,#2320,#2321,#2322,#2323,#2324,#2347));
#2319 = ORIENTED_EDGE('',*,*,#1668,.F.);
#2320 = ORIENTED_EDGE('',*,*,#936,.T.);
#2321 = ORIENTED_EDGE('',*,*,#1014,.T.);
#2322 = ORIENTED_EDGE('',*,*,#1504,.F.);
#2323 = ORIENTED_EDGE('',*,*,#1038,.F.);
#2324 = ORIENTED_EDGE('',*,*,#2325,.T.);
#2325 = EDGE_CURVE('',#1039,#2326,#2328,.T.);
#2326 = VERTEX_POINT('',#2327);
#2327 = CARTESIAN_POINT('',(24.5,19.5,-8.881784197001E-16));
#2328 = SURFACE_CURVE('',#2329,(#2333,#2340),.PCURVE_S1.);
#2329 = LINE('',#2330,#2331);
#2330 = CARTESIAN_POINT('',(24.5,-19.5,-8.881784197001E-16));
#2331 = VECTOR('',#2332,1.);
#2332 = DIRECTION('',(0.,1.,0.));
#2333 = PCURVE('',#952,#2334);
#2334 = DEFINITIONAL_REPRESENTATION('',(#2335),#2339);
#2335 = LINE('',#2336,#2337);
#2336 = CARTESIAN_POINT('',(1.570796326795,0.));
#2337 = VECTOR('',#2338,1.);
#2338 = DIRECTION('',(0.,1.));
#2339 = ( GEOMETRIC_REPRESENTATION_CONTEXT(2) 
PARAMETRIC_REPRESENTATION_CONTEXT() REPRESENTATION_CONTEXT('2D SPACE',''
  ) );
#2340 = PCURVE('',#1137,#2341);
#2341 = DEFINITIONAL_REPRESENTATION('',(#2342),#2346);
#2342 = LINE('',#2343,#2344);
#2343 = CARTESIAN_POINT('',(24.5,-19.5));
#2344 = VECTOR('',#2345,1.);
#2345 = DIRECTION('',(0.,1.));
#2346 = ( GEOMETRIC_REPRESENTATION_CONTEXT(2) 
PARAMETRIC_REPRESENTATION_CONTEXT() REPRESENTATION_CONTEXT('2D SPACE',''
  ) );
#2347 = ORIENTED_EDGE('',*,*,#2348,.F.);
#2348 = EDGE_CURVE('',#1669,#2326,#2349,.T.);
#2349 = SURFACE_CURVE('',#2350,(#2355,#2361),.PCURVE_S1.);
#2350 = CIRCLE('',#2351,6.);
#2351 = AXIS2_PLACEMENT_3D('',#2352,#2353,#2354);
#2352 = CARTESIAN_POINT('',(24.5,19.5,6.));
#2353 = DIRECTION('',(0.,1.,0.));
#2354 = DIRECTION('',(1.,0.,-0.));
#2355 = PCURVE('',#952,#2356);
#2356 = DEFINITIONAL_REPRESENTATION('',(#2357),#2360);
#2357 = B_SPLINE_CURVE_WITH_KNOTS('',1,(#2358,#2359),.UNSPECIFIED.,.F.,
  .F.,(2,2),(0.,1.570796326795),.PIECEWISE_BEZIER_KNOTS.);
#2358 = CARTESIAN_POINT('',(0.,39.));
#2359 = CARTESIAN_POINT('',(1.570796326795,39.));
#2360 = ( GEOMETRIC_REPRESENTATION_CONTEXT(2) 
PARAMETRIC_REPRESENTATION_CONTEXT() REPRESENTATION_CONTEXT('2D SPACE',''
  ) );
#2361 = PCURVE('',#1898,#2362);
#2362 = DEFINITIONAL_REPRESENTATION('',(#2363),#2366);
#2363 = B_SPLINE_CURVE_WITH_KNOTS('',1,(#2364,#2365),.UNSPECIFIED.,.F.,
  .F.,(2,2),(0.,1.570796326795),.PIECEWISE_BEZIER_KNOTS.);
#2364 = CARTESIAN_POINT('',(0.,0.));
#2365 = CARTESIAN_POINT('',(0.,1.570796326795));
#2366 = ( GEOMETRIC_REPRESENTATION_CONTEXT(2) 
PARAMETRIC_REPRESENTATION_CONTEXT() REPRESENTATION_CONTEXT('2D SPACE',''
  ) );
#2367 = ADVANCED_FACE('',(#2368),#1427,.T.);
#2368 = FACE_BOUND('',#2369,.T.);
#2369 = EDGE_LOOP('',(#2370,#2371,#2393,#2414,#2415,#2416));
#2370 = ORIENTED_EDGE('',*,*,#1717,.F.);
#2371 = ORIENTED_EDGE('',*,*,#2372,.T.);
#2372 = EDGE_CURVE('',#1718,#2373,#2375,.T.);
#2373 = VERTEX_POINT('',#2374);
#2374 = CARTESIAN_POINT('',(-24.5,19.5,0.));
#2375 = SURFACE_CURVE('',#2376,(#2381,#2387),.PCURVE_S1.);
#2376 = CIRCLE('',#2377,6.);
#2377 = AXIS2_PLACEMENT_3D('',#2378,#2379,#2380);
#2378 = CARTESIAN_POINT('',(-24.5,19.5,6.));
#2379 = DIRECTION('',(-6.123233995737E-17,-1.,0.));
#2380 = DIRECTION('',(-1.,6.123233995737E-17,0.));
#2381 = PCURVE('',#1427,#2382);
#2382 = DEFINITIONAL_REPRESENTATION('',(#2383),#2386);
#2383 = B_SPLINE_CURVE_WITH_KNOTS('',1,(#2384,#2385),.UNSPECIFIED.,.F.,
  .F.,(2,2),(0.,1.570796326795),.PIECEWISE_BEZIER_KNOTS.);
#2384 = CARTESIAN_POINT('',(0.,0.));
#2385 = CARTESIAN_POINT('',(1.570796326795,0.));
#2386 = ( GEOMETRIC_REPRESENTATION_CONTEXT(2) 
PARAMETRIC_REPRESENTATION_CONTEXT() REPRESENTATION_CONTEXT('2D SPACE',''
  ) );
#2387 = PCURVE('',#1804,#2388);
#2388 = DEFINITIONAL_REPRESENTATION('',(#2389),#2392);
#2389 = B_SPLINE_CURVE_WITH_KNOTS('',1,(#2390,#2391),.UNSPECIFIED.,.F.,
  .F.,(2,2),(0.,1.570796326795),.PIECEWISE_BEZIER_KNOTS.);
#2390 = CARTESIAN_POINT('',(-1.570796326795,0.));
#2391 = CARTESIAN_POINT('',(-1.570796326795,1.570796326795));
#2392 = ( GEOMETRIC_REPRESENTATION_CONTEXT(2) 
PARAMETRIC_REPRESENTATION_CONTEXT() REPRESENTATION_CONTEXT('2D SPACE',''
  ) );
#2393 = ORIENTED_EDGE('',*,*,#2394,.T.);
#2394 = EDGE_CURVE('',#2373,#1301,#2395,.T.);
#2395 = SURFACE_CURVE('',#2396,(#2400,#2407),.PCURVE_S1.);
#2396 = LINE('',#2397,#2398);
#2397 = CARTESIAN_POINT('',(-24.5,19.5,-8.881784197001E-16));
#2398 = VECTOR('',#2399,1.);
#2399 = DIRECTION('',(0.,-1.,0.));
#2400 = PCURVE('',#1427,#2401);
#2401 = DEFINITIONAL_REPRESENTATION('',(#2402),#2406);
#2402 = LINE('',#2403,#2404);
#2403 = CARTESIAN_POINT('',(1.570796326795,0.));
#2404 = VECTOR('',#2405,1.);
#2405 = DIRECTION('',(0.,1.));
#2406 = ( GEOMETRIC_REPRESENTATION_CONTEXT(2) 
PARAMETRIC_REPRESENTATION_CONTEXT() REPRESENTATION_CONTEXT('2D SPACE',''
  ) );
#2407 = PCURVE('',#1317,#2408);
#2408 = DEFINITIONAL_REPRESENTATION('',(#2409),#2413);
#2409 = LINE('',#2410,#2411);
#2410 = CARTESIAN_POINT('',(-24.5,19.5));
#2411 = VECTOR('',#2412,1.);
#2412 = DIRECTION('',(0.,-1.));
#2413 = ( GEOMETRIC_REPRESENTATION_CONTEXT(2) 
PARAMETRIC_REPRESENTATION_CONTEXT() REPRESENTATION_CONTEXT('2D SPACE',''
  ) );
#2414 = ORIENTED_EDGE('',*,*,#1329,.F.);
#2415 = ORIENTED_EDGE('',*,*,#1618,.T.);
#2416 = ORIENTED_EDGE('',*,*,#1642,.F.);
#2417 = ADVANCED_FACE('',(#2418),#1317,.F.);
#2418 = FACE_BOUND('',#2419,.F.);
#2419 = EDGE_LOOP('',(#2420,#2421,#2422,#2445));
#2420 = ORIENTED_EDGE('',*,*,#2394,.T.);
#2421 = ORIENTED_EDGE('',*,*,#1300,.F.);
#2422 = ORIENTED_EDGE('',*,*,#2423,.T.);
#2423 = EDGE_CURVE('',#1150,#2424,#2426,.T.);
#2424 = VERTEX_POINT('',#2425);
#2425 = CARTESIAN_POINT('',(-19.5,24.5,-8.881784197001E-16));
#2426 = SURFACE_CURVE('',#2427,(#2431,#2438),.PCURVE_S1.);
#2427 = LINE('',#2428,#2429);
#2428 = CARTESIAN_POINT('',(19.5,24.5,-8.881784197001E-16));
#2429 = VECTOR('',#2430,1.);
#2430 = DIRECTION('',(-1.,0.,0.));
#2431 = PCURVE('',#1317,#2432);
#2432 = DEFINITIONAL_REPRESENTATION('',(#2433),#2437);
#2433 = LINE('',#2434,#2435);
#2434 = CARTESIAN_POINT('',(19.5,24.5));
#2435 = VECTOR('',#2436,1.);
#2436 = DIRECTION('',(-1.,0.));
#2437 = ( GEOMETRIC_REPRESENTATION_CONTEXT(2) 
PARAMETRIC_REPRESENTATION_CONTEXT() REPRESENTATION_CONTEXT('2D SPACE',''
  ) );
#2438 = PCURVE('',#1247,#2439);
#2439 = DEFINITIONAL_REPRESENTATION('',(#2440),#2444);
#2440 = LINE('',#2441,#2442);
#2441 = CARTESIAN_POINT('',(1.570796326795,0.));
#2442 = VECTOR('',#2443,1.);
#2443 = DIRECTION('',(0.,1.));
#2444 = ( GEOMETRIC_REPRESENTATION_CONTEXT(2) 
PARAMETRIC_REPRESENTATION_CONTEXT() REPRESENTATION_CONTEXT('2D SPACE',''
  ) );
#2445 = ORIENTED_EDGE('',*,*,#2446,.T.);
#2446 = EDGE_CURVE('',#2424,#2373,#2447,.T.);
#2447 = SURFACE_CURVE('',#2448,(#2453,#2460),.PCURVE_S1.);
#2448 = CIRCLE('',#2449,5.);
#2449 = AXIS2_PLACEMENT_3D('',#2450,#2451,#2452);
#2450 = CARTESIAN_POINT('',(-19.5,19.5,0.));
#2451 = DIRECTION('',(0.,0.,1.));
#2452 = DIRECTION('',(0.,1.,-0.));
#2453 = PCURVE('',#1317,#2454);
#2454 = DEFINITIONAL_REPRESENTATION('',(#2455),#2459);
#2455 = CIRCLE('',#2456,5.);
#2456 = AXIS2_PLACEMENT_2D('',#2457,#2458);
#2457 = CARTESIAN_POINT('',(-19.5,19.5));
#2458 = DIRECTION('',(0.,1.));
#2459 = ( GEOMETRIC_REPRESENTATION_CONTEXT(2) 
PARAMETRIC_REPRESENTATION_CONTEXT() REPRESENTATION_CONTEXT('2D SPACE',''
  ) );
#2460 = PCURVE('',#1804,#2461);
#2461 = DEFINITIONAL_REPRESENTATION('',(#2462),#2466);
#2462 = LINE('',#2463,#2464);
#2463 = CARTESIAN_POINT('',(-0.,1.570796326795));
#2464 = VECTOR('',#2465,1.);
#2465 = DIRECTION('',(-1.,0.));
#2466 = ( GEOMETRIC_REPRESENTATION_CONTEXT(2) 
PARAMETRIC_REPRESENTATION_CONTEXT() REPRESENTATION_CONTEXT('2D SPACE',''
  ) );
#2467 = ADVANCED_FACE('',(#2468),#1247,.T.);
#2468 = FACE_BOUND('',#2469,.T.);
#2469 = EDGE_LOOP('',(#2470,#2471,#2493,#2514,#2515,#2516));
#2470 = ORIENTED_EDGE('',*,*,#1833,.F.);
#2471 = ORIENTED_EDGE('',*,*,#2472,.T.);
#2472 = EDGE_CURVE('',#1834,#2473,#2475,.T.);
#2473 = VERTEX_POINT('',#2474);
#2474 = CARTESIAN_POINT('',(19.5,24.5,0.));
#2475 = SURFACE_CURVE('',#2476,(#2481,#2487),.PCURVE_S1.);
#2476 = CIRCLE('',#2477,6.);
#2477 = AXIS2_PLACEMENT_3D('',#2478,#2479,#2480);
#2478 = CARTESIAN_POINT('',(19.5,24.5,6.));
#2479 = DIRECTION('',(-1.,6.123233995737E-17,0.));
#2480 = DIRECTION('',(6.123233995737E-17,1.,-0.));
#2481 = PCURVE('',#1247,#2482);
#2482 = DEFINITIONAL_REPRESENTATION('',(#2483),#2486);
#2483 = B_SPLINE_CURVE_WITH_KNOTS('',1,(#2484,#2485),.UNSPECIFIED.,.F.,
  .F.,(2,2),(0.,1.570796326795),.PIECEWISE_BEZIER_KNOTS.);
#2484 = CARTESIAN_POINT('',(0.,0.));
#2485 = CARTESIAN_POINT('',(1.570796326795,0.));
#2486 = ( GEOMETRIC_REPRESENTATION_CONTEXT(2) 
PARAMETRIC_REPRESENTATION_CONTEXT() REPRESENTATION_CONTEXT('2D SPACE',''
  ) );
#2487 = PCURVE('',#1898,#2488);
#2488 = DEFINITIONAL_REPRESENTATION('',(#2489),#2492);
#2489 = B_SPLINE_CURVE_WITH_KNOTS('',1,(#2490,#2491),.UNSPECIFIED.,.F.,
  .F.,(2,2),(0.,1.570796326795),.PIECEWISE_BEZIER_KNOTS.);
#2490 = CARTESIAN_POINT('',(-1.570796326795,0.));
#2491 = CARTESIAN_POINT('',(-1.570796326795,1.570796326795));
#2492 = ( GEOMETRIC_REPRESENTATION_CONTEXT(2) 
PARAMETRIC_REPRESENTATION_CONTEXT() REPRESENTATION_CONTEXT('2D SPACE',''
  ) );
#2493 = ORIENTED_EDGE('',*,*,#2494,.T.);
#2494 = EDGE_CURVE('',#2473,#1121,#2495,.T.);
#2495 = SURFACE_CURVE('',#2496,(#2500,#2507),.PCURVE_S1.);
#2496 = LINE('',#2497,#2498);
#2497 = CARTESIAN_POINT('',(19.5,24.5,-8.881784197001E-16));
#2498 = VECTOR('',#2499,1.);
#2499 = DIRECTION('',(-1.,0.,0.));
#2500 = PCURVE('',#1247,#2501);
#2501 = DEFINITIONAL_REPRESENTATION('',(#2502),#2506);
#2502 = LINE('',#2503,#2504);
#2503 = CARTESIAN_POINT('',(1.570796326795,0.));
#2504 = VECTOR('',#2505,1.);
#2505 = DIRECTION('',(0.,1.));
#2506 = ( GEOMETRIC_REPRESENTATION_CONTEXT(2) 
PARAMETRIC_REPRESENTATION_CONTEXT() REPRESENTATION_CONTEXT('2D SPACE',''
  ) );
#2507 = PCURVE('',#1137,#2508);
#2508 = DEFINITIONAL_REPRESENTATION('',(#2509),#2513);
#2509 = LINE('',#2510,#2511);
#2510 = CARTESIAN_POINT('',(19.5,24.5));
#2511 = VECTOR('',#2512,1.);
#2512 = DIRECTION('',(-1.,0.));
#2513 = ( GEOMETRIC_REPRESENTATION_CONTEXT(2) 
PARAMETRIC_REPRESENTATION_CONTEXT() REPRESENTATION_CONTEXT('2D SPACE',''
  ) );
#2514 = ORIENTED_EDGE('',*,*,#1149,.F.);
#2515 = ORIENTED_EDGE('',*,*,#2423,.T.);
#2516 = ORIENTED_EDGE('',*,*,#2517,.F.);
#2517 = EDGE_CURVE('',#1767,#2424,#2518,.T.);
#2518 = SURFACE_CURVE('',#2519,(#2524,#2530),.PCURVE_S1.);
#2519 = CIRCLE('',#2520,6.);
#2520 = AXIS2_PLACEMENT_3D('',#2521,#2522,#2523);
#2521 = CARTESIAN_POINT('',(-19.5,24.5,6.));
#2522 = DIRECTION('',(-1.,0.,0.));
#2523 = DIRECTION('',(0.,1.,-0.));
#2524 = PCURVE('',#1247,#2525);
#2525 = DEFINITIONAL_REPRESENTATION('',(#2526),#2529);
#2526 = B_SPLINE_CURVE_WITH_KNOTS('',1,(#2527,#2528),.UNSPECIFIED.,.F.,
  .F.,(2,2),(0.,1.570796326795),.PIECEWISE_BEZIER_KNOTS.);
#2527 = CARTESIAN_POINT('',(0.,39.));
#2528 = CARTESIAN_POINT('',(1.570796326795,39.));
#2529 = ( GEOMETRIC_REPRESENTATION_CONTEXT(2) 
PARAMETRIC_REPRESENTATION_CONTEXT() REPRESENTATION_CONTEXT('2D SPACE',''
  ) );
#2530 = PCURVE('',#1804,#2531);
#2531 = DEFINITIONAL_REPRESENTATION('',(#2532),#2535);
#2532 = B_SPLINE_CURVE_WITH_KNOTS('',1,(#2533,#2534),.UNSPECIFIED.,.F.,
  .F.,(2,2),(0.,1.570796326795),.PIECEWISE_BEZIER_KNOTS.);
#2533 = CARTESIAN_POINT('',(0.,0.));
#2534 = CARTESIAN_POINT('',(0.,1.570796326795));
#2535 = ( GEOMETRIC_REPRESENTATION_CONTEXT(2) 
PARAMETRIC_REPRESENTATION_CONTEXT() REPRESENTATION_CONTEXT('2D SPACE',''
  ) );
#2536 = ADVANCED_FACE('',(#2537),#1137,.F.);
#2537 = FACE_BOUND('',#2538,.F.);
#2538 = EDGE_LOOP('',(#2539,#2540,#2541,#2563));
#2539 = ORIENTED_EDGE('',*,*,#1120,.F.);
#2540 = ORIENTED_EDGE('',*,*,#2325,.T.);
#2541 = ORIENTED_EDGE('',*,*,#2542,.T.);
#2542 = EDGE_CURVE('',#2326,#2473,#2543,.T.);
#2543 = SURFACE_CURVE('',#2544,(#2549,#2556),.PCURVE_S1.);
#2544 = CIRCLE('',#2545,5.);
#2545 = AXIS2_PLACEMENT_3D('',#2546,#2547,#2548);
#2546 = CARTESIAN_POINT('',(19.5,19.5,0.));
#2547 = DIRECTION('',(0.,0.,1.));
#2548 = DIRECTION('',(1.,0.,-0.));
#2549 = PCURVE('',#1137,#2550);
#2550 = DEFINITIONAL_REPRESENTATION('',(#2551),#2555);
#2551 = CIRCLE('',#2552,5.);
#2552 = AXIS2_PLACEMENT_2D('',#2553,#2554);
#2553 = CARTESIAN_POINT('',(19.5,19.5));
#2554 = DIRECTION('',(1.,0.));
#2555 = ( GEOMETRIC_REPRESENTATION_CONTEXT(2) 
PARAMETRIC_REPRESENTATION_CONTEXT() REPRESENTATION_CONTEXT('2D SPACE',''
  ) );
#2556 = PCURVE('',#1898,#2557);
#2557 = DEFINITIONAL_REPRESENTATION('',(#2558),#2562);
#2558 = LINE('',#2559,#2560);
#2559 = CARTESIAN_POINT('',(-0.,1.570796326795));
#2560 = VECTOR('',#2561,1.);
#2561 = DIRECTION('',(-1.,0.));
#2562 = ( GEOMETRIC_REPRESENTATION_CONTEXT(2) 
PARAMETRIC_REPRESENTATION_CONTEXT() REPRESENTATION_CONTEXT('2D SPACE',''
  ) );
#2563 = ORIENTED_EDGE('',*,*,#2494,.T.);
#2564 = ADVANCED_FACE('',(#2565),#1804,.T.);
#2565 = FACE_BOUND('',#2566,.F.);
#2566 = EDGE_LOOP('',(#2567,#2568,#2569,#2570));
#2567 = ORIENTED_EDGE('',*,*,#2517,.F.);
#2568 = ORIENTED_EDGE('',*,*,#1789,.T.);
#2569 = ORIENTED_EDGE('',*,*,#2372,.T.);
#2570 = ORIENTED_EDGE('',*,*,#2446,.F.);
#2571 = ADVANCED_FACE('',(#2572),#1898,.T.);
#2572 = FACE_BOUND('',#2573,.F.);
#2573 = EDGE_LOOP('',(#2574,#2575,#2576,#2577));
#2574 = ORIENTED_EDGE('',*,*,#2348,.F.);
#2575 = ORIENTED_EDGE('',*,*,#1883,.T.);
#2576 = ORIENTED_EDGE('',*,*,#2472,.T.);
#2577 = ORIENTED_EDGE('',*,*,#2542,.F.);
#2578 = ADVANCED_FACE('',(#2579,#2801),#1989,.F.);
#2579 = FACE_BOUND('',#2580,.F.);
#2580 = EDGE_LOOP('',(#2581,#2612,#2638,#2667,#2693,#2722,#2748,#2777));
#2581 = ORIENTED_EDGE('',*,*,#2582,.T.);
#2582 = EDGE_CURVE('',#2583,#2585,#2587,.T.);
#2583 = VERTEX_POINT('',#2584);
#2584 = CARTESIAN_POINT('',(-30.5,-19.5,18.5));
#2585 = VERTEX_POINT('',#2586);
#2586 = CARTESIAN_POINT('',(-19.5,-30.5,18.5));
#2587 = SURFACE_CURVE('',#2588,(#2593,#2600),.PCURVE_S1.);
#2588 = CIRCLE('',#2589,11.);
#2589 = AXIS2_PLACEMENT_3D('',#2590,#2591,#2592);
#2590 = CARTESIAN_POINT('',(-19.5,-19.5,18.5));
#2591 = DIRECTION('',(0.,0.,1.));
#2592 = DIRECTION('',(0.,-1.,0.));
#2593 = PCURVE('',#1989,#2594);
#2594 = DEFINITIONAL_REPRESENTATION('',(#2595),#2599);
#2595 = CIRCLE('',#2596,11.);
#2596 = AXIS2_PLACEMENT_2D('',#2597,#2598);
#2597 = CARTESIAN_POINT('',(-19.5,-19.5));
#2598 = DIRECTION('',(0.,-1.));
#2599 = ( GEOMETRIC_REPRESENTATION_CONTEXT(2) 
PARAMETRIC_REPRESENTATION_CONTEXT() REPRESENTATION_CONTEXT('2D SPACE',''
  ) );
#2600 = PCURVE('',#2601,#2606);
#2601 = CYLINDRICAL_SURFACE('',#2602,11.);
#2602 = AXIS2_PLACEMENT_3D('',#2603,#2604,#2605);
#2603 = CARTESIAN_POINT('',(-19.5,-19.5,0.));
#2604 = DIRECTION('',(0.,0.,1.));
#2605 = DIRECTION('',(0.,-1.,0.));
#2606 = DEFINITIONAL_REPRESENTATION('',(#2607),#2611);
#2607 = LINE('',#2608,#2609);
#2608 = CARTESIAN_POINT('',(-6.28318530718,18.5));
#2609 = VECTOR('',#2610,1.);
#2610 = DIRECTION('',(1.,-0.));
#2611 = ( GEOMETRIC_REPRESENTATION_CONTEXT(2) 
PARAMETRIC_REPRESENTATION_CONTEXT() REPRESENTATION_CONTEXT('2D SPACE',''
  ) );
#2612 = ORIENTED_EDGE('',*,*,#2613,.T.);
#2613 = EDGE_CURVE('',#2585,#2614,#2616,.T.);
#2614 = VERTEX_POINT('',#2615);
#2615 = CARTESIAN_POINT('',(19.5,-30.5,18.5));
#2616 = SURFACE_CURVE('',#2617,(#2621,#2627),.PCURVE_S1.);
#2617 = LINE('',#2618,#2619);
#2618 = CARTESIAN_POINT('',(-15.25,-30.5,18.5));
#2619 = VECTOR('',#2620,1.);
#2620 = DIRECTION('',(1.,0.,0.));
#2621 = PCURVE('',#1989,#2622);
#2622 = DEFINITIONAL_REPRESENTATION('',(#2623),#2626);
#2623 = B_SPLINE_CURVE_WITH_KNOTS('',1,(#2624,#2625),.UNSPECIFIED.,.F.,
  .F.,(2,2),(-4.25,34.75),.PIECEWISE_BEZIER_KNOTS.);
#2624 = CARTESIAN_POINT('',(-19.5,-30.5));
#2625 = CARTESIAN_POINT('',(19.5,-30.5));
#2626 = ( GEOMETRIC_REPRESENTATION_CONTEXT(2) 
PARAMETRIC_REPRESENTATION_CONTEXT() REPRESENTATION_CONTEXT('2D SPACE',''
  ) );
#2627 = PCURVE('',#2628,#2633);
#2628 = PLANE('',#2629);
#2629 = AXIS2_PLACEMENT_3D('',#2630,#2631,#2632);
#2630 = CARTESIAN_POINT('',(-30.5,-30.5,0.));
#2631 = DIRECTION('',(0.,1.,0.));
#2632 = DIRECTION('',(1.,0.,0.));
#2633 = DEFINITIONAL_REPRESENTATION('',(#2634),#2637);
#2634 = B_SPLINE_CURVE_WITH_KNOTS('',1,(#2635,#2636),.UNSPECIFIED.,.F.,
  .F.,(2,2),(-4.25,34.75),.PIECEWISE_BEZIER_KNOTS.);
#2635 = CARTESIAN_POINT('',(11.,-18.5));
#2636 = CARTESIAN_POINT('',(50.,-18.5));
#2637 = ( GEOMETRIC_REPRESENTATION_CONTEXT(2) 
PARAMETRIC_REPRESENTATION_CONTEXT() REPRESENTATION_CONTEXT('2D SPACE',''
  ) );
#2638 = ORIENTED_EDGE('',*,*,#2639,.T.);
#2639 = EDGE_CURVE('',#2614,#2640,#2642,.T.);
#2640 = VERTEX_POINT('',#2641);
#2641 = CARTESIAN_POINT('',(30.5,-19.5,18.5));
#2642 = SURFACE_CURVE('',#2643,(#2648,#2655),.PCURVE_S1.);
#2643 = CIRCLE('',#2644,11.);
#2644 = AXIS2_PLACEMENT_3D('',#2645,#2646,#2647);
#2645 = CARTESIAN_POINT('',(19.5,-19.5,18.5));
#2646 = DIRECTION('',(0.,0.,1.));
#2647 = DIRECTION('',(0.,-1.,0.));
#2648 = PCURVE('',#1989,#2649);
#2649 = DEFINITIONAL_REPRESENTATION('',(#2650),#2654);
#2650 = CIRCLE('',#2651,11.);
#2651 = AXIS2_PLACEMENT_2D('',#2652,#2653);
#2652 = CARTESIAN_POINT('',(19.5,-19.5));
#2653 = DIRECTION('',(0.,-1.));
#2654 = ( GEOMETRIC_REPRESENTATION_CONTEXT(2) 
PARAMETRIC_REPRESENTATION_CONTEXT() REPRESENTATION_CONTEXT('2D SPACE',''
  ) );
#2655 = PCURVE('',#2656,#2661);
#2656 = CYLINDRICAL_SURFACE('',#2657,11.);
#2657 = AXIS2_PLACEMENT_3D('',#2658,#2659,#2660);
#2658 = CARTESIAN_POINT('',(19.5,-19.5,0.));
#2659 = DIRECTION('',(0.,0.,1.));
#2660 = DIRECTION('',(0.,-1.,0.));
#2661 = DEFINITIONAL_REPRESENTATION('',(#2662),#2666);
#2662 = LINE('',#2663,#2664);
#2663 = CARTESIAN_POINT('',(0.,18.5));
#2664 = VECTOR('',#2665,1.);
#2665 = DIRECTION('',(1.,0.));
#2666 = ( GEOMETRIC_REPRESENTATION_CONTEXT(2) 
PARAMETRIC_REPRESENTATION_CONTEXT() REPRESENTATION_CONTEXT('2D SPACE',''
  ) );
#2667 = ORIENTED_EDGE('',*,*,#2668,.T.);
#2668 = EDGE_CURVE('',#2640,#2669,#2671,.T.);
#2669 = VERTEX_POINT('',#2670);
#2670 = CARTESIAN_POINT('',(30.5,19.5,18.5));
#2671 = SURFACE_CURVE('',#2672,(#2676,#2682),.PCURVE_S1.);
#2672 = LINE('',#2673,#2674);
#2673 = CARTESIAN_POINT('',(30.5,-15.25,18.5));
#2674 = VECTOR('',#2675,1.);
#2675 = DIRECTION('',(0.,1.,-0.));
#2676 = PCURVE('',#1989,#2677);
#2677 = DEFINITIONAL_REPRESENTATION('',(#2678),#2681);
#2678 = B_SPLINE_CURVE_WITH_KNOTS('',1,(#2679,#2680),.UNSPECIFIED.,.F.,
  .F.,(2,2),(-4.25,34.75),.PIECEWISE_BEZIER_KNOTS.);
#2679 = CARTESIAN_POINT('',(30.5,-19.5));
#2680 = CARTESIAN_POINT('',(30.5,19.5));
#2681 = ( GEOMETRIC_REPRESENTATION_CONTEXT(2) 
PARAMETRIC_REPRESENTATION_CONTEXT() REPRESENTATION_CONTEXT('2D SPACE',''
  ) );
#2682 = PCURVE('',#2683,#2688);
#2683 = PLANE('',#2684);
#2684 = AXIS2_PLACEMENT_3D('',#2685,#2686,#2687);
#2685 = CARTESIAN_POINT('',(30.5,-30.5,0.));
#2686 = DIRECTION('',(-1.,0.,0.));
#2687 = DIRECTION('',(0.,1.,0.));
#2688 = DEFINITIONAL_REPRESENTATION('',(#2689),#2692);
#2689 = B_SPLINE_CURVE_WITH_KNOTS('',1,(#2690,#2691),.UNSPECIFIED.,.F.,
  .F.,(2,2),(-4.25,34.75),.PIECEWISE_BEZIER_KNOTS.);
#2690 = CARTESIAN_POINT('',(11.,-18.5));
#2691 = CARTESIAN_POINT('',(50.,-18.5));
#2692 = ( GEOMETRIC_REPRESENTATION_CONTEXT(2) 
PARAMETRIC_REPRESENTATION_CONTEXT() REPRESENTATION_CONTEXT('2D SPACE',''
  ) );
#2693 = ORIENTED_EDGE('',*,*,#2694,.T.);
#2694 = EDGE_CURVE('',#2669,#2695,#2697,.T.);
#2695 = VERTEX_POINT('',#2696);
#2696 = CARTESIAN_POINT('',(19.5,30.5,18.5));
#2697 = SURFACE_CURVE('',#2698,(#2703,#2710),.PCURVE_S1.);
#2698 = CIRCLE('',#2699,11.);
#2699 = AXIS2_PLACEMENT_3D('',#2700,#2701,#2702);
#2700 = CARTESIAN_POINT('',(19.5,19.5,18.5));
#2701 = DIRECTION('',(0.,0.,1.));
#2702 = DIRECTION('',(1.,0.,-0.));
#2703 = PCURVE('',#1989,#2704);
#2704 = DEFINITIONAL_REPRESENTATION('',(#2705),#2709);
#2705 = CIRCLE('',#2706,11.);
#2706 = AXIS2_PLACEMENT_2D('',#2707,#2708);
#2707 = CARTESIAN_POINT('',(19.5,19.5));
#2708 = DIRECTION('',(1.,0.));
#2709 = ( GEOMETRIC_REPRESENTATION_CONTEXT(2) 
PARAMETRIC_REPRESENTATION_CONTEXT() REPRESENTATION_CONTEXT('2D SPACE',''
  ) );
#2710 = PCURVE('',#2711,#2716);
#2711 = CYLINDRICAL_SURFACE('',#2712,11.);
#2712 = AXIS2_PLACEMENT_3D('',#2713,#2714,#2715);
#2713 = CARTESIAN_POINT('',(19.5,19.5,0.));
#2714 = DIRECTION('',(0.,0.,1.));
#2715 = DIRECTION('',(1.,0.,-0.));
#2716 = DEFINITIONAL_REPRESENTATION('',(#2717),#2721);
#2717 = LINE('',#2718,#2719);
#2718 = CARTESIAN_POINT('',(0.,18.5));
#2719 = VECTOR('',#2720,1.);
#2720 = DIRECTION('',(1.,0.));
#2721 = ( GEOMETRIC_REPRESENTATION_CONTEXT(2) 
PARAMETRIC_REPRESENTATION_CONTEXT() REPRESENTATION_CONTEXT('2D SPACE',''
  ) );
#2722 = ORIENTED_EDGE('',*,*,#2723,.T.);
#2723 = EDGE_CURVE('',#2695,#2724,#2726,.T.);
#2724 = VERTEX_POINT('',#2725);
#2725 = CARTESIAN_POINT('',(-19.5,30.5,18.5));
#2726 = SURFACE_CURVE('',#2727,(#2731,#2737),.PCURVE_S1.);
#2727 = LINE('',#2728,#2729);
#2728 = CARTESIAN_POINT('',(15.25,30.5,18.5));
#2729 = VECTOR('',#2730,1.);
#2730 = DIRECTION('',(-1.,0.,0.));
#2731 = PCURVE('',#1989,#2732);
#2732 = DEFINITIONAL_REPRESENTATION('',(#2733),#2736);
#2733 = B_SPLINE_CURVE_WITH_KNOTS('',1,(#2734,#2735),.UNSPECIFIED.,.F.,
  .F.,(2,2),(-4.25,34.75),.PIECEWISE_BEZIER_KNOTS.);
#2734 = CARTESIAN_POINT('',(19.5,30.5));
#2735 = CARTESIAN_POINT('',(-19.5,30.5));
#2736 = ( GEOMETRIC_REPRESENTATION_CONTEXT(2) 
PARAMETRIC_REPRESENTATION_CONTEXT() REPRESENTATION_CONTEXT('2D SPACE',''
  ) );
#2737 = PCURVE('',#2738,#2743);
#2738 = PLANE('',#2739);
#2739 = AXIS2_PLACEMENT_3D('',#2740,#2741,#2742);
#2740 = CARTESIAN_POINT('',(30.5,30.5,0.));
#2741 = DIRECTION('',(0.,-1.,0.));
#2742 = DIRECTION('',(-1.,0.,0.));
#2743 = DEFINITIONAL_REPRESENTATION('',(#2744),#2747);
#2744 = B_SPLINE_CURVE_WITH_KNOTS('',1,(#2745,#2746),.UNSPECIFIED.,.F.,
  .F.,(2,2),(-4.25,34.75),.PIECEWISE_BEZIER_KNOTS.);
#2745 = CARTESIAN_POINT('',(11.,-18.5));
#2746 = CARTESIAN_POINT('',(50.,-18.5));
#2747 = ( GEOMETRIC_REPRESENTATION_CONTEXT(2) 
PARAMETRIC_REPRESENTATION_CONTEXT() REPRESENTATION_CONTEXT('2D SPACE',''
  ) );
#2748 = ORIENTED_EDGE('',*,*,#2749,.T.);
#2749 = EDGE_CURVE('',#2724,#2750,#2752,.T.);
#2750 = VERTEX_POINT('',#2751);
#2751 = CARTESIAN_POINT('',(-30.5,19.5,18.5));
#2752 = SURFACE_CURVE('',#2753,(#2758,#2765),.PCURVE_S1.);
#2753 = CIRCLE('',#2754,11.);
#2754 = AXIS2_PLACEMENT_3D('',#2755,#2756,#2757);
#2755 = CARTESIAN_POINT('',(-19.5,19.5,18.5));
#2756 = DIRECTION('',(0.,0.,1.));
#2757 = DIRECTION('',(-0.,1.,0.));
#2758 = PCURVE('',#1989,#2759);
#2759 = DEFINITIONAL_REPRESENTATION('',(#2760),#2764);
#2760 = CIRCLE('',#2761,11.);
#2761 = AXIS2_PLACEMENT_2D('',#2762,#2763);
#2762 = CARTESIAN_POINT('',(-19.5,19.5));
#2763 = DIRECTION('',(0.,1.));
#2764 = ( GEOMETRIC_REPRESENTATION_CONTEXT(2) 
PARAMETRIC_REPRESENTATION_CONTEXT() REPRESENTATION_CONTEXT('2D SPACE',''
  ) );
#2765 = PCURVE('',#2766,#2771);
#2766 = CYLINDRICAL_SURFACE('',#2767,11.);
#2767 = AXIS2_PLACEMENT_3D('',#2768,#2769,#2770);
#2768 = CARTESIAN_POINT('',(-19.5,19.5,0.));
#2769 = DIRECTION('',(0.,0.,1.));
#2770 = DIRECTION('',(-0.,1.,0.));
#2771 = DEFINITIONAL_REPRESENTATION('',(#2772),#2776);
#2772 = LINE('',#2773,#2774);
#2773 = CARTESIAN_POINT('',(0.,18.5));
#2774 = VECTOR('',#2775,1.);
#2775 = DIRECTION('',(1.,0.));
#2776 = ( GEOMETRIC_REPRESENTATION_CONTEXT(2) 
PARAMETRIC_REPRESENTATION_CONTEXT() REPRESENTATION_CONTEXT('2D SPACE',''
  ) );
#2777 = ORIENTED_EDGE('',*,*,#2778,.T.);
#2778 = EDGE_CURVE('',#2750,#2583,#2779,.T.);
#2779 = SURFACE_CURVE('',#2780,(#2784,#2790),.PCURVE_S1.);
#2780 = LINE('',#2781,#2782);
#2781 = CARTESIAN_POINT('',(-30.5,15.25,18.5));
#2782 = VECTOR('',#2783,1.);
#2783 = DIRECTION('',(0.,-1.,0.));
#2784 = PCURVE('',#1989,#2785);
#2785 = DEFINITIONAL_REPRESENTATION('',(#2786),#2789);
#2786 = B_SPLINE_CURVE_WITH_KNOTS('',1,(#2787,#2788),.UNSPECIFIED.,.F.,
  .F.,(2,2),(-4.25,34.75),.PIECEWISE_BEZIER_KNOTS.);
#2787 = CARTESIAN_POINT('',(-30.5,19.5));
#2788 = CARTESIAN_POINT('',(-30.5,-19.5));
#2789 = ( GEOMETRIC_REPRESENTATION_CONTEXT(2) 
PARAMETRIC_REPRESENTATION_CONTEXT() REPRESENTATION_CONTEXT('2D SPACE',''
  ) );
#2790 = PCURVE('',#2791,#2796);
#2791 = PLANE('',#2792);
#2792 = AXIS2_PLACEMENT_3D('',#2793,#2794,#2795);
#2793 = CARTESIAN_POINT('',(-30.5,30.5,0.));
#2794 = DIRECTION('',(1.,0.,-0.));
#2795 = DIRECTION('',(0.,-1.,0.));
#2796 = DEFINITIONAL_REPRESENTATION('',(#2797),#2800);
#2797 = B_SPLINE_CURVE_WITH_KNOTS('',1,(#2798,#2799),.UNSPECIFIED.,.F.,
  .F.,(2,2),(-4.25,34.75),.PIECEWISE_BEZIER_KNOTS.);
#2798 = CARTESIAN_POINT('',(11.,-18.5));
#2799 = CARTESIAN_POINT('',(50.,-18.5));
#2800 = ( GEOMETRIC_REPRESENTATION_CONTEXT(2) 
PARAMETRIC_REPRESENTATION_CONTEXT() REPRESENTATION_CONTEXT('2D SPACE',''
  ) );
#2801 = FACE_BOUND('',#2802,.F.);
#2802 = EDGE_LOOP('',(#2803,#2804,#2805,#2806,#2807,#2808,#2809,#2810));
#2803 = ORIENTED_EDGE('',*,*,#1974,.F.);
#2804 = ORIENTED_EDGE('',*,*,#2028,.T.);
#2805 = ORIENTED_EDGE('',*,*,#2123,.F.);
#2806 = ORIENTED_EDGE('',*,*,#2222,.T.);
#2807 = ORIENTED_EDGE('',*,*,#2295,.F.);
#2808 = ORIENTED_EDGE('',*,*,#2247,.T.);
#2809 = ORIENTED_EDGE('',*,*,#2173,.F.);
#2810 = ORIENTED_EDGE('',*,*,#2053,.T.);
#2811 = ADVANCED_FACE('',(#2812),#2601,.T.);
#2812 = FACE_BOUND('',#2813,.F.);
#2813 = EDGE_LOOP('',(#2814,#2837,#2838,#2861));
#2814 = ORIENTED_EDGE('',*,*,#2815,.F.);
#2815 = EDGE_CURVE('',#2585,#2816,#2818,.T.);
#2816 = VERTEX_POINT('',#2817);
#2817 = CARTESIAN_POINT('',(-19.5,-30.5,122.5));
#2818 = SURFACE_CURVE('',#2819,(#2823,#2830),.PCURVE_S1.);
#2819 = LINE('',#2820,#2821);
#2820 = CARTESIAN_POINT('',(-19.5,-30.5,0.));
#2821 = VECTOR('',#2822,1.);
#2822 = DIRECTION('',(0.,0.,1.));
#2823 = PCURVE('',#2601,#2824);
#2824 = DEFINITIONAL_REPRESENTATION('',(#2825),#2829);
#2825 = LINE('',#2826,#2827);
#2826 = CARTESIAN_POINT('',(-0.,0.));
#2827 = VECTOR('',#2828,1.);
#2828 = DIRECTION('',(-0.,1.));
#2829 = ( GEOMETRIC_REPRESENTATION_CONTEXT(2) 
PARAMETRIC_REPRESENTATION_CONTEXT() REPRESENTATION_CONTEXT('2D SPACE',''
  ) );
#2830 = PCURVE('',#2628,#2831);
#2831 = DEFINITIONAL_REPRESENTATION('',(#2832),#2836);
#2832 = LINE('',#2833,#2834);
#2833 = CARTESIAN_POINT('',(11.,0.));
#2834 = VECTOR('',#2835,1.);
#2835 = DIRECTION('',(0.,-1.));
#2836 = ( GEOMETRIC_REPRESENTATION_CONTEXT(2) 
PARAMETRIC_REPRESENTATION_CONTEXT() REPRESENTATION_CONTEXT('2D SPACE',''
  ) );
#2837 = ORIENTED_EDGE('',*,*,#2582,.F.);
#2838 = ORIENTED_EDGE('',*,*,#2839,.T.);
#2839 = EDGE_CURVE('',#2583,#2840,#2842,.T.);
#2840 = VERTEX_POINT('',#2841);
#2841 = CARTESIAN_POINT('',(-30.5,-19.5,122.5));
#2842 = SURFACE_CURVE('',#2843,(#2847,#2854),.PCURVE_S1.);
#2843 = LINE('',#2844,#2845);
#2844 = CARTESIAN_POINT('',(-30.5,-19.5,0.));
#2845 = VECTOR('',#2846,1.);
#2846 = DIRECTION('',(0.,0.,1.));
#2847 = PCURVE('',#2601,#2848);
#2848 = DEFINITIONAL_REPRESENTATION('',(#2849),#2853);
#2849 = LINE('',#2850,#2851);
#2850 = CARTESIAN_POINT('',(-1.570796326795,0.));
#2851 = VECTOR('',#2852,1.);
#2852 = DIRECTION('',(-0.,1.));
#2853 = ( GEOMETRIC_REPRESENTATION_CONTEXT(2) 
PARAMETRIC_REPRESENTATION_CONTEXT() REPRESENTATION_CONTEXT('2D SPACE',''
  ) );
#2854 = PCURVE('',#2791,#2855);
#2855 = DEFINITIONAL_REPRESENTATION('',(#2856),#2860);
#2856 = LINE('',#2857,#2858);
#2857 = CARTESIAN_POINT('',(50.,0.));
#2858 = VECTOR('',#2859,1.);
#2859 = DIRECTION('',(0.,-1.));
#2860 = ( GEOMETRIC_REPRESENTATION_CONTEXT(2) 
PARAMETRIC_REPRESENTATION_CONTEXT() REPRESENTATION_CONTEXT('2D SPACE',''
  ) );
#2861 = ORIENTED_EDGE('',*,*,#2862,.T.);
#2862 = EDGE_CURVE('',#2840,#2816,#2863,.T.);
#2863 = SURFACE_CURVE('',#2864,(#2869,#2876),.PCURVE_S1.);
#2864 = CIRCLE('',#2865,11.);
#2865 = AXIS2_PLACEMENT_3D('',#2866,#2867,#2868);
#2866 = CARTESIAN_POINT('',(-19.5,-19.5,122.5));
#2867 = DIRECTION('',(0.,0.,1.));
#2868 = DIRECTION('',(0.,-1.,0.));
#2869 = PCURVE('',#2601,#2870);
#2870 = DEFINITIONAL_REPRESENTATION('',(#2871),#2875);
#2871 = LINE('',#2872,#2873);
#2872 = CARTESIAN_POINT('',(-6.28318530718,122.5));
#2873 = VECTOR('',#2874,1.);
#2874 = DIRECTION('',(1.,-0.));
#2875 = ( GEOMETRIC_REPRESENTATION_CONTEXT(2) 
PARAMETRIC_REPRESENTATION_CONTEXT() REPRESENTATION_CONTEXT('2D SPACE',''
  ) );
#2876 = PCURVE('',#2877,#2882);
#2877 = PLANE('',#2878);
#2878 = AXIS2_PLACEMENT_3D('',#2879,#2880,#2881);
#2879 = CARTESIAN_POINT('',(0.,0.,122.5));
#2880 = DIRECTION('',(0.,0.,1.));
#2881 = DIRECTION('',(1.,0.,-0.));
#2882 = DEFINITIONAL_REPRESENTATION('',(#2883),#2887);
#2883 = CIRCLE('',#2884,11.);
#2884 = AXIS2_PLACEMENT_2D('',#2885,#2886);
#2885 = CARTESIAN_POINT('',(-19.5,-19.5));
#2886 = DIRECTION('',(0.,-1.));
#2887 = ( GEOMETRIC_REPRESENTATION_CONTEXT(2) 
PARAMETRIC_REPRESENTATION_CONTEXT() REPRESENTATION_CONTEXT('2D SPACE',''
  ) );
#2888 = ADVANCED_FACE('',(#2889),#2791,.F.);
#2889 = FACE_BOUND('',#2890,.F.);
#2890 = EDGE_LOOP('',(#2891,#2892,#2915,#2934));
#2891 = ORIENTED_EDGE('',*,*,#2778,.F.);
#2892 = ORIENTED_EDGE('',*,*,#2893,.T.);
#2893 = EDGE_CURVE('',#2750,#2894,#2896,.T.);
#2894 = VERTEX_POINT('',#2895);
#2895 = CARTESIAN_POINT('',(-30.5,19.5,122.5));
#2896 = SURFACE_CURVE('',#2897,(#2901,#2908),.PCURVE_S1.);
#2897 = LINE('',#2898,#2899);
#2898 = CARTESIAN_POINT('',(-30.5,19.5,0.));
#2899 = VECTOR('',#2900,1.);
#2900 = DIRECTION('',(0.,0.,1.));
#2901 = PCURVE('',#2791,#2902);
#2902 = DEFINITIONAL_REPRESENTATION('',(#2903),#2907);
#2903 = LINE('',#2904,#2905);
#2904 = CARTESIAN_POINT('',(11.,0.));
#2905 = VECTOR('',#2906,1.);
#2906 = DIRECTION('',(0.,-1.));
#2907 = ( GEOMETRIC_REPRESENTATION_CONTEXT(2) 
PARAMETRIC_REPRESENTATION_CONTEXT() REPRESENTATION_CONTEXT('2D SPACE',''
  ) );
#2908 = PCURVE('',#2766,#2909);
#2909 = DEFINITIONAL_REPRESENTATION('',(#2910),#2914);
#2910 = LINE('',#2911,#2912);
#2911 = CARTESIAN_POINT('',(1.570796326795,0.));
#2912 = VECTOR('',#2913,1.);
#2913 = DIRECTION('',(0.,1.));
#2914 = ( GEOMETRIC_REPRESENTATION_CONTEXT(2) 
PARAMETRIC_REPRESENTATION_CONTEXT() REPRESENTATION_CONTEXT('2D SPACE',''
  ) );
#2915 = ORIENTED_EDGE('',*,*,#2916,.T.);
#2916 = EDGE_CURVE('',#2894,#2840,#2917,.T.);
#2917 = SURFACE_CURVE('',#2918,(#2922,#2928),.PCURVE_S1.);
#2918 = LINE('',#2919,#2920);
#2919 = CARTESIAN_POINT('',(-30.5,15.25,122.5));
#2920 = VECTOR('',#2921,1.);
#2921 = DIRECTION('',(0.,-1.,0.));
#2922 = PCURVE('',#2791,#2923);
#2923 = DEFINITIONAL_REPRESENTATION('',(#2924),#2927);
#2924 = B_SPLINE_CURVE_WITH_KNOTS('',1,(#2925,#2926),.UNSPECIFIED.,.F.,
  .F.,(2,2),(-4.25,34.75),.PIECEWISE_BEZIER_KNOTS.);
#2925 = CARTESIAN_POINT('',(11.,-122.5));
#2926 = CARTESIAN_POINT('',(50.,-122.5));
#2927 = ( GEOMETRIC_REPRESENTATION_CONTEXT(2) 
PARAMETRIC_REPRESENTATION_CONTEXT() REPRESENTATION_CONTEXT('2D SPACE',''
  ) );
#2928 = PCURVE('',#2877,#2929);
#2929 = DEFINITIONAL_REPRESENTATION('',(#2930),#2933);
#2930 = B_SPLINE_CURVE_WITH_KNOTS('',1,(#2931,#2932),.UNSPECIFIED.,.F.,
  .F.,(2,2),(-4.25,34.75),.PIECEWISE_BEZIER_KNOTS.);
#2931 = CARTESIAN_POINT('',(-30.5,19.5));
#2932 = CARTESIAN_POINT('',(-30.5,-19.5));
#2933 = ( GEOMETRIC_REPRESENTATION_CONTEXT(2) 
PARAMETRIC_REPRESENTATION_CONTEXT() REPRESENTATION_CONTEXT('2D SPACE',''
  ) );
#2934 = ORIENTED_EDGE('',*,*,#2839,.F.);
#2935 = ADVANCED_FACE('',(#2936),#2766,.T.);
#2936 = FACE_BOUND('',#2937,.T.);
#2937 = EDGE_LOOP('',(#2938,#2961,#2962,#2963));
#2938 = ORIENTED_EDGE('',*,*,#2939,.F.);
#2939 = EDGE_CURVE('',#2724,#2940,#2942,.T.);
#2940 = VERTEX_POINT('',#2941);
#2941 = CARTESIAN_POINT('',(-19.5,30.5,122.5));
#2942 = SURFACE_CURVE('',#2943,(#2947,#2954),.PCURVE_S1.);
#2943 = LINE('',#2944,#2945);
#2944 = CARTESIAN_POINT('',(-19.5,30.5,0.));
#2945 = VECTOR('',#2946,1.);
#2946 = DIRECTION('',(0.,0.,1.));
#2947 = PCURVE('',#2766,#2948);
#2948 = DEFINITIONAL_REPRESENTATION('',(#2949),#2953);
#2949 = LINE('',#2950,#2951);
#2950 = CARTESIAN_POINT('',(0.,0.));
#2951 = VECTOR('',#2952,1.);
#2952 = DIRECTION('',(0.,1.));
#2953 = ( GEOMETRIC_REPRESENTATION_CONTEXT(2) 
PARAMETRIC_REPRESENTATION_CONTEXT() REPRESENTATION_CONTEXT('2D SPACE',''
  ) );
#2954 = PCURVE('',#2738,#2955);
#2955 = DEFINITIONAL_REPRESENTATION('',(#2956),#2960);
#2956 = LINE('',#2957,#2958);
#2957 = CARTESIAN_POINT('',(50.,0.));
#2958 = VECTOR('',#2959,1.);
#2959 = DIRECTION('',(0.,-1.));
#2960 = ( GEOMETRIC_REPRESENTATION_CONTEXT(2) 
PARAMETRIC_REPRESENTATION_CONTEXT() REPRESENTATION_CONTEXT('2D SPACE',''
  ) );
#2961 = ORIENTED_EDGE('',*,*,#2749,.T.);
#2962 = ORIENTED_EDGE('',*,*,#2893,.T.);
#2963 = ORIENTED_EDGE('',*,*,#2964,.F.);
#2964 = EDGE_CURVE('',#2940,#2894,#2965,.T.);
#2965 = SURFACE_CURVE('',#2966,(#2971,#2978),.PCURVE_S1.);
#2966 = CIRCLE('',#2967,11.);
#2967 = AXIS2_PLACEMENT_3D('',#2968,#2969,#2970);
#2968 = CARTESIAN_POINT('',(-19.5,19.5,122.5));
#2969 = DIRECTION('',(0.,0.,1.));
#2970 = DIRECTION('',(-0.,1.,0.));
#2971 = PCURVE('',#2766,#2972);
#2972 = DEFINITIONAL_REPRESENTATION('',(#2973),#2977);
#2973 = LINE('',#2974,#2975);
#2974 = CARTESIAN_POINT('',(0.,122.5));
#2975 = VECTOR('',#2976,1.);
#2976 = DIRECTION('',(1.,0.));
#2977 = ( GEOMETRIC_REPRESENTATION_CONTEXT(2) 
PARAMETRIC_REPRESENTATION_CONTEXT() REPRESENTATION_CONTEXT('2D SPACE',''
  ) );
#2978 = PCURVE('',#2877,#2979);
#2979 = DEFINITIONAL_REPRESENTATION('',(#2980),#2984);
#2980 = CIRCLE('',#2981,11.);
#2981 = AXIS2_PLACEMENT_2D('',#2982,#2983);
#2982 = CARTESIAN_POINT('',(-19.5,19.5));
#2983 = DIRECTION('',(0.,1.));
#2984 = ( GEOMETRIC_REPRESENTATION_CONTEXT(2) 
PARAMETRIC_REPRESENTATION_CONTEXT() REPRESENTATION_CONTEXT('2D SPACE',''
  ) );
#2985 = ADVANCED_FACE('',(#2986),#2738,.F.);
#2986 = FACE_BOUND('',#2987,.F.);
#2987 = EDGE_LOOP('',(#2988,#2989,#3012,#3031));
#2988 = ORIENTED_EDGE('',*,*,#2723,.F.);
#2989 = ORIENTED_EDGE('',*,*,#2990,.T.);
#2990 = EDGE_CURVE('',#2695,#2991,#2993,.T.);
#2991 = VERTEX_POINT('',#2992);
#2992 = CARTESIAN_POINT('',(19.5,30.5,122.5));
#2993 = SURFACE_CURVE('',#2994,(#2998,#3005),.PCURVE_S1.);
#2994 = LINE('',#2995,#2996);
#2995 = CARTESIAN_POINT('',(19.5,30.5,0.));
#2996 = VECTOR('',#2997,1.);
#2997 = DIRECTION('',(0.,0.,1.));
#2998 = PCURVE('',#2738,#2999);
#2999 = DEFINITIONAL_REPRESENTATION('',(#3000),#3004);
#3000 = LINE('',#3001,#3002);
#3001 = CARTESIAN_POINT('',(11.,0.));
#3002 = VECTOR('',#3003,1.);
#3003 = DIRECTION('',(0.,-1.));
#3004 = ( GEOMETRIC_REPRESENTATION_CONTEXT(2) 
PARAMETRIC_REPRESENTATION_CONTEXT() REPRESENTATION_CONTEXT('2D SPACE',''
  ) );
#3005 = PCURVE('',#2711,#3006);
#3006 = DEFINITIONAL_REPRESENTATION('',(#3007),#3011);
#3007 = LINE('',#3008,#3009);
#3008 = CARTESIAN_POINT('',(1.570796326795,0.));
#3009 = VECTOR('',#3010,1.);
#3010 = DIRECTION('',(0.,1.));
#3011 = ( GEOMETRIC_REPRESENTATION_CONTEXT(2) 
PARAMETRIC_REPRESENTATION_CONTEXT() REPRESENTATION_CONTEXT('2D SPACE',''
  ) );
#3012 = ORIENTED_EDGE('',*,*,#3013,.T.);
#3013 = EDGE_CURVE('',#2991,#2940,#3014,.T.);
#3014 = SURFACE_CURVE('',#3015,(#3019,#3025),.PCURVE_S1.);
#3015 = LINE('',#3016,#3017);
#3016 = CARTESIAN_POINT('',(15.25,30.5,122.5));
#3017 = VECTOR('',#3018,1.);
#3018 = DIRECTION('',(-1.,0.,0.));
#3019 = PCURVE('',#2738,#3020);
#3020 = DEFINITIONAL_REPRESENTATION('',(#3021),#3024);
#3021 = B_SPLINE_CURVE_WITH_KNOTS('',1,(#3022,#3023),.UNSPECIFIED.,.F.,
  .F.,(2,2),(-4.25,34.75),.PIECEWISE_BEZIER_KNOTS.);
#3022 = CARTESIAN_POINT('',(11.,-122.5));
#3023 = CARTESIAN_POINT('',(50.,-122.5));
#3024 = ( GEOMETRIC_REPRESENTATION_CONTEXT(2) 
PARAMETRIC_REPRESENTATION_CONTEXT() REPRESENTATION_CONTEXT('2D SPACE',''
  ) );
#3025 = PCURVE('',#2877,#3026);
#3026 = DEFINITIONAL_REPRESENTATION('',(#3027),#3030);
#3027 = B_SPLINE_CURVE_WITH_KNOTS('',1,(#3028,#3029),.UNSPECIFIED.,.F.,
  .F.,(2,2),(-4.25,34.75),.PIECEWISE_BEZIER_KNOTS.);
#3028 = CARTESIAN_POINT('',(19.5,30.5));
#3029 = CARTESIAN_POINT('',(-19.5,30.5));
#3030 = ( GEOMETRIC_REPRESENTATION_CONTEXT(2) 
PARAMETRIC_REPRESENTATION_CONTEXT() REPRESENTATION_CONTEXT('2D SPACE',''
  ) );
#3031 = ORIENTED_EDGE('',*,*,#2939,.F.);
#3032 = ADVANCED_FACE('',(#3033),#2711,.T.);
#3033 = FACE_BOUND('',#3034,.T.);
#3034 = EDGE_LOOP('',(#3035,#3058,#3059,#3060));
#3035 = ORIENTED_EDGE('',*,*,#3036,.F.);
#3036 = EDGE_CURVE('',#2669,#3037,#3039,.T.);
#3037 = VERTEX_POINT('',#3038);
#3038 = CARTESIAN_POINT('',(30.5,19.5,122.5));
#3039 = SURFACE_CURVE('',#3040,(#3044,#3051),.PCURVE_S1.);
#3040 = LINE('',#3041,#3042);
#3041 = CARTESIAN_POINT('',(30.5,19.5,0.));
#3042 = VECTOR('',#3043,1.);
#3043 = DIRECTION('',(0.,0.,1.));
#3044 = PCURVE('',#2711,#3045);
#3045 = DEFINITIONAL_REPRESENTATION('',(#3046),#3050);
#3046 = LINE('',#3047,#3048);
#3047 = CARTESIAN_POINT('',(0.,0.));
#3048 = VECTOR('',#3049,1.);
#3049 = DIRECTION('',(0.,1.));
#3050 = ( GEOMETRIC_REPRESENTATION_CONTEXT(2) 
PARAMETRIC_REPRESENTATION_CONTEXT() REPRESENTATION_CONTEXT('2D SPACE',''
  ) );
#3051 = PCURVE('',#2683,#3052);
#3052 = DEFINITIONAL_REPRESENTATION('',(#3053),#3057);
#3053 = LINE('',#3054,#3055);
#3054 = CARTESIAN_POINT('',(50.,0.));
#3055 = VECTOR('',#3056,1.);
#3056 = DIRECTION('',(0.,-1.));
#3057 = ( GEOMETRIC_REPRESENTATION_CONTEXT(2) 
PARAMETRIC_REPRESENTATION_CONTEXT() REPRESENTATION_CONTEXT('2D SPACE',''
  ) );
#3058 = ORIENTED_EDGE('',*,*,#2694,.T.);
#3059 = ORIENTED_EDGE('',*,*,#2990,.T.);
#3060 = ORIENTED_EDGE('',*,*,#3061,.F.);
#3061 = EDGE_CURVE('',#3037,#2991,#3062,.T.);
#3062 = SURFACE_CURVE('',#3063,(#3068,#3075),.PCURVE_S1.);
#3063 = CIRCLE('',#3064,11.);
#3064 = AXIS2_PLACEMENT_3D('',#3065,#3066,#3067);
#3065 = CARTESIAN_POINT('',(19.5,19.5,122.5));
#3066 = DIRECTION('',(0.,0.,1.));
#3067 = DIRECTION('',(1.,0.,-0.));
#3068 = PCURVE('',#2711,#3069);
#3069 = DEFINITIONAL_REPRESENTATION('',(#3070),#3074);
#3070 = LINE('',#3071,#3072);
#3071 = CARTESIAN_POINT('',(0.,122.5));
#3072 = VECTOR('',#3073,1.);
#3073 = DIRECTION('',(1.,0.));
#3074 = ( GEOMETRIC_REPRESENTATION_CONTEXT(2) 
PARAMETRIC_REPRESENTATION_CONTEXT() REPRESENTATION_CONTEXT('2D SPACE',''
  ) );
#3075 = PCURVE('',#2877,#3076);
#3076 = DEFINITIONAL_REPRESENTATION('',(#3077),#3081);
#3077 = CIRCLE('',#3078,11.);
#3078 = AXIS2_PLACEMENT_2D('',#3079,#3080);
#3079 = CARTESIAN_POINT('',(19.5,19.5));
#3080 = DIRECTION('',(1.,0.));
#3081 = ( GEOMETRIC_REPRESENTATION_CONTEXT(2) 
PARAMETRIC_REPRESENTATION_CONTEXT() REPRESENTATION_CONTEXT('2D SPACE',''
  ) );
#3082 = ADVANCED_FACE('',(#3083),#2683,.F.);
#3083 = FACE_BOUND('',#3084,.F.);
#3084 = EDGE_LOOP('',(#3085,#3086,#3109,#3128));
#3085 = ORIENTED_EDGE('',*,*,#2668,.F.);
#3086 = ORIENTED_EDGE('',*,*,#3087,.T.);
#3087 = EDGE_CURVE('',#2640,#3088,#3090,.T.);
#3088 = VERTEX_POINT('',#3089);
#3089 = CARTESIAN_POINT('',(30.5,-19.5,122.5));
#3090 = SURFACE_CURVE('',#3091,(#3095,#3102),.PCURVE_S1.);
#3091 = LINE('',#3092,#3093);
#3092 = CARTESIAN_POINT('',(30.5,-19.5,0.));
#3093 = VECTOR('',#3094,1.);
#3094 = DIRECTION('',(0.,0.,1.));
#3095 = PCURVE('',#2683,#3096);
#3096 = DEFINITIONAL_REPRESENTATION('',(#3097),#3101);
#3097 = LINE('',#3098,#3099);
#3098 = CARTESIAN_POINT('',(11.,0.));
#3099 = VECTOR('',#3100,1.);
#3100 = DIRECTION('',(0.,-1.));
#3101 = ( GEOMETRIC_REPRESENTATION_CONTEXT(2) 
PARAMETRIC_REPRESENTATION_CONTEXT() REPRESENTATION_CONTEXT('2D SPACE',''
  ) );
#3102 = PCURVE('',#2656,#3103);
#3103 = DEFINITIONAL_REPRESENTATION('',(#3104),#3108);
#3104 = LINE('',#3105,#3106);
#3105 = CARTESIAN_POINT('',(1.570796326795,0.));
#3106 = VECTOR('',#3107,1.);
#3107 = DIRECTION('',(0.,1.));
#3108 = ( GEOMETRIC_REPRESENTATION_CONTEXT(2) 
PARAMETRIC_REPRESENTATION_CONTEXT() REPRESENTATION_CONTEXT('2D SPACE',''
  ) );
#3109 = ORIENTED_EDGE('',*,*,#3110,.T.);
#3110 = EDGE_CURVE('',#3088,#3037,#3111,.T.);
#3111 = SURFACE_CURVE('',#3112,(#3116,#3122),.PCURVE_S1.);
#3112 = LINE('',#3113,#3114);
#3113 = CARTESIAN_POINT('',(30.5,-15.25,122.5));
#3114 = VECTOR('',#3115,1.);
#3115 = DIRECTION('',(0.,1.,-0.));
#3116 = PCURVE('',#2683,#3117);
#3117 = DEFINITIONAL_REPRESENTATION('',(#3118),#3121);
#3118 = B_SPLINE_CURVE_WITH_KNOTS('',1,(#3119,#3120),.UNSPECIFIED.,.F.,
  .F.,(2,2),(-4.25,34.75),.PIECEWISE_BEZIER_KNOTS.);
#3119 = CARTESIAN_POINT('',(11.,-122.5));
#3120 = CARTESIAN_POINT('',(50.,-122.5));
#3121 = ( GEOMETRIC_REPRESENTATION_CONTEXT(2) 
PARAMETRIC_REPRESENTATION_CONTEXT() REPRESENTATION_CONTEXT('2D SPACE',''
  ) );
#3122 = PCURVE('',#2877,#3123);
#3123 = DEFINITIONAL_REPRESENTATION('',(#3124),#3127);
#3124 = B_SPLINE_CURVE_WITH_KNOTS('',1,(#3125,#3126),.UNSPECIFIED.,.F.,
  .F.,(2,2),(-4.25,34.75),.PIECEWISE_BEZIER_KNOTS.);
#3125 = CARTESIAN_POINT('',(30.5,-19.5));
#3126 = CARTESIAN_POINT('',(30.5,19.5));
#3127 = ( GEOMETRIC_REPRESENTATION_CONTEXT(2) 
PARAMETRIC_REPRESENTATION_CONTEXT() REPRESENTATION_CONTEXT('2D SPACE',''
  ) );
#3128 = ORIENTED_EDGE('',*,*,#3036,.F.);
#3129 = ADVANCED_FACE('',(#3130),#2656,.T.);
#3130 = FACE_BOUND('',#3131,.T.);
#3131 = EDGE_LOOP('',(#3132,#3155,#3156,#3157));
#3132 = ORIENTED_EDGE('',*,*,#3133,.F.);
#3133 = EDGE_CURVE('',#2614,#3134,#3136,.T.);
#3134 = VERTEX_POINT('',#3135);
#3135 = CARTESIAN_POINT('',(19.5,-30.5,122.5));
#3136 = SURFACE_CURVE('',#3137,(#3141,#3148),.PCURVE_S1.);
#3137 = LINE('',#3138,#3139);
#3138 = CARTESIAN_POINT('',(19.5,-30.5,0.));
#3139 = VECTOR('',#3140,1.);
#3140 = DIRECTION('',(0.,0.,1.));
#3141 = PCURVE('',#2656,#3142);
#3142 = DEFINITIONAL_REPRESENTATION('',(#3143),#3147);
#3143 = LINE('',#3144,#3145);
#3144 = CARTESIAN_POINT('',(0.,0.));
#3145 = VECTOR('',#3146,1.);
#3146 = DIRECTION('',(0.,1.));
#3147 = ( GEOMETRIC_REPRESENTATION_CONTEXT(2) 
PARAMETRIC_REPRESENTATION_CONTEXT() REPRESENTATION_CONTEXT('2D SPACE',''
  ) );
#3148 = PCURVE('',#2628,#3149);
#3149 = DEFINITIONAL_REPRESENTATION('',(#3150),#3154);
#3150 = LINE('',#3151,#3152);
#3151 = CARTESIAN_POINT('',(50.,0.));
#3152 = VECTOR('',#3153,1.);
#3153 = DIRECTION('',(0.,-1.));
#3154 = ( GEOMETRIC_REPRESENTATION_CONTEXT(2) 
PARAMETRIC_REPRESENTATION_CONTEXT() REPRESENTATION_CONTEXT('2D SPACE',''
  ) );
#3155 = ORIENTED_EDGE('',*,*,#2639,.T.);
#3156 = ORIENTED_EDGE('',*,*,#3087,.T.);
#3157 = ORIENTED_EDGE('',*,*,#3158,.F.);
#3158 = EDGE_CURVE('',#3134,#3088,#3159,.T.);
#3159 = SURFACE_CURVE('',#3160,(#3165,#3172),.PCURVE_S1.);
#3160 = CIRCLE('',#3161,11.);
#3161 = AXIS2_PLACEMENT_3D('',#3162,#3163,#3164);
#3162 = CARTESIAN_POINT('',(19.5,-19.5,122.5));
#3163 = DIRECTION('',(0.,0.,1.));
#3164 = DIRECTION('',(0.,-1.,0.));
#3165 = PCURVE('',#2656,#3166);
#3166 = DEFINITIONAL_REPRESENTATION('',(#3167),#3171);
#3167 = LINE('',#3168,#3169);
#3168 = CARTESIAN_POINT('',(0.,122.5));
#3169 = VECTOR('',#3170,1.);
#3170 = DIRECTION('',(1.,0.));
#3171 = ( GEOMETRIC_REPRESENTATION_CONTEXT(2) 
PARAMETRIC_REPRESENTATION_CONTEXT() REPRESENTATION_CONTEXT('2D SPACE',''
  ) );
#3172 = PCURVE('',#2877,#3173);
#3173 = DEFINITIONAL_REPRESENTATION('',(#3174),#3178);
#3174 = CIRCLE('',#3175,11.);
#3175 = AXIS2_PLACEMENT_2D('',#3176,#3177);
#3176 = CARTESIAN_POINT('',(19.5,-19.5));
#3177 = DIRECTION('',(0.,-1.));
#3178 = ( GEOMETRIC_REPRESENTATION_CONTEXT(2) 
PARAMETRIC_REPRESENTATION_CONTEXT() REPRESENTATION_CONTEXT('2D SPACE',''
  ) );
#3179 = ADVANCED_FACE('',(#3180),#2628,.F.);
#3180 = FACE_BOUND('',#3181,.F.);
#3181 = EDGE_LOOP('',(#3182,#3183,#3184,#3203));
#3182 = ORIENTED_EDGE('',*,*,#2613,.F.);
#3183 = ORIENTED_EDGE('',*,*,#2815,.T.);
#3184 = ORIENTED_EDGE('',*,*,#3185,.T.);
#3185 = EDGE_CURVE('',#2816,#3134,#3186,.T.);
#3186 = SURFACE_CURVE('',#3187,(#3191,#3197),.PCURVE_S1.);
#3187 = LINE('',#3188,#3189);
#3188 = CARTESIAN_POINT('',(-15.25,-30.5,122.5));
#3189 = VECTOR('',#3190,1.);
#3190 = DIRECTION('',(1.,0.,0.));
#3191 = PCURVE('',#2628,#3192);
#3192 = DEFINITIONAL_REPRESENTATION('',(#3193),#3196);
#3193 = B_SPLINE_CURVE_WITH_KNOTS('',1,(#3194,#3195),.UNSPECIFIED.,.F.,
  .F.,(2,2),(-4.25,34.75),.PIECEWISE_BEZIER_KNOTS.);
#3194 = CARTESIAN_POINT('',(11.,-122.5));
#3195 = CARTESIAN_POINT('',(50.,-122.5));
#3196 = ( GEOMETRIC_REPRESENTATION_CONTEXT(2) 
PARAMETRIC_REPRESENTATION_CONTEXT() REPRESENTATION_CONTEXT('2D SPACE',''
  ) );
#3197 = PCURVE('',#2877,#3198);
#3198 = DEFINITIONAL_REPRESENTATION('',(#3199),#3202);
#3199 = B_SPLINE_CURVE_WITH_KNOTS('',1,(#3200,#3201),.UNSPECIFIED.,.F.,
  .F.,(2,2),(-4.25,34.75),.PIECEWISE_BEZIER_KNOTS.);
#3200 = CARTESIAN_POINT('',(-19.5,-30.5));
#3201 = CARTESIAN_POINT('',(19.5,-30.5));
#3202 = ( GEOMETRIC_REPRESENTATION_CONTEXT(2) 
PARAMETRIC_REPRESENTATION_CONTEXT() REPRESENTATION_CONTEXT('2D SPACE',''
  ) );
#3203 = ORIENTED_EDGE('',*,*,#3133,.F.);
#3204 = ADVANCED_FACE('',(#3205,#3215),#2877,.T.);
#3205 = FACE_BOUND('',#3206,.T.);
#3206 = EDGE_LOOP('',(#3207,#3208,#3209,#3210,#3211,#3212,#3213,#3214));
#3207 = ORIENTED_EDGE('',*,*,#2862,.T.);
#3208 = ORIENTED_EDGE('',*,*,#3185,.T.);
#3209 = ORIENTED_EDGE('',*,*,#3158,.T.);
#3210 = ORIENTED_EDGE('',*,*,#3110,.T.);
#3211 = ORIENTED_EDGE('',*,*,#3061,.T.);
#3212 = ORIENTED_EDGE('',*,*,#3013,.T.);
#3213 = ORIENTED_EDGE('',*,*,#2964,.T.);
#3214 = ORIENTED_EDGE('',*,*,#2916,.T.);
#3215 = FACE_BOUND('',#3216,.T.);
#3216 = EDGE_LOOP('',(#3217,#3248,#3274,#3303,#3329,#3358,#3384,#3413));
#3217 = ORIENTED_EDGE('',*,*,#3218,.F.);
#3218 = EDGE_CURVE('',#3219,#3221,#3223,.T.);
#3219 = VERTEX_POINT('',#3220);
#3220 = CARTESIAN_POINT('',(19.5,-29.3,122.5));
#3221 = VERTEX_POINT('',#3222);
#3222 = CARTESIAN_POINT('',(29.3,-19.5,122.5));
#3223 = SURFACE_CURVE('',#3224,(#3229,#3236),.PCURVE_S1.);
#3224 = CIRCLE('',#3225,9.8);
#3225 = AXIS2_PLACEMENT_3D('',#3226,#3227,#3228);
#3226 = CARTESIAN_POINT('',(19.5,-19.5,122.5));
#3227 = DIRECTION('',(0.,0.,1.));
#3228 = DIRECTION('',(0.,-1.,0.));
#3229 = PCURVE('',#2877,#3230);
#3230 = DEFINITIONAL_REPRESENTATION('',(#3231),#3235);
#3231 = CIRCLE('',#3232,9.8);
#3232 = AXIS2_PLACEMENT_2D('',#3233,#3234);
#3233 = CARTESIAN_POINT('',(19.5,-19.5));
#3234 = DIRECTION('',(0.,-1.));
#3235 = ( GEOMETRIC_REPRESENTATION_CONTEXT(2) 
PARAMETRIC_REPRESENTATION_CONTEXT() REPRESENTATION_CONTEXT('2D SPACE',''
  ) );
#3236 = PCURVE('',#3237,#3242);
#3237 = CYLINDRICAL_SURFACE('',#3238,9.8);
#3238 = AXIS2_PLACEMENT_3D('',#3239,#3240,#3241);
#3239 = CARTESIAN_POINT('',(19.5,-19.5,121.5));
#3240 = DIRECTION('',(0.,0.,1.));
#3241 = DIRECTION('',(0.,-1.,0.));
#3242 = DEFINITIONAL_REPRESENTATION('',(#3243),#3247);
#3243 = LINE('',#3244,#3245);
#3244 = CARTESIAN_POINT('',(0.,1.));
#3245 = VECTOR('',#3246,1.);
#3246 = DIRECTION('',(1.,0.));
#3247 = ( GEOMETRIC_REPRESENTATION_CONTEXT(2) 
PARAMETRIC_REPRESENTATION_CONTEXT() REPRESENTATION_CONTEXT('2D SPACE',''
  ) );
#3248 = ORIENTED_EDGE('',*,*,#3249,.T.);
#3249 = EDGE_CURVE('',#3219,#3250,#3252,.T.);
#3250 = VERTEX_POINT('',#3251);
#3251 = CARTESIAN_POINT('',(-19.5,-29.3,122.5));
#3252 = SURFACE_CURVE('',#3253,(#3257,#3263),.PCURVE_S1.);
#3253 = LINE('',#3254,#3255);
#3254 = CARTESIAN_POINT('',(-14.65,-29.3,122.5));
#3255 = VECTOR('',#3256,1.);
#3256 = DIRECTION('',(-1.,0.,0.));
#3257 = PCURVE('',#2877,#3258);
#3258 = DEFINITIONAL_REPRESENTATION('',(#3259),#3262);
#3259 = B_SPLINE_CURVE_WITH_KNOTS('',1,(#3260,#3261),.UNSPECIFIED.,.F.,
  .F.,(2,2),(-34.15,4.85),.PIECEWISE_BEZIER_KNOTS.);
#3260 = CARTESIAN_POINT('',(19.5,-29.3));
#3261 = CARTESIAN_POINT('',(-19.5,-29.3));
#3262 = ( GEOMETRIC_REPRESENTATION_CONTEXT(2) 
PARAMETRIC_REPRESENTATION_CONTEXT() REPRESENTATION_CONTEXT('2D SPACE',''
  ) );
#3263 = PCURVE('',#3264,#3269);
#3264 = PLANE('',#3265);
#3265 = AXIS2_PLACEMENT_3D('',#3266,#3267,#3268);
#3266 = CARTESIAN_POINT('',(-29.3,-29.3,121.5));
#3267 = DIRECTION('',(0.,1.,0.));
#3268 = DIRECTION('',(1.,0.,0.));
#3269 = DEFINITIONAL_REPRESENTATION('',(#3270),#3273);
#3270 = B_SPLINE_CURVE_WITH_KNOTS('',1,(#3271,#3272),.UNSPECIFIED.,.F.,
  .F.,(2,2),(-34.15,4.85),.PIECEWISE_BEZIER_KNOTS.);
#3271 = CARTESIAN_POINT('',(48.8,-1.));
#3272 = CARTESIAN_POINT('',(9.8,-1.));
#3273 = ( GEOMETRIC_REPRESENTATION_CONTEXT(2) 
PARAMETRIC_REPRESENTATION_CONTEXT() REPRESENTATION_CONTEXT('2D SPACE',''
  ) );
#3274 = ORIENTED_EDGE('',*,*,#3275,.F.);
#3275 = EDGE_CURVE('',#3276,#3250,#3278,.T.);
#3276 = VERTEX_POINT('',#3277);
#3277 = CARTESIAN_POINT('',(-29.3,-19.5,122.5));
#3278 = SURFACE_CURVE('',#3279,(#3284,#3291),.PCURVE_S1.);
#3279 = CIRCLE('',#3280,9.8);
#3280 = AXIS2_PLACEMENT_3D('',#3281,#3282,#3283);
#3281 = CARTESIAN_POINT('',(-19.5,-19.5,122.5));
#3282 = DIRECTION('',(0.,0.,1.));
#3283 = DIRECTION('',(0.,-1.,0.));
#3284 = PCURVE('',#2877,#3285);
#3285 = DEFINITIONAL_REPRESENTATION('',(#3286),#3290);
#3286 = CIRCLE('',#3287,9.8);
#3287 = AXIS2_PLACEMENT_2D('',#3288,#3289);
#3288 = CARTESIAN_POINT('',(-19.5,-19.5));
#3289 = DIRECTION('',(0.,-1.));
#3290 = ( GEOMETRIC_REPRESENTATION_CONTEXT(2) 
PARAMETRIC_REPRESENTATION_CONTEXT() REPRESENTATION_CONTEXT('2D SPACE',''
  ) );
#3291 = PCURVE('',#3292,#3297);
#3292 = CYLINDRICAL_SURFACE('',#3293,9.8);
#3293 = AXIS2_PLACEMENT_3D('',#3294,#3295,#3296);
#3294 = CARTESIAN_POINT('',(-19.5,-19.5,121.5));
#3295 = DIRECTION('',(0.,0.,1.));
#3296 = DIRECTION('',(0.,-1.,0.));
#3297 = DEFINITIONAL_REPRESENTATION('',(#3298),#3302);
#3298 = LINE('',#3299,#3300);
#3299 = CARTESIAN_POINT('',(-6.28318530718,1.));
#3300 = VECTOR('',#3301,1.);
#3301 = DIRECTION('',(1.,-0.));
#3302 = ( GEOMETRIC_REPRESENTATION_CONTEXT(2) 
PARAMETRIC_REPRESENTATION_CONTEXT() REPRESENTATION_CONTEXT('2D SPACE',''
  ) );
#3303 = ORIENTED_EDGE('',*,*,#3304,.T.);
#3304 = EDGE_CURVE('',#3276,#3305,#3307,.T.);
#3305 = VERTEX_POINT('',#3306);
#3306 = CARTESIAN_POINT('',(-29.3,19.5,122.5));
#3307 = SURFACE_CURVE('',#3308,(#3312,#3318),.PCURVE_S1.);
#3308 = LINE('',#3309,#3310);
#3309 = CARTESIAN_POINT('',(-29.3,14.65,122.5));
#3310 = VECTOR('',#3311,1.);
#3311 = DIRECTION('',(-0.,1.,0.));
#3312 = PCURVE('',#2877,#3313);
#3313 = DEFINITIONAL_REPRESENTATION('',(#3314),#3317);
#3314 = B_SPLINE_CURVE_WITH_KNOTS('',1,(#3315,#3316),.UNSPECIFIED.,.F.,
  .F.,(2,2),(-34.15,4.85),.PIECEWISE_BEZIER_KNOTS.);
#3315 = CARTESIAN_POINT('',(-29.3,-19.5));
#3316 = CARTESIAN_POINT('',(-29.3,19.5));
#3317 = ( GEOMETRIC_REPRESENTATION_CONTEXT(2) 
PARAMETRIC_REPRESENTATION_CONTEXT() REPRESENTATION_CONTEXT('2D SPACE',''
  ) );
#3318 = PCURVE('',#3319,#3324);
#3319 = PLANE('',#3320);
#3320 = AXIS2_PLACEMENT_3D('',#3321,#3322,#3323);
#3321 = CARTESIAN_POINT('',(-29.3,29.3,121.5));
#3322 = DIRECTION('',(1.,0.,-0.));
#3323 = DIRECTION('',(0.,-1.,0.));
#3324 = DEFINITIONAL_REPRESENTATION('',(#3325),#3328);
#3325 = B_SPLINE_CURVE_WITH_KNOTS('',1,(#3326,#3327),.UNSPECIFIED.,.F.,
  .F.,(2,2),(-34.15,4.85),.PIECEWISE_BEZIER_KNOTS.);
#3326 = CARTESIAN_POINT('',(48.8,-1.));
#3327 = CARTESIAN_POINT('',(9.8,-1.));
#3328 = ( GEOMETRIC_REPRESENTATION_CONTEXT(2) 
PARAMETRIC_REPRESENTATION_CONTEXT() REPRESENTATION_CONTEXT('2D SPACE',''
  ) );
#3329 = ORIENTED_EDGE('',*,*,#3330,.F.);
#3330 = EDGE_CURVE('',#3331,#3305,#3333,.T.);
#3331 = VERTEX_POINT('',#3332);
#3332 = CARTESIAN_POINT('',(-19.5,29.3,122.5));
#3333 = SURFACE_CURVE('',#3334,(#3339,#3346),.PCURVE_S1.);
#3334 = CIRCLE('',#3335,9.8);
#3335 = AXIS2_PLACEMENT_3D('',#3336,#3337,#3338);
#3336 = CARTESIAN_POINT('',(-19.5,19.5,122.5));
#3337 = DIRECTION('',(0.,0.,1.));
#3338 = DIRECTION('',(-0.,1.,0.));
#3339 = PCURVE('',#2877,#3340);
#3340 = DEFINITIONAL_REPRESENTATION('',(#3341),#3345);
#3341 = CIRCLE('',#3342,9.8);
#3342 = AXIS2_PLACEMENT_2D('',#3343,#3344);
#3343 = CARTESIAN_POINT('',(-19.5,19.5));
#3344 = DIRECTION('',(0.,1.));
#3345 = ( GEOMETRIC_REPRESENTATION_CONTEXT(2) 
PARAMETRIC_REPRESENTATION_CONTEXT() REPRESENTATION_CONTEXT('2D SPACE',''
  ) );
#3346 = PCURVE('',#3347,#3352);
#3347 = CYLINDRICAL_SURFACE('',#3348,9.8);
#3348 = AXIS2_PLACEMENT_3D('',#3349,#3350,#3351);
#3349 = CARTESIAN_POINT('',(-19.5,19.5,121.5));
#3350 = DIRECTION('',(0.,0.,1.));
#3351 = DIRECTION('',(-0.,1.,0.));
#3352 = DEFINITIONAL_REPRESENTATION('',(#3353),#3357);
#3353 = LINE('',#3354,#3355);
#3354 = CARTESIAN_POINT('',(0.,1.));
#3355 = VECTOR('',#3356,1.);
#3356 = DIRECTION('',(1.,0.));
#3357 = ( GEOMETRIC_REPRESENTATION_CONTEXT(2) 
PARAMETRIC_REPRESENTATION_CONTEXT() REPRESENTATION_CONTEXT('2D SPACE',''
  ) );
#3358 = ORIENTED_EDGE('',*,*,#3359,.T.);
#3359 = EDGE_CURVE('',#3331,#3360,#3362,.T.);
#3360 = VERTEX_POINT('',#3361);
#3361 = CARTESIAN_POINT('',(19.5,29.3,122.5));
#3362 = SURFACE_CURVE('',#3363,(#3367,#3373),.PCURVE_S1.);
#3363 = LINE('',#3364,#3365);
#3364 = CARTESIAN_POINT('',(14.65,29.3,122.5));
#3365 = VECTOR('',#3366,1.);
#3366 = DIRECTION('',(1.,0.,-0.));
#3367 = PCURVE('',#2877,#3368);
#3368 = DEFINITIONAL_REPRESENTATION('',(#3369),#3372);
#3369 = B_SPLINE_CURVE_WITH_KNOTS('',1,(#3370,#3371),.UNSPECIFIED.,.F.,
  .F.,(2,2),(-34.15,4.85),.PIECEWISE_BEZIER_KNOTS.);
#3370 = CARTESIAN_POINT('',(-19.5,29.3));
#3371 = CARTESIAN_POINT('',(19.5,29.3));
#3372 = ( GEOMETRIC_REPRESENTATION_CONTEXT(2) 
PARAMETRIC_REPRESENTATION_CONTEXT() REPRESENTATION_CONTEXT('2D SPACE',''
  ) );
#3373 = PCURVE('',#3374,#3379);
#3374 = PLANE('',#3375);
#3375 = AXIS2_PLACEMENT_3D('',#3376,#3377,#3378);
#3376 = CARTESIAN_POINT('',(29.3,29.3,121.5));
#3377 = DIRECTION('',(0.,-1.,0.));
#3378 = DIRECTION('',(-1.,0.,0.));
#3379 = DEFINITIONAL_REPRESENTATION('',(#3380),#3383);
#3380 = B_SPLINE_CURVE_WITH_KNOTS('',1,(#3381,#3382),.UNSPECIFIED.,.F.,
  .F.,(2,2),(-34.15,4.85),.PIECEWISE_BEZIER_KNOTS.);
#3381 = CARTESIAN_POINT('',(48.8,-1.));
#3382 = CARTESIAN_POINT('',(9.8,-1.));
#3383 = ( GEOMETRIC_REPRESENTATION_CONTEXT(2) 
PARAMETRIC_REPRESENTATION_CONTEXT() REPRESENTATION_CONTEXT('2D SPACE',''
  ) );
#3384 = ORIENTED_EDGE('',*,*,#3385,.F.);
#3385 = EDGE_CURVE('',#3386,#3360,#3388,.T.);
#3386 = VERTEX_POINT('',#3387);
#3387 = CARTESIAN_POINT('',(29.3,19.5,122.5));
#3388 = SURFACE_CURVE('',#3389,(#3394,#3401),.PCURVE_S1.);
#3389 = CIRCLE('',#3390,9.8);
#3390 = AXIS2_PLACEMENT_3D('',#3391,#3392,#3393);
#3391 = CARTESIAN_POINT('',(19.5,19.5,122.5));
#3392 = DIRECTION('',(0.,0.,1.));
#3393 = DIRECTION('',(1.,0.,-0.));
#3394 = PCURVE('',#2877,#3395);
#3395 = DEFINITIONAL_REPRESENTATION('',(#3396),#3400);
#3396 = CIRCLE('',#3397,9.8);
#3397 = AXIS2_PLACEMENT_2D('',#3398,#3399);
#3398 = CARTESIAN_POINT('',(19.5,19.5));
#3399 = DIRECTION('',(1.,0.));
#3400 = ( GEOMETRIC_REPRESENTATION_CONTEXT(2) 
PARAMETRIC_REPRESENTATION_CONTEXT() REPRESENTATION_CONTEXT('2D SPACE',''
  ) );
#3401 = PCURVE('',#3402,#3407);
#3402 = CYLINDRICAL_SURFACE('',#3403,9.8);
#3403 = AXIS2_PLACEMENT_3D('',#3404,#3405,#3406);
#3404 = CARTESIAN_POINT('',(19.5,19.5,121.5));
#3405 = DIRECTION('',(0.,0.,1.));
#3406 = DIRECTION('',(1.,0.,-0.));
#3407 = DEFINITIONAL_REPRESENTATION('',(#3408),#3412);
#3408 = LINE('',#3409,#3410);
#3409 = CARTESIAN_POINT('',(0.,1.));
#3410 = VECTOR('',#3411,1.);
#3411 = DIRECTION('',(1.,0.));
#3412 = ( GEOMETRIC_REPRESENTATION_CONTEXT(2) 
PARAMETRIC_REPRESENTATION_CONTEXT() REPRESENTATION_CONTEXT('2D SPACE',''
  ) );
#3413 = ORIENTED_EDGE('',*,*,#3414,.T.);
#3414 = EDGE_CURVE('',#3386,#3221,#3415,.T.);
#3415 = SURFACE_CURVE('',#3416,(#3420,#3426),.PCURVE_S1.);
#3416 = LINE('',#3417,#3418);
#3417 = CARTESIAN_POINT('',(29.3,-14.65,122.5));
#3418 = VECTOR('',#3419,1.);
#3419 = DIRECTION('',(0.,-1.,0.));
#3420 = PCURVE('',#2877,#3421);
#3421 = DEFINITIONAL_REPRESENTATION('',(#3422),#3425);
#3422 = B_SPLINE_CURVE_WITH_KNOTS('',1,(#3423,#3424),.UNSPECIFIED.,.F.,
  .F.,(2,2),(-34.15,4.85),.PIECEWISE_BEZIER_KNOTS.);
#3423 = CARTESIAN_POINT('',(29.3,19.5));
#3424 = CARTESIAN_POINT('',(29.3,-19.5));
#3425 = ( GEOMETRIC_REPRESENTATION_CONTEXT(2) 
PARAMETRIC_REPRESENTATION_CONTEXT() REPRESENTATION_CONTEXT('2D SPACE',''
  ) );
#3426 = PCURVE('',#3427,#3432);
#3427 = PLANE('',#3428);
#3428 = AXIS2_PLACEMENT_3D('',#3429,#3430,#3431);
#3429 = CARTESIAN_POINT('',(29.3,-29.3,121.5));
#3430 = DIRECTION('',(-1.,0.,0.));
#3431 = DIRECTION('',(0.,1.,0.));
#3432 = DEFINITIONAL_REPRESENTATION('',(#3433),#3436);
#3433 = B_SPLINE_CURVE_WITH_KNOTS('',1,(#3434,#3435),.UNSPECIFIED.,.F.,
  .F.,(2,2),(-34.15,4.85),.PIECEWISE_BEZIER_KNOTS.);
#3434 = CARTESIAN_POINT('',(48.8,-1.));
#3435 = CARTESIAN_POINT('',(9.8,-1.));
#3436 = ( GEOMETRIC_REPRESENTATION_CONTEXT(2) 
PARAMETRIC_REPRESENTATION_CONTEXT() REPRESENTATION_CONTEXT('2D SPACE',''
  ) );
#3437 = ADVANCED_FACE('',(#3438),#3237,.T.);
#3438 = FACE_BOUND('',#3439,.T.);
#3439 = EDGE_LOOP('',(#3440,#3463,#3464,#3487));
#3440 = ORIENTED_EDGE('',*,*,#3441,.F.);
#3441 = EDGE_CURVE('',#3219,#3442,#3444,.T.);
#3442 = VERTEX_POINT('',#3443);
#3443 = CARTESIAN_POINT('',(19.5,-29.3,127.5));
#3444 = SURFACE_CURVE('',#3445,(#3449,#3456),.PCURVE_S1.);
#3445 = LINE('',#3446,#3447);
#3446 = CARTESIAN_POINT('',(19.5,-29.3,121.5));
#3447 = VECTOR('',#3448,1.);
#3448 = DIRECTION('',(0.,0.,1.));
#3449 = PCURVE('',#3237,#3450);
#3450 = DEFINITIONAL_REPRESENTATION('',(#3451),#3455);
#3451 = LINE('',#3452,#3453);
#3452 = CARTESIAN_POINT('',(0.,0.));
#3453 = VECTOR('',#3454,1.);
#3454 = DIRECTION('',(0.,1.));
#3455 = ( GEOMETRIC_REPRESENTATION_CONTEXT(2) 
PARAMETRIC_REPRESENTATION_CONTEXT() REPRESENTATION_CONTEXT('2D SPACE',''
  ) );
#3456 = PCURVE('',#3264,#3457);
#3457 = DEFINITIONAL_REPRESENTATION('',(#3458),#3462);
#3458 = LINE('',#3459,#3460);
#3459 = CARTESIAN_POINT('',(48.8,0.));
#3460 = VECTOR('',#3461,1.);
#3461 = DIRECTION('',(0.,-1.));
#3462 = ( GEOMETRIC_REPRESENTATION_CONTEXT(2) 
PARAMETRIC_REPRESENTATION_CONTEXT() REPRESENTATION_CONTEXT('2D SPACE',''
  ) );
#3463 = ORIENTED_EDGE('',*,*,#3218,.T.);
#3464 = ORIENTED_EDGE('',*,*,#3465,.T.);
#3465 = EDGE_CURVE('',#3221,#3466,#3468,.T.);
#3466 = VERTEX_POINT('',#3467);
#3467 = CARTESIAN_POINT('',(29.3,-19.5,127.5));
#3468 = SURFACE_CURVE('',#3469,(#3473,#3480),.PCURVE_S1.);
#3469 = LINE('',#3470,#3471);
#3470 = CARTESIAN_POINT('',(29.3,-19.5,121.5));
#3471 = VECTOR('',#3472,1.);
#3472 = DIRECTION('',(0.,0.,1.));
#3473 = PCURVE('',#3237,#3474);
#3474 = DEFINITIONAL_REPRESENTATION('',(#3475),#3479);
#3475 = LINE('',#3476,#3477);
#3476 = CARTESIAN_POINT('',(1.570796326795,0.));
#3477 = VECTOR('',#3478,1.);
#3478 = DIRECTION('',(0.,1.));
#3479 = ( GEOMETRIC_REPRESENTATION_CONTEXT(2) 
PARAMETRIC_REPRESENTATION_CONTEXT() REPRESENTATION_CONTEXT('2D SPACE',''
  ) );
#3480 = PCURVE('',#3427,#3481);
#3481 = DEFINITIONAL_REPRESENTATION('',(#3482),#3486);
#3482 = LINE('',#3483,#3484);
#3483 = CARTESIAN_POINT('',(9.8,0.));
#3484 = VECTOR('',#3485,1.);
#3485 = DIRECTION('',(0.,-1.));
#3486 = ( GEOMETRIC_REPRESENTATION_CONTEXT(2) 
PARAMETRIC_REPRESENTATION_CONTEXT() REPRESENTATION_CONTEXT('2D SPACE',''
  ) );
#3487 = ORIENTED_EDGE('',*,*,#3488,.F.);
#3488 = EDGE_CURVE('',#3442,#3466,#3489,.T.);
#3489 = SURFACE_CURVE('',#3490,(#3495,#3502),.PCURVE_S1.);
#3490 = CIRCLE('',#3491,9.8);
#3491 = AXIS2_PLACEMENT_3D('',#3492,#3493,#3494);
#3492 = CARTESIAN_POINT('',(19.5,-19.5,127.5));
#3493 = DIRECTION('',(0.,0.,1.));
#3494 = DIRECTION('',(0.,-1.,0.));
#3495 = PCURVE('',#3237,#3496);
#3496 = DEFINITIONAL_REPRESENTATION('',(#3497),#3501);
#3497 = LINE('',#3498,#3499);
#3498 = CARTESIAN_POINT('',(0.,6.));
#3499 = VECTOR('',#3500,1.);
#3500 = DIRECTION('',(1.,0.));
#3501 = ( GEOMETRIC_REPRESENTATION_CONTEXT(2) 
PARAMETRIC_REPRESENTATION_CONTEXT() REPRESENTATION_CONTEXT('2D SPACE',''
  ) );
#3502 = PCURVE('',#3503,#3508);
#3503 = PLANE('',#3504);
#3504 = AXIS2_PLACEMENT_3D('',#3505,#3506,#3507);
#3505 = CARTESIAN_POINT('',(0.,0.,127.5));
#3506 = DIRECTION('',(0.,0.,1.));
#3507 = DIRECTION('',(1.,0.,-0.));
#3508 = DEFINITIONAL_REPRESENTATION('',(#3509),#3513);
#3509 = CIRCLE('',#3510,9.8);
#3510 = AXIS2_PLACEMENT_2D('',#3511,#3512);
#3511 = CARTESIAN_POINT('',(19.5,-19.5));
#3512 = DIRECTION('',(0.,-1.));
#3513 = ( GEOMETRIC_REPRESENTATION_CONTEXT(2) 
PARAMETRIC_REPRESENTATION_CONTEXT() REPRESENTATION_CONTEXT('2D SPACE',''
  ) );
#3514 = ADVANCED_FACE('',(#3515),#3264,.F.);
#3515 = FACE_BOUND('',#3516,.F.);
#3516 = EDGE_LOOP('',(#3517,#3518,#3541,#3560));
#3517 = ORIENTED_EDGE('',*,*,#3249,.T.);
#3518 = ORIENTED_EDGE('',*,*,#3519,.T.);
#3519 = EDGE_CURVE('',#3250,#3520,#3522,.T.);
#3520 = VERTEX_POINT('',#3521);
#3521 = CARTESIAN_POINT('',(-19.5,-29.3,127.5));
#3522 = SURFACE_CURVE('',#3523,(#3527,#3534),.PCURVE_S1.);
#3523 = LINE('',#3524,#3525);
#3524 = CARTESIAN_POINT('',(-19.5,-29.3,121.5));
#3525 = VECTOR('',#3526,1.);
#3526 = DIRECTION('',(0.,0.,1.));
#3527 = PCURVE('',#3264,#3528);
#3528 = DEFINITIONAL_REPRESENTATION('',(#3529),#3533);
#3529 = LINE('',#3530,#3531);
#3530 = CARTESIAN_POINT('',(9.8,0.));
#3531 = VECTOR('',#3532,1.);
#3532 = DIRECTION('',(0.,-1.));
#3533 = ( GEOMETRIC_REPRESENTATION_CONTEXT(2) 
PARAMETRIC_REPRESENTATION_CONTEXT() REPRESENTATION_CONTEXT('2D SPACE',''
  ) );
#3534 = PCURVE('',#3292,#3535);
#3535 = DEFINITIONAL_REPRESENTATION('',(#3536),#3540);
#3536 = LINE('',#3537,#3538);
#3537 = CARTESIAN_POINT('',(-0.,0.));
#3538 = VECTOR('',#3539,1.);
#3539 = DIRECTION('',(-0.,1.));
#3540 = ( GEOMETRIC_REPRESENTATION_CONTEXT(2) 
PARAMETRIC_REPRESENTATION_CONTEXT() REPRESENTATION_CONTEXT('2D SPACE',''
  ) );
#3541 = ORIENTED_EDGE('',*,*,#3542,.F.);
#3542 = EDGE_CURVE('',#3442,#3520,#3543,.T.);
#3543 = SURFACE_CURVE('',#3544,(#3548,#3554),.PCURVE_S1.);
#3544 = LINE('',#3545,#3546);
#3545 = CARTESIAN_POINT('',(-14.65,-29.3,127.5));
#3546 = VECTOR('',#3547,1.);
#3547 = DIRECTION('',(-1.,0.,0.));
#3548 = PCURVE('',#3264,#3549);
#3549 = DEFINITIONAL_REPRESENTATION('',(#3550),#3553);
#3550 = B_SPLINE_CURVE_WITH_KNOTS('',1,(#3551,#3552),.UNSPECIFIED.,.F.,
  .F.,(2,2),(-34.15,4.85),.PIECEWISE_BEZIER_KNOTS.);
#3551 = CARTESIAN_POINT('',(48.8,-6.));
#3552 = CARTESIAN_POINT('',(9.8,-6.));
#3553 = ( GEOMETRIC_REPRESENTATION_CONTEXT(2) 
PARAMETRIC_REPRESENTATION_CONTEXT() REPRESENTATION_CONTEXT('2D SPACE',''
  ) );
#3554 = PCURVE('',#3503,#3555);
#3555 = DEFINITIONAL_REPRESENTATION('',(#3556),#3559);
#3556 = B_SPLINE_CURVE_WITH_KNOTS('',1,(#3557,#3558),.UNSPECIFIED.,.F.,
  .F.,(2,2),(-34.15,4.85),.PIECEWISE_BEZIER_KNOTS.);
#3557 = CARTESIAN_POINT('',(19.5,-29.3));
#3558 = CARTESIAN_POINT('',(-19.5,-29.3));
#3559 = ( GEOMETRIC_REPRESENTATION_CONTEXT(2) 
PARAMETRIC_REPRESENTATION_CONTEXT() REPRESENTATION_CONTEXT('2D SPACE',''
  ) );
#3560 = ORIENTED_EDGE('',*,*,#3441,.F.);
#3561 = ADVANCED_FACE('',(#3562),#3427,.F.);
#3562 = FACE_BOUND('',#3563,.F.);
#3563 = EDGE_LOOP('',(#3564,#3565,#3566,#3587));
#3564 = ORIENTED_EDGE('',*,*,#3414,.T.);
#3565 = ORIENTED_EDGE('',*,*,#3465,.T.);
#3566 = ORIENTED_EDGE('',*,*,#3567,.F.);
#3567 = EDGE_CURVE('',#3568,#3466,#3570,.T.);
#3568 = VERTEX_POINT('',#3569);
#3569 = CARTESIAN_POINT('',(29.3,19.5,127.5));
#3570 = SURFACE_CURVE('',#3571,(#3575,#3581),.PCURVE_S1.);
#3571 = LINE('',#3572,#3573);
#3572 = CARTESIAN_POINT('',(29.3,-14.65,127.5));
#3573 = VECTOR('',#3574,1.);
#3574 = DIRECTION('',(0.,-1.,0.));
#3575 = PCURVE('',#3427,#3576);
#3576 = DEFINITIONAL_REPRESENTATION('',(#3577),#3580);
#3577 = B_SPLINE_CURVE_WITH_KNOTS('',1,(#3578,#3579),.UNSPECIFIED.,.F.,
  .F.,(2,2),(-34.15,4.85),.PIECEWISE_BEZIER_KNOTS.);
#3578 = CARTESIAN_POINT('',(48.8,-6.));
#3579 = CARTESIAN_POINT('',(9.8,-6.));
#3580 = ( GEOMETRIC_REPRESENTATION_CONTEXT(2) 
PARAMETRIC_REPRESENTATION_CONTEXT() REPRESENTATION_CONTEXT('2D SPACE',''
  ) );
#3581 = PCURVE('',#3503,#3582);
#3582 = DEFINITIONAL_REPRESENTATION('',(#3583),#3586);
#3583 = B_SPLINE_CURVE_WITH_KNOTS('',1,(#3584,#3585),.UNSPECIFIED.,.F.,
  .F.,(2,2),(-34.15,4.85),.PIECEWISE_BEZIER_KNOTS.);
#3584 = CARTESIAN_POINT('',(29.3,19.5));
#3585 = CARTESIAN_POINT('',(29.3,-19.5));
#3586 = ( GEOMETRIC_REPRESENTATION_CONTEXT(2) 
PARAMETRIC_REPRESENTATION_CONTEXT() REPRESENTATION_CONTEXT('2D SPACE',''
  ) );
#3587 = ORIENTED_EDGE('',*,*,#3588,.F.);
#3588 = EDGE_CURVE('',#3386,#3568,#3589,.T.);
#3589 = SURFACE_CURVE('',#3590,(#3594,#3601),.PCURVE_S1.);
#3590 = LINE('',#3591,#3592);
#3591 = CARTESIAN_POINT('',(29.3,19.5,121.5));
#3592 = VECTOR('',#3593,1.);
#3593 = DIRECTION('',(0.,0.,1.));
#3594 = PCURVE('',#3427,#3595);
#3595 = DEFINITIONAL_REPRESENTATION('',(#3596),#3600);
#3596 = LINE('',#3597,#3598);
#3597 = CARTESIAN_POINT('',(48.8,0.));
#3598 = VECTOR('',#3599,1.);
#3599 = DIRECTION('',(0.,-1.));
#3600 = ( GEOMETRIC_REPRESENTATION_CONTEXT(2) 
PARAMETRIC_REPRESENTATION_CONTEXT() REPRESENTATION_CONTEXT('2D SPACE',''
  ) );
#3601 = PCURVE('',#3402,#3602);
#3602 = DEFINITIONAL_REPRESENTATION('',(#3603),#3607);
#3603 = LINE('',#3604,#3605);
#3604 = CARTESIAN_POINT('',(0.,0.));
#3605 = VECTOR('',#3606,1.);
#3606 = DIRECTION('',(0.,1.));
#3607 = ( GEOMETRIC_REPRESENTATION_CONTEXT(2) 
PARAMETRIC_REPRESENTATION_CONTEXT() REPRESENTATION_CONTEXT('2D SPACE',''
  ) );
#3608 = ADVANCED_FACE('',(#3609),#3292,.T.);
#3609 = FACE_BOUND('',#3610,.F.);
#3610 = EDGE_LOOP('',(#3611,#3612,#3613,#3636));
#3611 = ORIENTED_EDGE('',*,*,#3519,.F.);
#3612 = ORIENTED_EDGE('',*,*,#3275,.F.);
#3613 = ORIENTED_EDGE('',*,*,#3614,.T.);
#3614 = EDGE_CURVE('',#3276,#3615,#3617,.T.);
#3615 = VERTEX_POINT('',#3616);
#3616 = CARTESIAN_POINT('',(-29.3,-19.5,127.5));
#3617 = SURFACE_CURVE('',#3618,(#3622,#3629),.PCURVE_S1.);
#3618 = LINE('',#3619,#3620);
#3619 = CARTESIAN_POINT('',(-29.3,-19.5,121.5));
#3620 = VECTOR('',#3621,1.);
#3621 = DIRECTION('',(0.,0.,1.));
#3622 = PCURVE('',#3292,#3623);
#3623 = DEFINITIONAL_REPRESENTATION('',(#3624),#3628);
#3624 = LINE('',#3625,#3626);
#3625 = CARTESIAN_POINT('',(-1.570796326795,0.));
#3626 = VECTOR('',#3627,1.);
#3627 = DIRECTION('',(-0.,1.));
#3628 = ( GEOMETRIC_REPRESENTATION_CONTEXT(2) 
PARAMETRIC_REPRESENTATION_CONTEXT() REPRESENTATION_CONTEXT('2D SPACE',''
  ) );
#3629 = PCURVE('',#3319,#3630);
#3630 = DEFINITIONAL_REPRESENTATION('',(#3631),#3635);
#3631 = LINE('',#3632,#3633);
#3632 = CARTESIAN_POINT('',(48.8,0.));
#3633 = VECTOR('',#3634,1.);
#3634 = DIRECTION('',(0.,-1.));
#3635 = ( GEOMETRIC_REPRESENTATION_CONTEXT(2) 
PARAMETRIC_REPRESENTATION_CONTEXT() REPRESENTATION_CONTEXT('2D SPACE',''
  ) );
#3636 = ORIENTED_EDGE('',*,*,#3637,.T.);
#3637 = EDGE_CURVE('',#3615,#3520,#3638,.T.);
#3638 = SURFACE_CURVE('',#3639,(#3644,#3651),.PCURVE_S1.);
#3639 = CIRCLE('',#3640,9.8);
#3640 = AXIS2_PLACEMENT_3D('',#3641,#3642,#3643);
#3641 = CARTESIAN_POINT('',(-19.5,-19.5,127.5));
#3642 = DIRECTION('',(0.,0.,1.));
#3643 = DIRECTION('',(0.,-1.,0.));
#3644 = PCURVE('',#3292,#3645);
#3645 = DEFINITIONAL_REPRESENTATION('',(#3646),#3650);
#3646 = LINE('',#3647,#3648);
#3647 = CARTESIAN_POINT('',(-6.28318530718,6.));
#3648 = VECTOR('',#3649,1.);
#3649 = DIRECTION('',(1.,-0.));
#3650 = ( GEOMETRIC_REPRESENTATION_CONTEXT(2) 
PARAMETRIC_REPRESENTATION_CONTEXT() REPRESENTATION_CONTEXT('2D SPACE',''
  ) );
#3651 = PCURVE('',#3503,#3652);
#3652 = DEFINITIONAL_REPRESENTATION('',(#3653),#3657);
#3653 = CIRCLE('',#3654,9.8);
#3654 = AXIS2_PLACEMENT_2D('',#3655,#3656);
#3655 = CARTESIAN_POINT('',(-19.5,-19.5));
#3656 = DIRECTION('',(0.,-1.));
#3657 = ( GEOMETRIC_REPRESENTATION_CONTEXT(2) 
PARAMETRIC_REPRESENTATION_CONTEXT() REPRESENTATION_CONTEXT('2D SPACE',''
  ) );
#3658 = ADVANCED_FACE('',(#3659),#3402,.T.);
#3659 = FACE_BOUND('',#3660,.T.);
#3660 = EDGE_LOOP('',(#3661,#3662,#3663,#3686));
#3661 = ORIENTED_EDGE('',*,*,#3588,.F.);
#3662 = ORIENTED_EDGE('',*,*,#3385,.T.);
#3663 = ORIENTED_EDGE('',*,*,#3664,.T.);
#3664 = EDGE_CURVE('',#3360,#3665,#3667,.T.);
#3665 = VERTEX_POINT('',#3666);
#3666 = CARTESIAN_POINT('',(19.5,29.3,127.5));
#3667 = SURFACE_CURVE('',#3668,(#3672,#3679),.PCURVE_S1.);
#3668 = LINE('',#3669,#3670);
#3669 = CARTESIAN_POINT('',(19.5,29.3,121.5));
#3670 = VECTOR('',#3671,1.);
#3671 = DIRECTION('',(0.,0.,1.));
#3672 = PCURVE('',#3402,#3673);
#3673 = DEFINITIONAL_REPRESENTATION('',(#3674),#3678);
#3674 = LINE('',#3675,#3676);
#3675 = CARTESIAN_POINT('',(1.570796326795,0.));
#3676 = VECTOR('',#3677,1.);
#3677 = DIRECTION('',(0.,1.));
#3678 = ( GEOMETRIC_REPRESENTATION_CONTEXT(2) 
PARAMETRIC_REPRESENTATION_CONTEXT() REPRESENTATION_CONTEXT('2D SPACE',''
  ) );
#3679 = PCURVE('',#3374,#3680);
#3680 = DEFINITIONAL_REPRESENTATION('',(#3681),#3685);
#3681 = LINE('',#3682,#3683);
#3682 = CARTESIAN_POINT('',(9.8,0.));
#3683 = VECTOR('',#3684,1.);
#3684 = DIRECTION('',(0.,-1.));
#3685 = ( GEOMETRIC_REPRESENTATION_CONTEXT(2) 
PARAMETRIC_REPRESENTATION_CONTEXT() REPRESENTATION_CONTEXT('2D SPACE',''
  ) );
#3686 = ORIENTED_EDGE('',*,*,#3687,.F.);
#3687 = EDGE_CURVE('',#3568,#3665,#3688,.T.);
#3688 = SURFACE_CURVE('',#3689,(#3694,#3701),.PCURVE_S1.);
#3689 = CIRCLE('',#3690,9.8);
#3690 = AXIS2_PLACEMENT_3D('',#3691,#3692,#3693);
#3691 = CARTESIAN_POINT('',(19.5,19.5,127.5));
#3692 = DIRECTION('',(0.,0.,1.));
#3693 = DIRECTION('',(1.,0.,-0.));
#3694 = PCURVE('',#3402,#3695);
#3695 = DEFINITIONAL_REPRESENTATION('',(#3696),#3700);
#3696 = LINE('',#3697,#3698);
#3697 = CARTESIAN_POINT('',(0.,6.));
#3698 = VECTOR('',#3699,1.);
#3699 = DIRECTION('',(1.,0.));
#3700 = ( GEOMETRIC_REPRESENTATION_CONTEXT(2) 
PARAMETRIC_REPRESENTATION_CONTEXT() REPRESENTATION_CONTEXT('2D SPACE',''
  ) );
#3701 = PCURVE('',#3503,#3702);
#3702 = DEFINITIONAL_REPRESENTATION('',(#3703),#3707);
#3703 = CIRCLE('',#3704,9.8);
#3704 = AXIS2_PLACEMENT_2D('',#3705,#3706);
#3705 = CARTESIAN_POINT('',(19.5,19.5));
#3706 = DIRECTION('',(1.,0.));
#3707 = ( GEOMETRIC_REPRESENTATION_CONTEXT(2) 
PARAMETRIC_REPRESENTATION_CONTEXT() REPRESENTATION_CONTEXT('2D SPACE',''
  ) );
#3708 = ADVANCED_FACE('',(#3709),#3319,.F.);
#3709 = FACE_BOUND('',#3710,.F.);
#3710 = EDGE_LOOP('',(#3711,#3712,#3735,#3754));
#3711 = ORIENTED_EDGE('',*,*,#3304,.T.);
#3712 = ORIENTED_EDGE('',*,*,#3713,.T.);
#3713 = EDGE_CURVE('',#3305,#3714,#3716,.T.);
#3714 = VERTEX_POINT('',#3715);
#3715 = CARTESIAN_POINT('',(-29.3,19.5,127.5));
#3716 = SURFACE_CURVE('',#3717,(#3721,#3728),.PCURVE_S1.);
#3717 = LINE('',#3718,#3719);
#3718 = CARTESIAN_POINT('',(-29.3,19.5,121.5));
#3719 = VECTOR('',#3720,1.);
#3720 = DIRECTION('',(0.,0.,1.));
#3721 = PCURVE('',#3319,#3722);
#3722 = DEFINITIONAL_REPRESENTATION('',(#3723),#3727);
#3723 = LINE('',#3724,#3725);
#3724 = CARTESIAN_POINT('',(9.8,0.));
#3725 = VECTOR('',#3726,1.);
#3726 = DIRECTION('',(0.,-1.));
#3727 = ( GEOMETRIC_REPRESENTATION_CONTEXT(2) 
PARAMETRIC_REPRESENTATION_CONTEXT() REPRESENTATION_CONTEXT('2D SPACE',''
  ) );
#3728 = PCURVE('',#3347,#3729);
#3729 = DEFINITIONAL_REPRESENTATION('',(#3730),#3734);
#3730 = LINE('',#3731,#3732);
#3731 = CARTESIAN_POINT('',(1.570796326795,0.));
#3732 = VECTOR('',#3733,1.);
#3733 = DIRECTION('',(0.,1.));
#3734 = ( GEOMETRIC_REPRESENTATION_CONTEXT(2) 
PARAMETRIC_REPRESENTATION_CONTEXT() REPRESENTATION_CONTEXT('2D SPACE',''
  ) );
#3735 = ORIENTED_EDGE('',*,*,#3736,.F.);
#3736 = EDGE_CURVE('',#3615,#3714,#3737,.T.);
#3737 = SURFACE_CURVE('',#3738,(#3742,#3748),.PCURVE_S1.);
#3738 = LINE('',#3739,#3740);
#3739 = CARTESIAN_POINT('',(-29.3,14.65,127.5));
#3740 = VECTOR('',#3741,1.);
#3741 = DIRECTION('',(-0.,1.,0.));
#3742 = PCURVE('',#3319,#3743);
#3743 = DEFINITIONAL_REPRESENTATION('',(#3744),#3747);
#3744 = B_SPLINE_CURVE_WITH_KNOTS('',1,(#3745,#3746),.UNSPECIFIED.,.F.,
  .F.,(2,2),(-34.15,4.85),.PIECEWISE_BEZIER_KNOTS.);
#3745 = CARTESIAN_POINT('',(48.8,-6.));
#3746 = CARTESIAN_POINT('',(9.8,-6.));
#3747 = ( GEOMETRIC_REPRESENTATION_CONTEXT(2) 
PARAMETRIC_REPRESENTATION_CONTEXT() REPRESENTATION_CONTEXT('2D SPACE',''
  ) );
#3748 = PCURVE('',#3503,#3749);
#3749 = DEFINITIONAL_REPRESENTATION('',(#3750),#3753);
#3750 = B_SPLINE_CURVE_WITH_KNOTS('',1,(#3751,#3752),.UNSPECIFIED.,.F.,
  .F.,(2,2),(-34.15,4.85),.PIECEWISE_BEZIER_KNOTS.);
#3751 = CARTESIAN_POINT('',(-29.3,-19.5));
#3752 = CARTESIAN_POINT('',(-29.3,19.5));
#3753 = ( GEOMETRIC_REPRESENTATION_CONTEXT(2) 
PARAMETRIC_REPRESENTATION_CONTEXT() REPRESENTATION_CONTEXT('2D SPACE',''
  ) );
#3754 = ORIENTED_EDGE('',*,*,#3614,.F.);
#3755 = ADVANCED_FACE('',(#3756),#3374,.F.);
#3756 = FACE_BOUND('',#3757,.F.);
#3757 = EDGE_LOOP('',(#3758,#3759,#3760,#3781));
#3758 = ORIENTED_EDGE('',*,*,#3359,.T.);
#3759 = ORIENTED_EDGE('',*,*,#3664,.T.);
#3760 = ORIENTED_EDGE('',*,*,#3761,.F.);
#3761 = EDGE_CURVE('',#3762,#3665,#3764,.T.);
#3762 = VERTEX_POINT('',#3763);
#3763 = CARTESIAN_POINT('',(-19.5,29.3,127.5));
#3764 = SURFACE_CURVE('',#3765,(#3769,#3775),.PCURVE_S1.);
#3765 = LINE('',#3766,#3767);
#3766 = CARTESIAN_POINT('',(14.65,29.3,127.5));
#3767 = VECTOR('',#3768,1.);
#3768 = DIRECTION('',(1.,0.,-0.));
#3769 = PCURVE('',#3374,#3770);
#3770 = DEFINITIONAL_REPRESENTATION('',(#3771),#3774);
#3771 = B_SPLINE_CURVE_WITH_KNOTS('',1,(#3772,#3773),.UNSPECIFIED.,.F.,
  .F.,(2,2),(-34.15,4.85),.PIECEWISE_BEZIER_KNOTS.);
#3772 = CARTESIAN_POINT('',(48.8,-6.));
#3773 = CARTESIAN_POINT('',(9.8,-6.));
#3774 = ( GEOMETRIC_REPRESENTATION_CONTEXT(2) 
PARAMETRIC_REPRESENTATION_CONTEXT() REPRESENTATION_CONTEXT('2D SPACE',''
  ) );
#3775 = PCURVE('',#3503,#3776);
#3776 = DEFINITIONAL_REPRESENTATION('',(#3777),#3780);
#3777 = B_SPLINE_CURVE_WITH_KNOTS('',1,(#3778,#3779),.UNSPECIFIED.,.F.,
  .F.,(2,2),(-34.15,4.85),.PIECEWISE_BEZIER_KNOTS.);
#3778 = CARTESIAN_POINT('',(-19.5,29.3));
#3779 = CARTESIAN_POINT('',(19.5,29.3));
#3780 = ( GEOMETRIC_REPRESENTATION_CONTEXT(2) 
PARAMETRIC_REPRESENTATION_CONTEXT() REPRESENTATION_CONTEXT('2D SPACE',''
  ) );
#3781 = ORIENTED_EDGE('',*,*,#3782,.F.);
#3782 = EDGE_CURVE('',#3331,#3762,#3783,.T.);
#3783 = SURFACE_CURVE('',#3784,(#3788,#3795),.PCURVE_S1.);
#3784 = LINE('',#3785,#3786);
#3785 = CARTESIAN_POINT('',(-19.5,29.3,121.5));
#3786 = VECTOR('',#3787,1.);
#3787 = DIRECTION('',(0.,0.,1.));
#3788 = PCURVE('',#3374,#3789);
#3789 = DEFINITIONAL_REPRESENTATION('',(#3790),#3794);
#3790 = LINE('',#3791,#3792);
#3791 = CARTESIAN_POINT('',(48.8,0.));
#3792 = VECTOR('',#3793,1.);
#3793 = DIRECTION('',(0.,-1.));
#3794 = ( GEOMETRIC_REPRESENTATION_CONTEXT(2) 
PARAMETRIC_REPRESENTATION_CONTEXT() REPRESENTATION_CONTEXT('2D SPACE',''
  ) );
#3795 = PCURVE('',#3347,#3796);
#3796 = DEFINITIONAL_REPRESENTATION('',(#3797),#3801);
#3797 = LINE('',#3798,#3799);
#3798 = CARTESIAN_POINT('',(0.,0.));
#3799 = VECTOR('',#3800,1.);
#3800 = DIRECTION('',(0.,1.));
#3801 = ( GEOMETRIC_REPRESENTATION_CONTEXT(2) 
PARAMETRIC_REPRESENTATION_CONTEXT() REPRESENTATION_CONTEXT('2D SPACE',''
  ) );
#3802 = ADVANCED_FACE('',(#3803),#3347,.T.);
#3803 = FACE_BOUND('',#3804,.T.);
#3804 = EDGE_LOOP('',(#3805,#3806,#3807,#3808));
#3805 = ORIENTED_EDGE('',*,*,#3782,.F.);
#3806 = ORIENTED_EDGE('',*,*,#3330,.T.);
#3807 = ORIENTED_EDGE('',*,*,#3713,.T.);
#3808 = ORIENTED_EDGE('',*,*,#3809,.F.);
#3809 = EDGE_CURVE('',#3762,#3714,#3810,.T.);
#3810 = SURFACE_CURVE('',#3811,(#3816,#3823),.PCURVE_S1.);
#3811 = CIRCLE('',#3812,9.8);
#3812 = AXIS2_PLACEMENT_3D('',#3813,#3814,#3815);
#3813 = CARTESIAN_POINT('',(-19.5,19.5,127.5));
#3814 = DIRECTION('',(0.,0.,1.));
#3815 = DIRECTION('',(-0.,1.,0.));
#3816 = PCURVE('',#3347,#3817);
#3817 = DEFINITIONAL_REPRESENTATION('',(#3818),#3822);
#3818 = LINE('',#3819,#3820);
#3819 = CARTESIAN_POINT('',(0.,6.));
#3820 = VECTOR('',#3821,1.);
#3821 = DIRECTION('',(1.,0.));
#3822 = ( GEOMETRIC_REPRESENTATION_CONTEXT(2) 
PARAMETRIC_REPRESENTATION_CONTEXT() REPRESENTATION_CONTEXT('2D SPACE',''
  ) );
#3823 = PCURVE('',#3503,#3824);
#3824 = DEFINITIONAL_REPRESENTATION('',(#3825),#3829);
#3825 = CIRCLE('',#3826,9.8);
#3826 = AXIS2_PLACEMENT_2D('',#3827,#3828);
#3827 = CARTESIAN_POINT('',(-19.5,19.5));
#3828 = DIRECTION('',(0.,1.));
#3829 = ( GEOMETRIC_REPRESENTATION_CONTEXT(2) 
PARAMETRIC_REPRESENTATION_CONTEXT() REPRESENTATION_CONTEXT('2D SPACE',''
  ) );
#3830 = ADVANCED_FACE('',(#3831,#4053),#3503,.F.);
#3831 = FACE_BOUND('',#3832,.F.);
#3832 = EDGE_LOOP('',(#3833,#3864,#3890,#3919,#3945,#3974,#4000,#4029));
#3833 = ORIENTED_EDGE('',*,*,#3834,.T.);
#3834 = EDGE_CURVE('',#3835,#3837,#3839,.T.);
#3835 = VERTEX_POINT('',#3836);
#3836 = CARTESIAN_POINT('',(-30.5,-19.5,127.5));
#3837 = VERTEX_POINT('',#3838);
#3838 = CARTESIAN_POINT('',(-19.5,-30.5,127.5));
#3839 = SURFACE_CURVE('',#3840,(#3845,#3852),.PCURVE_S1.);
#3840 = CIRCLE('',#3841,11.);
#3841 = AXIS2_PLACEMENT_3D('',#3842,#3843,#3844);
#3842 = CARTESIAN_POINT('',(-19.5,-19.5,127.5));
#3843 = DIRECTION('',(0.,0.,1.));
#3844 = DIRECTION('',(0.,-1.,0.));
#3845 = PCURVE('',#3503,#3846);
#3846 = DEFINITIONAL_REPRESENTATION('',(#3847),#3851);
#3847 = CIRCLE('',#3848,11.);
#3848 = AXIS2_PLACEMENT_2D('',#3849,#3850);
#3849 = CARTESIAN_POINT('',(-19.5,-19.5));
#3850 = DIRECTION('',(0.,-1.));
#3851 = ( GEOMETRIC_REPRESENTATION_CONTEXT(2) 
PARAMETRIC_REPRESENTATION_CONTEXT() REPRESENTATION_CONTEXT('2D SPACE',''
  ) );
#3852 = PCURVE('',#3853,#3858);
#3853 = CYLINDRICAL_SURFACE('',#3854,11.);
#3854 = AXIS2_PLACEMENT_3D('',#3855,#3856,#3857);
#3855 = CARTESIAN_POINT('',(-19.5,-19.5,0.));
#3856 = DIRECTION('',(0.,0.,1.));
#3857 = DIRECTION('',(0.,-1.,0.));
#3858 = DEFINITIONAL_REPRESENTATION('',(#3859),#3863);
#3859 = LINE('',#3860,#3861);
#3860 = CARTESIAN_POINT('',(-6.28318530718,127.5));
#3861 = VECTOR('',#3862,1.);
#3862 = DIRECTION('',(1.,-0.));
#3863 = ( GEOMETRIC_REPRESENTATION_CONTEXT(2) 
PARAMETRIC_REPRESENTATION_CONTEXT() REPRESENTATION_CONTEXT('2D SPACE',''
  ) );
#3864 = ORIENTED_EDGE('',*,*,#3865,.T.);
#3865 = EDGE_CURVE('',#3837,#3866,#3868,.T.);
#3866 = VERTEX_POINT('',#3867);
#3867 = CARTESIAN_POINT('',(19.5,-30.5,127.5));
#3868 = SURFACE_CURVE('',#3869,(#3873,#3879),.PCURVE_S1.);
#3869 = LINE('',#3870,#3871);
#3870 = CARTESIAN_POINT('',(-15.25,-30.5,127.5));
#3871 = VECTOR('',#3872,1.);
#3872 = DIRECTION('',(1.,0.,0.));
#3873 = PCURVE('',#3503,#3874);
#3874 = DEFINITIONAL_REPRESENTATION('',(#3875),#3878);
#3875 = B_SPLINE_CURVE_WITH_KNOTS('',1,(#3876,#3877),.UNSPECIFIED.,.F.,
  .F.,(2,2),(-4.25,34.75),.PIECEWISE_BEZIER_KNOTS.);
#3876 = CARTESIAN_POINT('',(-19.5,-30.5));
#3877 = CARTESIAN_POINT('',(19.5,-30.5));
#3878 = ( GEOMETRIC_REPRESENTATION_CONTEXT(2) 
PARAMETRIC_REPRESENTATION_CONTEXT() REPRESENTATION_CONTEXT('2D SPACE',''
  ) );
#3879 = PCURVE('',#3880,#3885);
#3880 = PLANE('',#3881);
#3881 = AXIS2_PLACEMENT_3D('',#3882,#3883,#3884);
#3882 = CARTESIAN_POINT('',(-30.5,-30.5,0.));
#3883 = DIRECTION('',(0.,1.,0.));
#3884 = DIRECTION('',(1.,0.,0.));
#3885 = DEFINITIONAL_REPRESENTATION('',(#3886),#3889);
#3886 = B_SPLINE_CURVE_WITH_KNOTS('',1,(#3887,#3888),.UNSPECIFIED.,.F.,
  .F.,(2,2),(-4.25,34.75),.PIECEWISE_BEZIER_KNOTS.);
#3887 = CARTESIAN_POINT('',(11.,-127.5));
#3888 = CARTESIAN_POINT('',(50.,-127.5));
#3889 = ( GEOMETRIC_REPRESENTATION_CONTEXT(2) 
PARAMETRIC_REPRESENTATION_CONTEXT() REPRESENTATION_CONTEXT('2D SPACE',''
  ) );
#3890 = ORIENTED_EDGE('',*,*,#3891,.T.);
#3891 = EDGE_CURVE('',#3866,#3892,#3894,.T.);
#3892 = VERTEX_POINT('',#3893);
#3893 = CARTESIAN_POINT('',(30.5,-19.5,127.5));
#3894 = SURFACE_CURVE('',#3895,(#3900,#3907),.PCURVE_S1.);
#3895 = CIRCLE('',#3896,11.);
#3896 = AXIS2_PLACEMENT_3D('',#3897,#3898,#3899);
#3897 = CARTESIAN_POINT('',(19.5,-19.5,127.5));
#3898 = DIRECTION('',(0.,0.,1.));
#3899 = DIRECTION('',(0.,-1.,0.));
#3900 = PCURVE('',#3503,#3901);
#3901 = DEFINITIONAL_REPRESENTATION('',(#3902),#3906);
#3902 = CIRCLE('',#3903,11.);
#3903 = AXIS2_PLACEMENT_2D('',#3904,#3905);
#3904 = CARTESIAN_POINT('',(19.5,-19.5));
#3905 = DIRECTION('',(0.,-1.));
#3906 = ( GEOMETRIC_REPRESENTATION_CONTEXT(2) 
PARAMETRIC_REPRESENTATION_CONTEXT() REPRESENTATION_CONTEXT('2D SPACE',''
  ) );
#3907 = PCURVE('',#3908,#3913);
#3908 = CYLINDRICAL_SURFACE('',#3909,11.);
#3909 = AXIS2_PLACEMENT_3D('',#3910,#3911,#3912);
#3910 = CARTESIAN_POINT('',(19.5,-19.5,0.));
#3911 = DIRECTION('',(0.,0.,1.));
#3912 = DIRECTION('',(0.,-1.,0.));
#3913 = DEFINITIONAL_REPRESENTATION('',(#3914),#3918);
#3914 = LINE('',#3915,#3916);
#3915 = CARTESIAN_POINT('',(0.,127.5));
#3916 = VECTOR('',#3917,1.);
#3917 = DIRECTION('',(1.,0.));
#3918 = ( GEOMETRIC_REPRESENTATION_CONTEXT(2) 
PARAMETRIC_REPRESENTATION_CONTEXT() REPRESENTATION_CONTEXT('2D SPACE',''
  ) );
#3919 = ORIENTED_EDGE('',*,*,#3920,.T.);
#3920 = EDGE_CURVE('',#3892,#3921,#3923,.T.);
#3921 = VERTEX_POINT('',#3922);
#3922 = CARTESIAN_POINT('',(30.5,19.5,127.5));
#3923 = SURFACE_CURVE('',#3924,(#3928,#3934),.PCURVE_S1.);
#3924 = LINE('',#3925,#3926);
#3925 = CARTESIAN_POINT('',(30.5,-15.25,127.5));
#3926 = VECTOR('',#3927,1.);
#3927 = DIRECTION('',(0.,1.,-0.));
#3928 = PCURVE('',#3503,#3929);
#3929 = DEFINITIONAL_REPRESENTATION('',(#3930),#3933);
#3930 = B_SPLINE_CURVE_WITH_KNOTS('',1,(#3931,#3932),.UNSPECIFIED.,.F.,
  .F.,(2,2),(-4.25,34.75),.PIECEWISE_BEZIER_KNOTS.);
#3931 = CARTESIAN_POINT('',(30.5,-19.5));
#3932 = CARTESIAN_POINT('',(30.5,19.5));
#3933 = ( GEOMETRIC_REPRESENTATION_CONTEXT(2) 
PARAMETRIC_REPRESENTATION_CONTEXT() REPRESENTATION_CONTEXT('2D SPACE',''
  ) );
#3934 = PCURVE('',#3935,#3940);
#3935 = PLANE('',#3936);
#3936 = AXIS2_PLACEMENT_3D('',#3937,#3938,#3939);
#3937 = CARTESIAN_POINT('',(30.5,-30.5,0.));
#3938 = DIRECTION('',(-1.,0.,0.));
#3939 = DIRECTION('',(0.,1.,0.));
#3940 = DEFINITIONAL_REPRESENTATION('',(#3941),#3944);
#3941 = B_SPLINE_CURVE_WITH_KNOTS('',1,(#3942,#3943),.UNSPECIFIED.,.F.,
  .F.,(2,2),(-4.25,34.75),.PIECEWISE_BEZIER_KNOTS.);
#3942 = CARTESIAN_POINT('',(11.,-127.5));
#3943 = CARTESIAN_POINT('',(50.,-127.5));
#3944 = ( GEOMETRIC_REPRESENTATION_CONTEXT(2) 
PARAMETRIC_REPRESENTATION_CONTEXT() REPRESENTATION_CONTEXT('2D SPACE',''
  ) );
#3945 = ORIENTED_EDGE('',*,*,#3946,.T.);
#3946 = EDGE_CURVE('',#3921,#3947,#3949,.T.);
#3947 = VERTEX_POINT('',#3948);
#3948 = CARTESIAN_POINT('',(19.5,30.5,127.5));
#3949 = SURFACE_CURVE('',#3950,(#3955,#3962),.PCURVE_S1.);
#3950 = CIRCLE('',#3951,11.);
#3951 = AXIS2_PLACEMENT_3D('',#3952,#3953,#3954);
#3952 = CARTESIAN_POINT('',(19.5,19.5,127.5));
#3953 = DIRECTION('',(0.,0.,1.));
#3954 = DIRECTION('',(1.,0.,-0.));
#3955 = PCURVE('',#3503,#3956);
#3956 = DEFINITIONAL_REPRESENTATION('',(#3957),#3961);
#3957 = CIRCLE('',#3958,11.);
#3958 = AXIS2_PLACEMENT_2D('',#3959,#3960);
#3959 = CARTESIAN_POINT('',(19.5,19.5));
#3960 = DIRECTION('',(1.,0.));
#3961 = ( GEOMETRIC_REPRESENTATION_CONTEXT(2) 
PARAMETRIC_REPRESENTATION_CONTEXT() REPRESENTATION_CONTEXT('2D SPACE',''
  ) );
#3962 = PCURVE('',#3963,#3968);
#3963 = CYLINDRICAL_SURFACE('',#3964,11.);
#3964 = AXIS2_PLACEMENT_3D('',#3965,#3966,#3967);
#3965 = CARTESIAN_POINT('',(19.5,19.5,0.));
#3966 = DIRECTION('',(0.,0.,1.));
#3967 = DIRECTION('',(1.,0.,-0.));
#3968 = DEFINITIONAL_REPRESENTATION('',(#3969),#3973);
#3969 = LINE('',#3970,#3971);
#3970 = CARTESIAN_POINT('',(0.,127.5));
#3971 = VECTOR('',#3972,1.);
#3972 = DIRECTION('',(1.,0.));
#3973 = ( GEOMETRIC_REPRESENTATION_CONTEXT(2) 
PARAMETRIC_REPRESENTATION_CONTEXT() REPRESENTATION_CONTEXT('2D SPACE',''
  ) );
#3974 = ORIENTED_EDGE('',*,*,#3975,.T.);
#3975 = EDGE_CURVE('',#3947,#3976,#3978,.T.);
#3976 = VERTEX_POINT('',#3977);
#3977 = CARTESIAN_POINT('',(-19.5,30.5,127.5));
#3978 = SURFACE_CURVE('',#3979,(#3983,#3989),.PCURVE_S1.);
#3979 = LINE('',#3980,#3981);
#3980 = CARTESIAN_POINT('',(15.25,30.5,127.5));
#3981 = VECTOR('',#3982,1.);
#3982 = DIRECTION('',(-1.,0.,0.));
#3983 = PCURVE('',#3503,#3984);
#3984 = DEFINITIONAL_REPRESENTATION('',(#3985),#3988);
#3985 = B_SPLINE_CURVE_WITH_KNOTS('',1,(#3986,#3987),.UNSPECIFIED.,.F.,
  .F.,(2,2),(-4.25,34.75),.PIECEWISE_BEZIER_KNOTS.);
#3986 = CARTESIAN_POINT('',(19.5,30.5));
#3987 = CARTESIAN_POINT('',(-19.5,30.5));
#3988 = ( GEOMETRIC_REPRESENTATION_CONTEXT(2) 
PARAMETRIC_REPRESENTATION_CONTEXT() REPRESENTATION_CONTEXT('2D SPACE',''
  ) );
#3989 = PCURVE('',#3990,#3995);
#3990 = PLANE('',#3991);
#3991 = AXIS2_PLACEMENT_3D('',#3992,#3993,#3994);
#3992 = CARTESIAN_POINT('',(30.5,30.5,0.));
#3993 = DIRECTION('',(0.,-1.,0.));
#3994 = DIRECTION('',(-1.,0.,0.));
#3995 = DEFINITIONAL_REPRESENTATION('',(#3996),#3999);
#3996 = B_SPLINE_CURVE_WITH_KNOTS('',1,(#3997,#3998),.UNSPECIFIED.,.F.,
  .F.,(2,2),(-4.25,34.75),.PIECEWISE_BEZIER_KNOTS.);
#3997 = CARTESIAN_POINT('',(11.,-127.5));
#3998 = CARTESIAN_POINT('',(50.,-127.5));
#3999 = ( GEOMETRIC_REPRESENTATION_CONTEXT(2) 
PARAMETRIC_REPRESENTATION_CONTEXT() REPRESENTATION_CONTEXT('2D SPACE',''
  ) );
#4000 = ORIENTED_EDGE('',*,*,#4001,.T.);
#4001 = EDGE_CURVE('',#3976,#4002,#4004,.T.);
#4002 = VERTEX_POINT('',#4003);
#4003 = CARTESIAN_POINT('',(-30.5,19.5,127.5));
#4004 = SURFACE_CURVE('',#4005,(#4010,#4017),.PCURVE_S1.);
#4005 = CIRCLE('',#4006,11.);
#4006 = AXIS2_PLACEMENT_3D('',#4007,#4008,#4009);
#4007 = CARTESIAN_POINT('',(-19.5,19.5,127.5));
#4008 = DIRECTION('',(0.,0.,1.));
#4009 = DIRECTION('',(-0.,1.,0.));
#4010 = PCURVE('',#3503,#4011);
#4011 = DEFINITIONAL_REPRESENTATION('',(#4012),#4016);
#4012 = CIRCLE('',#4013,11.);
#4013 = AXIS2_PLACEMENT_2D('',#4014,#4015);
#4014 = CARTESIAN_POINT('',(-19.5,19.5));
#4015 = DIRECTION('',(0.,1.));
#4016 = ( GEOMETRIC_REPRESENTATION_CONTEXT(2) 
PARAMETRIC_REPRESENTATION_CONTEXT() REPRESENTATION_CONTEXT('2D SPACE',''
  ) );
#4017 = PCURVE('',#4018,#4023);
#4018 = CYLINDRICAL_SURFACE('',#4019,11.);
#4019 = AXIS2_PLACEMENT_3D('',#4020,#4021,#4022);
#4020 = CARTESIAN_POINT('',(-19.5,19.5,0.));
#4021 = DIRECTION('',(0.,0.,1.));
#4022 = DIRECTION('',(-0.,1.,0.));
#4023 = DEFINITIONAL_REPRESENTATION('',(#4024),#4028);
#4024 = LINE('',#4025,#4026);
#4025 = CARTESIAN_POINT('',(0.,127.5));
#4026 = VECTOR('',#4027,1.);
#4027 = DIRECTION('',(1.,0.));
#4028 = ( GEOMETRIC_REPRESENTATION_CONTEXT(2) 
PARAMETRIC_REPRESENTATION_CONTEXT() REPRESENTATION_CONTEXT('2D SPACE',''
  ) );
#4029 = ORIENTED_EDGE('',*,*,#4030,.T.);
#4030 = EDGE_CURVE('',#4002,#3835,#4031,.T.);
#4031 = SURFACE_CURVE('',#4032,(#4036,#4042),.PCURVE_S1.);
#4032 = LINE('',#4033,#4034);
#4033 = CARTESIAN_POINT('',(-30.5,15.25,127.5));
#4034 = VECTOR('',#4035,1.);
#4035 = DIRECTION('',(0.,-1.,0.));
#4036 = PCURVE('',#3503,#4037);
#4037 = DEFINITIONAL_REPRESENTATION('',(#4038),#4041);
#4038 = B_SPLINE_CURVE_WITH_KNOTS('',1,(#4039,#4040),.UNSPECIFIED.,.F.,
  .F.,(2,2),(-4.25,34.75),.PIECEWISE_BEZIER_KNOTS.);
#4039 = CARTESIAN_POINT('',(-30.5,19.5));
#4040 = CARTESIAN_POINT('',(-30.5,-19.5));
#4041 = ( GEOMETRIC_REPRESENTATION_CONTEXT(2) 
PARAMETRIC_REPRESENTATION_CONTEXT() REPRESENTATION_CONTEXT('2D SPACE',''
  ) );
#4042 = PCURVE('',#4043,#4048);
#4043 = PLANE('',#4044);
#4044 = AXIS2_PLACEMENT_3D('',#4045,#4046,#4047);
#4045 = CARTESIAN_POINT('',(-30.5,30.5,0.));
#4046 = DIRECTION('',(1.,0.,-0.));
#4047 = DIRECTION('',(0.,-1.,0.));
#4048 = DEFINITIONAL_REPRESENTATION('',(#4049),#4052);
#4049 = B_SPLINE_CURVE_WITH_KNOTS('',1,(#4050,#4051),.UNSPECIFIED.,.F.,
  .F.,(2,2),(-4.25,34.75),.PIECEWISE_BEZIER_KNOTS.);
#4050 = CARTESIAN_POINT('',(11.,-127.5));
#4051 = CARTESIAN_POINT('',(50.,-127.5));
#4052 = ( GEOMETRIC_REPRESENTATION_CONTEXT(2) 
PARAMETRIC_REPRESENTATION_CONTEXT() REPRESENTATION_CONTEXT('2D SPACE',''
  ) );
#4053 = FACE_BOUND('',#4054,.F.);
#4054 = EDGE_LOOP('',(#4055,#4056,#4057,#4058,#4059,#4060,#4061,#4062));
#4055 = ORIENTED_EDGE('',*,*,#3488,.F.);
#4056 = ORIENTED_EDGE('',*,*,#3542,.T.);
#4057 = ORIENTED_EDGE('',*,*,#3637,.F.);
#4058 = ORIENTED_EDGE('',*,*,#3736,.T.);
#4059 = ORIENTED_EDGE('',*,*,#3809,.F.);
#4060 = ORIENTED_EDGE('',*,*,#3761,.T.);
#4061 = ORIENTED_EDGE('',*,*,#3687,.F.);
#4062 = ORIENTED_EDGE('',*,*,#3567,.T.);
#4063 = ADVANCED_FACE('',(#4064),#3853,.T.);
#4064 = FACE_BOUND('',#4065,.F.);
#4065 = EDGE_LOOP('',(#4066,#4089,#4090,#4113));
#4066 = ORIENTED_EDGE('',*,*,#4067,.F.);
#4067 = EDGE_CURVE('',#3837,#4068,#4070,.T.);
#4068 = VERTEX_POINT('',#4069);
#4069 = CARTESIAN_POINT('',(-19.5,-30.5,138.36874901754));
#4070 = SURFACE_CURVE('',#4071,(#4075,#4082),.PCURVE_S1.);
#4071 = LINE('',#4072,#4073);
#4072 = CARTESIAN_POINT('',(-19.5,-30.5,0.));
#4073 = VECTOR('',#4074,1.);
#4074 = DIRECTION('',(0.,0.,1.));
#4075 = PCURVE('',#3853,#4076);
#4076 = DEFINITIONAL_REPRESENTATION('',(#4077),#4081);
#4077 = LINE('',#4078,#4079);
#4078 = CARTESIAN_POINT('',(-0.,0.));
#4079 = VECTOR('',#4080,1.);
#4080 = DIRECTION('',(-0.,1.));
#4081 = ( GEOMETRIC_REPRESENTATION_CONTEXT(2) 
PARAMETRIC_REPRESENTATION_CONTEXT() REPRESENTATION_CONTEXT('2D SPACE',''
  ) );
#4082 = PCURVE('',#3880,#4083);
#4083 = DEFINITIONAL_REPRESENTATION('',(#4084),#4088);
#4084 = LINE('',#4085,#4086);
#4085 = CARTESIAN_POINT('',(11.,0.));
#4086 = VECTOR('',#4087,1.);
#4087 = DIRECTION('',(0.,-1.));
#4088 = ( GEOMETRIC_REPRESENTATION_CONTEXT(2) 
PARAMETRIC_REPRESENTATION_CONTEXT() REPRESENTATION_CONTEXT('2D SPACE',''
  ) );
#4089 = ORIENTED_EDGE('',*,*,#3834,.F.);
#4090 = ORIENTED_EDGE('',*,*,#4091,.T.);
#4091 = EDGE_CURVE('',#3835,#4092,#4094,.T.);
#4092 = VERTEX_POINT('',#4093);
#4093 = CARTESIAN_POINT('',(-30.5,-19.5,138.36874901754));
#4094 = SURFACE_CURVE('',#4095,(#4099,#4106),.PCURVE_S1.);
#4095 = LINE('',#4096,#4097);
#4096 = CARTESIAN_POINT('',(-30.5,-19.5,0.));
#4097 = VECTOR('',#4098,1.);
#4098 = DIRECTION('',(0.,0.,1.));
#4099 = PCURVE('',#3853,#4100);
#4100 = DEFINITIONAL_REPRESENTATION('',(#4101),#4105);
#4101 = LINE('',#4102,#4103);
#4102 = CARTESIAN_POINT('',(-1.570796326795,0.));
#4103 = VECTOR('',#4104,1.);
#4104 = DIRECTION('',(-0.,1.));
#4105 = ( GEOMETRIC_REPRESENTATION_CONTEXT(2) 
PARAMETRIC_REPRESENTATION_CONTEXT() REPRESENTATION_CONTEXT('2D SPACE',''
  ) );
#4106 = PCURVE('',#4043,#4107);
#4107 = DEFINITIONAL_REPRESENTATION('',(#4108),#4112);
#4108 = LINE('',#4109,#4110);
#4109 = CARTESIAN_POINT('',(50.,0.));
#4110 = VECTOR('',#4111,1.);
#4111 = DIRECTION('',(0.,-1.));
#4112 = ( GEOMETRIC_REPRESENTATION_CONTEXT(2) 
PARAMETRIC_REPRESENTATION_CONTEXT() REPRESENTATION_CONTEXT('2D SPACE',''
  ) );
#4113 = ORIENTED_EDGE('',*,*,#4114,.F.);
#4114 = EDGE_CURVE('',#4068,#4092,#4115,.T.);
#4115 = SURFACE_CURVE('',#4116,(#4196,#4279),.PCURVE_S1.);
#4116 = B_SPLINE_CURVE_WITH_KNOTS('',8,(#4117,#4118,#4119,#4120,#4121,
    #4122,#4123,#4124,#4125,#4126,#4127,#4128,#4129,#4130,#4131,#4132,
    #4133,#4134,#4135,#4136,#4137,#4138,#4139,#4140,#4141,#4142,#4143,
    #4144,#4145,#4146,#4147,#4148,#4149,#4150,#4151,#4152,#4153,#4154,
    #4155,#4156,#4157,#4158,#4159,#4160,#4161,#4162,#4163,#4164,#4165,
    #4166,#4167,#4168,#4169,#4170,#4171,#4172,#4173,#4174,#4175,#4176,
    #4177,#4178,#4179,#4180,#4181,#4182,#4183,#4184,#4185,#4186,#4187,
    #4188,#4189,#4190,#4191,#4192,#4193,#4194,#4195),.UNSPECIFIED.,.F.,
  .F.,(9,7,7,7,7,7,7,7,7,7,7,9),(0.,7.162754713012E-02,0.185764245494,
    0.245876808692,0.309845166788,0.416575928094,0.558862883929,
    0.66571366171,0.731711690879,0.823521829273,0.912879585208,1.),
  .UNSPECIFIED.);
#4117 = CARTESIAN_POINT('',(-19.5,-30.5,138.36874901754));
#4118 = CARTESIAN_POINT('',(-19.61309107958,-30.5,138.26011741421));
#4119 = CARTESIAN_POINT('',(-19.72688357546,-30.49867121971,
    138.15164661557));
#4120 = CARTESIAN_POINT('',(-19.84138802541,-30.49598477658,
    138.04334788767));
#4121 = CARTESIAN_POINT('',(-19.95661511355,-30.4919100426,
    137.93523339488));
#4122 = CARTESIAN_POINT('',(-20.0725771066,-30.486414328,137.82731675441
    ));
#4123 = CARTESIAN_POINT('',(-20.18928833025,-30.47946257379,
    137.71961321819));
#4124 = CARTESIAN_POINT('',(-20.30676468547,-30.47101705326,
    137.61213948193));
#4125 = CARTESIAN_POINT('',(-20.61346259385,-30.44513424916,
    137.33405060765));
#4126 = CARTESIAN_POINT('',(-20.80388102659,-30.42533561397,
    137.16382167024));
#4127 = CARTESIAN_POINT('',(-20.99634731808,-30.40147713382,
    136.99429200995));
#4128 = CARTESIAN_POINT('',(-21.19095131813,-30.37337173446,
    136.82554906836));
#4129 = CARTESIAN_POINT('',(-21.38776015403,-30.34081654538,
    136.65768682701));
#4130 = CARTESIAN_POINT('',(-21.58691478907,-30.30356619102,
    136.49084211235));
#4131 = CARTESIAN_POINT('',(-21.78851479799,-30.26135032845,
    136.3251515251));
#4132 = CARTESIAN_POINT('',(-22.10028251369,-30.18881307015,
    136.0742332108));
#4133 = CARTESIAN_POINT('',(-22.208558702,-30.16232036042,
    135.98804315251));
#4134 = CARTESIAN_POINT('',(-22.31758072065,-30.13431052096,
    135.90225109962));
#4135 = CARTESIAN_POINT('',(-22.4273729177,-30.10473166023,
    135.81688685878));
#4136 = CARTESIAN_POINT('',(-22.5379613366,-30.07352742091,
    135.73198426827));
#4137 = CARTESIAN_POINT('',(-22.64937442674,-30.04063606007,
    135.64758161024));
#4138 = CARTESIAN_POINT('',(-22.76164375415,-30.00598952945,
    135.56372202304));
#4139 = CARTESIAN_POINT('',(-22.99522414341,-29.93069584274,
    135.39184474493));
#4140 = CARTESIAN_POINT('',(-23.11664891003,-29.88980765247,
    135.30390840338));
#4141 = CARTESIAN_POINT('',(-23.23912293845,-29.84675692678,
    135.21670042096));
#4142 = CARTESIAN_POINT('',(-23.36269064784,-29.80144401946,
    135.13028731903));
#4143 = CARTESIAN_POINT('',(-23.48739780543,-29.75375980322,
    135.04474718229));
#4144 = CARTESIAN_POINT('',(-23.61329311096,-29.70358361987,
    134.96017078103));
#4145 = CARTESIAN_POINT('',(-23.74043051,-29.65078007368,134.87666324176
    ));
#4146 = CARTESIAN_POINT('',(-24.08317636482,-29.50245080431,
    134.65700096366));
#4147 = CARTESIAN_POINT('',(-24.30089297356,-29.40205716585,
    134.52311038728));
#4148 = CARTESIAN_POINT('',(-24.52254406862,-29.29321693774,
    134.39306908873));
#4149 = CARTESIAN_POINT('',(-24.74848810322,-29.17504745285,
    134.26758574837));
#4150 = CARTESIAN_POINT('',(-24.97891068438,-29.04658918851,
    134.14768756812));
#4151 = CARTESIAN_POINT('',(-25.21385232708,-28.90679707075,
    134.0347377593));
#4152 = CARTESIAN_POINT('',(-25.45324215434,-28.75450611958,
    133.93046370637));
#4153 = CARTESIAN_POINT('',(-26.02174484303,-28.3668721978,
    133.71238444756));
#4154 = CARTESIAN_POINT('',(-26.3610877566,-28.1160523632,
    133.60432649548));
#4155 = CARTESIAN_POINT('',(-26.70567042201,-27.83729237817,
    133.5229168956));
#4156 = CARTESIAN_POINT('',(-27.04685756655,-27.53320842467,
    133.47646499338));
#4157 = CARTESIAN_POINT('',(-27.37678259178,-27.20823654272,
    133.47037559848));
#4158 = CARTESIAN_POINT('',(-27.6881677218,-26.86901491859,
    133.50525133693));
#4159 = CARTESIAN_POINT('',(-27.97462098748,-26.52552091238,
    133.57569280283));
#4160 = CARTESIAN_POINT('',(-28.42291960437,-25.94060580209,
    133.74249833316));
#4161 = CARTESIAN_POINT('',(-28.60004971813,-25.69243400413,
    133.82878899925));
#4162 = CARTESIAN_POINT('',(-28.7628396622,-25.44805604228,
    133.9271862017));
#4163 = CARTESIAN_POINT('',(-28.91236337573,-25.20812600198,
    134.03527089401));
#4164 = CARTESIAN_POINT('',(-29.04975102839,-24.97295761981,
    134.15105132882));
#4165 = CARTESIAN_POINT('',(-29.17612400508,-24.74255286751,
    134.273010254));
#4166 = CARTESIAN_POINT('',(-29.29258783008,-24.5165890902,
    134.40009285372));
#4167 = CARTESIAN_POINT('',(-29.46664463156,-24.15717135166,
    134.61303956914));
#4168 = CARTESIAN_POINT('',(-29.52966629038,-24.02149293397,
    134.69601830701));
#4169 = CARTESIAN_POINT('',(-29.58946494063,-23.88729616815,
    134.78047782081));
#4170 = CARTESIAN_POINT('',(-29.64622693503,-23.75451627551,
    134.86625624139));
#4171 = CARTESIAN_POINT('',(-29.70011740689,-23.62309373053,
    134.95321553287));
#4172 = CARTESIAN_POINT('',(-29.75128531258,-23.49297077816,
    135.04123865967));
#4173 = CARTESIAN_POINT('',(-29.79986648422,-23.36408911444,
    135.13022775923));
#4174 = CARTESIAN_POINT('',(-29.91013992734,-23.05874418466,
    135.34512959477));
#4175 = CARTESIAN_POINT('',(-29.96952148203,-22.88340646397,
    135.47185707577));
#4176 = CARTESIAN_POINT('',(-30.02446269254,-22.71021810269,
    135.60006223395));
#4177 = CARTESIAN_POINT('',(-30.07523419393,-22.53907390952,
    135.72957211334));
#4178 = CARTESIAN_POINT('',(-30.12208392198,-22.36983853498,
    135.86021733977));
#4179 = CARTESIAN_POINT('',(-30.16521345141,-22.20243808329,
    135.99188215868));
#4180 = CARTESIAN_POINT('',(-30.20481158834,-22.03677371166,
    136.12445703182));
#4181 = CARTESIAN_POINT('',(-30.2763055493,-21.71313435563,
    136.3877027505));
#4182 = CARTESIAN_POINT('',(-30.30837706706,-21.5550806044,
    136.51832229551));
#4183 = CARTESIAN_POINT('',(-30.33740836959,-21.39853031165,
    136.6496392655));
#4184 = CARTESIAN_POINT('',(-30.36353143623,-21.24342601963,
    136.78158510619));
#4185 = CARTESIAN_POINT('',(-30.38686460731,-21.08971193205,
    136.91409766645));
#4186 = CARTESIAN_POINT('',(-30.40751422234,-20.93733859378,
    137.04712311408));
#4187 = CARTESIAN_POINT('',(-30.42557552809,-20.78626756787,
    137.18061796209));
#4188 = CARTESIAN_POINT('',(-30.45630731851,-20.49040045987,
    137.44511557427));
#4189 = CARTESIAN_POINT('',(-30.4691011989,-20.34554430779,
    137.57609532774));
#4190 = CARTESIAN_POINT('',(-30.47959875523,-20.2018553046,
    137.70744609363));
#4191 = CARTESIAN_POINT('',(-30.48787307545,-20.05930688196,
    137.83913670915));
#4192 = CARTESIAN_POINT('',(-30.49399119282,-19.91787007364,
    137.97113704882));
#4193 = CARTESIAN_POINT('',(-30.49801466285,-19.77751889448,
    138.10342015481));
#4194 = CARTESIAN_POINT('',(-30.5,-19.63823563677,138.2359643725));
#4195 = CARTESIAN_POINT('',(-30.5,-19.5,138.36874901754));
#4196 = PCURVE('',#3853,#4197);
#4197 = DEFINITIONAL_REPRESENTATION('',(#4198),#4278);
#4198 = B_SPLINE_CURVE_WITH_KNOTS('',8,(#4199,#4200,#4201,#4202,#4203,
    #4204,#4205,#4206,#4207,#4208,#4209,#4210,#4211,#4212,#4213,#4214,
    #4215,#4216,#4217,#4218,#4219,#4220,#4221,#4222,#4223,#4224,#4225,
    #4226,#4227,#4228,#4229,#4230,#4231,#4232,#4233,#4234,#4235,#4236,
    #4237,#4238,#4239,#4240,#4241,#4242,#4243,#4244,#4245,#4246,#4247,
    #4248,#4249,#4250,#4251,#4252,#4253,#4254,#4255,#4256,#4257,#4258,
    #4259,#4260,#4261,#4262,#4263,#4264,#4265,#4266,#4267,#4268,#4269,
    #4270,#4271,#4272,#4273,#4274,#4275,#4276,#4277),.UNSPECIFIED.,.F.,
  .F.,(9,7,7,7,7,7,7,7,7,7,7,9),(0.,7.162754713012E-02,0.185764245494,
    0.245876808692,0.309845166788,0.416575928094,0.558862883929,
    0.66571366171,0.731711690879,0.823521829273,0.912879585208,1.),
  .UNSPECIFIED.);
#4199 = CARTESIAN_POINT('',(0.,138.36874901754));
#4200 = CARTESIAN_POINT('',(-1.028100723528E-02,138.26011741421));
#4201 = CARTESIAN_POINT('',(-2.06257795893E-02,138.15164661557));
#4202 = CARTESIAN_POINT('',(-3.103693092561E-02,138.04334788767));
#4203 = CARTESIAN_POINT('',(-4.151717484656E-02,137.93523339488));
#4204 = CARTESIAN_POINT('',(-5.206946531166E-02,137.82731675441));
#4205 = CARTESIAN_POINT('',(-6.26970530688E-02,137.71961321819));
#4206 = CARTESIAN_POINT('',(-7.340345789837E-02,137.61213948193));
#4207 = CARTESIAN_POINT('',(-0.101384196042,137.33405060765));
#4208 = CARTESIAN_POINT('',(-0.118785003727,137.16382167024));
#4209 = CARTESIAN_POINT('',(-0.136410097855,136.99429200995));
#4210 = CARTESIAN_POINT('',(-0.154277591492,136.82554906836));
#4211 = CARTESIAN_POINT('',(-0.172404600718,136.65768682701));
#4212 = CARTESIAN_POINT('',(-0.190816519534,136.49084211235));
#4213 = CARTESIAN_POINT('',(-0.209536704021,136.3251515251));
#4214 = CARTESIAN_POINT('',(-0.238636242853,136.0742332108));
#4215 = CARTESIAN_POINT('',(-0.248769237621,135.98804315251));
#4216 = CARTESIAN_POINT('',(-0.25900107094,135.90225109962));
#4217 = CARTESIAN_POINT('',(-0.269336627234,135.81688685878));
#4218 = CARTESIAN_POINT('',(-0.279781174316,135.73198426827));
#4219 = CARTESIAN_POINT('',(-0.29034047388,135.64758161024));
#4220 = CARTESIAN_POINT('',(-0.301020891999,135.56372202304));
#4221 = CARTESIAN_POINT('',(-0.323331423461,135.39184474493));
#4222 = CARTESIAN_POINT('',(-0.334978099792,135.30390840338));
#4223 = CARTESIAN_POINT('',(-0.346778195504,135.21670042096));
#4224 = CARTESIAN_POINT('',(-0.358740900549,135.13028731903));
#4225 = CARTESIAN_POINT('',(-0.370876075442,135.04474718229));
#4226 = CARTESIAN_POINT('',(-0.383194509727,134.96017078103));
#4227 = CARTESIAN_POINT('',(-0.395708301407,134.87666324176));
#4228 = CARTESIAN_POINT('',(-0.429659687794,134.65700096366));
#4229 = CARTESIAN_POINT('',(-0.451448928923,134.52311038728));
#4230 = CARTESIAN_POINT('',(-0.473885997611,134.39306908873));
#4231 = CARTESIAN_POINT('',(-0.497050435031,134.26758574837));
#4232 = CARTESIAN_POINT('',(-0.52101509755,134.14768756812));
#4233 = CARTESIAN_POINT('',(-0.545850347551,134.0347377593));
#4234 = CARTESIAN_POINT('',(-0.571630471222,133.93046370637));
#4235 = CARTESIAN_POINT('',(-0.634183282916,133.71238444756));
#4236 = CARTESIAN_POINT('',(-0.672517027685,133.60432649548));
#4237 = CARTESIAN_POINT('',(-0.7127445942,133.5229168956));
#4238 = CARTESIAN_POINT('',(-0.75419642577,133.47646499338));
#4239 = CARTESIAN_POINT('',(-0.796190776741,133.47037559848));
#4240 = CARTESIAN_POINT('',(-0.837972216272,133.50525133693));
#4241 = CARTESIAN_POINT('',(-0.878598023956,133.57569280283));
#4242 = CARTESIAN_POINT('',(-0.945593603936,133.74249833316));
#4243 = CARTESIAN_POINT('',(-0.973295759727,133.82878899925));
#4244 = CARTESIAN_POINT('',(-0.999967330329,133.9271862017));
#4245 = CARTESIAN_POINT('',(-1.025645625366,134.03527089401));
#4246 = CARTESIAN_POINT('',(-1.050386759573,134.15105132882));
#4247 = CARTESIAN_POINT('',(-1.074262900451,134.273010254));
#4248 = CARTESIAN_POINT('',(-1.097365868938,134.40009285372));
#4249 = CARTESIAN_POINT('',(-1.133670011284,134.61303956914));
#4250 = CARTESIAN_POINT('',(-1.147268300598,134.69601830701));
#4251 = CARTESIAN_POINT('',(-1.160621711441,134.78047782081));
#4252 = CARTESIAN_POINT('',(-1.173746345443,134.86625624139));
#4253 = CARTESIAN_POINT('',(-1.186656539235,134.95321553287));
#4254 = CARTESIAN_POINT('',(-1.199365462425,135.04123865967));
#4255 = CARTESIAN_POINT('',(-1.21188551178,135.13022775923));
#4256 = CARTESIAN_POINT('',(-1.241398887148,135.34512959477));
#4257 = CARTESIAN_POINT('',(-1.258224622193,135.47185707577));
#4258 = CARTESIAN_POINT('',(-1.274737177937,135.60006223395));
#4259 = CARTESIAN_POINT('',(-1.290960319198,135.72957211334));
#4260 = CARTESIAN_POINT('',(-1.306918784017,135.86021733977));
#4261 = CARTESIAN_POINT('',(-1.322629922738,135.99188215868));
#4262 = CARTESIAN_POINT('',(-1.338112278944,136.12445703182));
#4263 = CARTESIAN_POINT('',(-1.368243372577,136.3877027505));
#4264 = CARTESIAN_POINT('',(-1.382902547617,136.51832229551));
#4265 = CARTESIAN_POINT('',(-1.39737364663,136.6496392655));
#4266 = CARTESIAN_POINT('',(-1.411668787846,136.78158510619));
#4267 = CARTESIAN_POINT('',(-1.425799232379,136.91409766645));
#4268 = CARTESIAN_POINT('',(-1.43977508561,137.04712311408));
#4269 = CARTESIAN_POINT('',(-1.453604958206,137.18061796209));
#4270 = CARTESIAN_POINT('',(-1.480646675066,137.44511557427));
#4271 = CARTESIAN_POINT('',(-1.493865109814,137.57609532774));
#4272 = CARTESIAN_POINT('',(-1.506960065557,137.70744609363));
#4273 = CARTESIAN_POINT('',(-1.519937957195,137.83913670915));
#4274 = CARTESIAN_POINT('',(-1.532805113911,137.97113704882));
#4275 = CARTESIAN_POINT('',(-1.545567336463,138.10342015481));
#4276 = CARTESIAN_POINT('',(-1.558229450725,138.2359643725));
#4277 = CARTESIAN_POINT('',(-1.570796326795,138.36874901754));
#4278 = ( GEOMETRIC_REPRESENTATION_CONTEXT(2) 
PARAMETRIC_REPRESENTATION_CONTEXT() REPRESENTATION_CONTEXT('2D SPACE',''
  ) );
#4279 = PCURVE('',#4280,#4316);
#4280 = SURFACE_OF_REVOLUTION('',#4281,#4313);
#4281 = B_SPLINE_CURVE_WITH_KNOTS('',3,(#4282,#4283,#4284,#4285,#4286,
    #4287,#4288,#4289,#4290,#4291,#4292,#4293,#4294,#4295,#4296,#4297,
    #4298,#4299,#4300,#4301,#4302,#4303,#4304,#4305,#4306,#4307,#4308,
    #4309,#4310,#4311,#4312),.UNSPECIFIED.,.F.,.F.,(4,1,1,1,1,1,1,1,1,1,
    1,1,1,1,1,1,1,1,1,1,1,1,1,1,1,1,1,1,4),(0.,1.079137619249,
    2.176126492164,3.290084335083,4.420701234616,5.567717650764,
    6.730894576073,7.910006408852,9.104838211355,10.315184273553,
    11.540847183495,12.781637137124,14.037371380985,15.307873738979,
    16.59297419806,17.892508538548,19.206318000156,20.53424897771,
    21.876152742253,23.231885184235,24.601306576216,25.984281352949,
    27.380677907083,28.790368398964,30.213228579239,31.649137623117,
    33.097977975282,34.559635204565,36.033997867583),.UNSPECIFIED.);
#4282 = CARTESIAN_POINT('',(40.077164466275,0.,128.));
#4283 = CARTESIAN_POINT('',(40.077164466275,0.,128.38594572704));
#4284 = CARTESIAN_POINT('',(39.954870665423,0.,129.06808231441));
#4285 = CARTESIAN_POINT('',(39.724060108557,0.,130.1543799429));
#4286 = CARTESIAN_POINT('',(39.41430295206,0.,131.22132897833));
#4287 = CARTESIAN_POINT('',(39.052468691528,0.,132.29367469741));
#4288 = CARTESIAN_POINT('',(38.641708744869,0.,133.36456803818));
#4289 = CARTESIAN_POINT('',(38.188151379988,0.,134.43587737092));
#4290 = CARTESIAN_POINT('',(37.695203239228,0.,135.50708824663));
#4291 = CARTESIAN_POINT('',(37.165844762927,0.,136.57833963495));
#4292 = CARTESIAN_POINT('',(36.602392443017,0.,137.64959225338));
#4293 = CARTESIAN_POINT('',(36.006793209294,0.,138.72085579949));
#4294 = CARTESIAN_POINT('',(35.380688765695,0.,139.79212674269));
#4295 = CARTESIAN_POINT('',(34.725494560072,0.,140.86340527382));
#4296 = CARTESIAN_POINT('',(34.042445393747,0.,141.93469065935));
#4297 = CARTESIAN_POINT('',(33.33263137543,0.,143.00598246539));
#4298 = CARTESIAN_POINT('',(32.597023895626,0.,144.07728032066));
#4299 = CARTESIAN_POINT('',(31.836496014424,0.,145.1485835642));
#4300 = CARTESIAN_POINT('',(31.051836976896,0.,146.21989288582));
#4301 = CARTESIAN_POINT('',(30.243768649917,0.,147.29120399287));
#4302 = CARTESIAN_POINT('',(29.412939984354,0.,148.36253162528));
#4303 = CARTESIAN_POINT('',(28.559993682173,0.,149.43381852473));
#4304 = CARTESIAN_POINT('',(27.685350872029,0.,150.5052802931));
#4305 = CARTESIAN_POINT('',(26.790057328408,0.,151.57609927189));
#4306 = CARTESIAN_POINT('',(25.872605001306,0.,152.6493699014));
#4307 = CARTESIAN_POINT('',(24.940984881657,0.,153.71337918441));
#4308 = CARTESIAN_POINT('',(23.967093817189,0.,154.81244661248));
#4309 = CARTESIAN_POINT('',(23.05924372686,0.,155.77891395612));
#4310 = CARTESIAN_POINT('',(21.809676314397,0.,157.24686676576));
#4311 = CARTESIAN_POINT('',(21.777997483951,-0.,156.96267002139));
#4312 = CARTESIAN_POINT('',(21.,0.,158.));
#4313 = AXIS1_PLACEMENT('',#4314,#4315);
#4314 = CARTESIAN_POINT('',(0.,0.,0.));
#4315 = DIRECTION('',(0.,0.,1.));
#4316 = DEFINITIONAL_REPRESENTATION('',(#4317),#4397);
#4317 = B_SPLINE_CURVE_WITH_KNOTS('',8,(#4318,#4319,#4320,#4321,#4322,
    #4323,#4324,#4325,#4326,#4327,#4328,#4329,#4330,#4331,#4332,#4333,
    #4334,#4335,#4336,#4337,#4338,#4339,#4340,#4341,#4342,#4343,#4344,
    #4345,#4346,#4347,#4348,#4349,#4350,#4351,#4352,#4353,#4354,#4355,
    #4356,#4357,#4358,#4359,#4360,#4361,#4362,#4363,#4364,#4365,#4366,
    #4367,#4368,#4369,#4370,#4371,#4372,#4373,#4374,#4375,#4376,#4377,
    #4378,#4379,#4380,#4381,#4382,#4383,#4384,#4385,#4386,#4387,#4388,
    #4389,#4390,#4391,#4392,#4393,#4394,#4395,#4396),.UNSPECIFIED.,.F.,
  .F.,(9,7,7,7,7,7,7,7,7,7,7,9),(0.,7.162754713012E-02,0.185764245494,
    0.245876808692,0.309845166788,0.416575928094,0.558862883929,
    0.66571366171,0.731711690879,0.823521829273,0.912879585208,1.),
  .UNSPECIFIED.);
#4318 = CARTESIAN_POINT('',(4.143541121963,11.143908142677));
#4319 = CARTESIAN_POINT('',(4.14090908997,11.019364367074));
#4320 = CARTESIAN_POINT('',(4.138251085143,10.895183398636));
#4321 = CARTESIAN_POINT('',(4.135566447449,10.771377498178));
#4322 = CARTESIAN_POINT('',(4.132854484377,10.647959931937));
#4323 = CARTESIAN_POINT('',(4.130114433604,10.524945452953));
#4324 = CARTESIAN_POINT('',(4.127345447534,10.40235046661));
#4325 = CARTESIAN_POINT('',(4.12454659971,10.28019288034));
#4326 = CARTESIAN_POINT('',(4.117207878558,9.964563761937));
#4327 = CARTESIAN_POINT('',(4.11262066954,9.771800785618));
#4328 = CARTESIAN_POINT('',(4.10795122314,9.580272993074));
#4329 = CARTESIAN_POINT('',(4.10319466982,9.390073957316));
#4330 = CARTESIAN_POINT('',(4.098346362206,9.201303969791));
#4331 = CARTESIAN_POINT('',(4.09339935694,9.014108730569));
#4332 = CARTESIAN_POINT('',(4.088347189774,8.828632741698));
#4333 = CARTESIAN_POINT('',(4.080459936651,8.548386587335));
#4334 = CARTESIAN_POINT('',(4.077707396138,8.452238729331));
#4335 = CARTESIAN_POINT('',(4.074921980283,8.356650053394));
#4336 = CARTESIAN_POINT('',(4.072102327021,8.261652042954));
#4337 = CARTESIAN_POINT('',(4.069246963059,8.167280444235));
#4338 = CARTESIAN_POINT('',(4.066354272906,8.073575682203));
#4339 = CARTESIAN_POINT('',(4.063422467902,7.980583276525));
#4340 = CARTESIAN_POINT('',(4.057285951317,7.79020940059));
#4341 = CARTESIAN_POINT('',(4.054075909895,7.692932398158));
#4342 = CARTESIAN_POINT('',(4.050816996005,7.596581855592));
#4343 = CARTESIAN_POINT('',(4.047506617068,7.501228118058));
#4344 = CARTESIAN_POINT('',(4.044141986074,7.406953791185));
#4345 = CARTESIAN_POINT('',(4.040720050165,7.31385485582));
#4346 = CARTESIAN_POINT('',(4.037237384606,7.222042376852));
#4347 = CARTESIAN_POINT('',(4.02777135262,6.980817087011));
#4348 = CARTESIAN_POINT('',(4.021678665943,6.834082492167));
#4349 = CARTESIAN_POINT('',(4.015387544743,6.691848334159));
#4350 = CARTESIAN_POINT('',(4.008875417234,6.554866172804));
#4351 = CARTESIAN_POINT('',(4.002121566174,6.424221819573));
#4352 = CARTESIAN_POINT('',(3.995106096425,6.301355517309));
#4353 = CARTESIAN_POINT('',(3.987808277734,6.188096415052));
#4354 = CARTESIAN_POINT('',(3.970067954731,5.95151387248));
#4355 = CARTESIAN_POINT('',(3.959172184443,5.834533057913));
#4356 = CARTESIAN_POINT('',(3.947715317169,5.746590589105));
#4357 = CARTESIAN_POINT('',(3.935893178516,5.696503570014));
#4358 = CARTESIAN_POINT('',(3.923909736744,5.689920360563));
#4359 = CARTESIAN_POINT('',(3.91199242302,5.727518898943));
#4360 = CARTESIAN_POINT('',(3.900419737637,5.803632999513));
#4361 = CARTESIAN_POINT('',(3.881367245712,5.984209217772));
#4362 = CARTESIAN_POINT('',(3.873500097096,6.077704318023));
#4363 = CARTESIAN_POINT('',(3.865938778251,6.184443913751));
#4364 = CARTESIAN_POINT('',(3.858673639907,6.301868965955));
#4365 = CARTESIAN_POINT('',(3.851689105777,6.427868588234));
#4366 = CARTESIAN_POINT('',(3.844964731288,6.560833359659));
#4367 = CARTESIAN_POINT('',(3.838474455625,6.699650206853));
#4368 = CARTESIAN_POINT('',(3.828302816712,6.932722541277));
#4369 = CARTESIAN_POINT('',(3.824499477162,7.023649015384));
#4370 = CARTESIAN_POINT('',(3.820771300851,7.116308978585));
#4371 = CARTESIAN_POINT('',(3.817113725661,7.210531419536));
#4372 = CARTESIAN_POINT('',(3.813522688244,7.306170405366));
#4373 = CARTESIAN_POINT('',(3.809994457873,7.403102173733));
#4374 = CARTESIAN_POINT('',(3.806525528462,7.50122332292));
#4375 = CARTESIAN_POINT('',(3.798364786054,7.738484890541));
#4376 = CARTESIAN_POINT('',(3.793725869898,7.878643465002));
#4377 = CARTESIAN_POINT('',(3.78918694007,8.020690422842));
#4378 = CARTESIAN_POINT('',(3.784741288968,8.164440596132));
#4379 = CARTESIAN_POINT('',(3.780381980568,8.309718684565));
#4380 = CARTESIAN_POINT('',(3.776104147457,8.456399566864));
#4381 = CARTESIAN_POINT('',(3.771902623526,8.60436888341));
#4382 = CARTESIAN_POINT('',(3.763753690502,8.898730056645));
#4383 = CARTESIAN_POINT('',(3.759802702852,9.045050076621));
#4384 = CARTESIAN_POINT('',(3.755916057076,9.192416297223));
#4385 = CARTESIAN_POINT('',(3.752090407468,9.34075611918));
#4386 = CARTESIAN_POINT('',(3.748322668502,9.490003461597));
#4387 = CARTESIAN_POINT('',(3.74461009034,9.64010093152));
#4388 = CARTESIAN_POINT('',(3.740950346483,9.791002114957));
#4389 = CARTESIAN_POINT('',(3.733822405978,10.090531561038));
#4390 = CARTESIAN_POINT('',(3.730351764081,10.239120182146));
#4391 = CARTESIAN_POINT('',(3.726927250895,10.388392268322));
#4392 = CARTESIAN_POINT('',(3.723547163306,10.538314048065));
#4393 = CARTESIAN_POINT('',(3.720209841092,10.688853269699));
#4394 = CARTESIAN_POINT('',(3.716913780251,10.83998099744));
#4395 = CARTESIAN_POINT('',(3.713657747358,10.991673428948));
#4396 = CARTESIAN_POINT('',(3.710440512011,11.143908142677));
#4397 = ( GEOMETRIC_REPRESENTATION_CONTEXT(2) 
PARAMETRIC_REPRESENTATION_CONTEXT() REPRESENTATION_CONTEXT('2D SPACE',''
  ) );
#4398 = ADVANCED_FACE('',(#4399),#4043,.F.);
#4399 = FACE_BOUND('',#4400,.F.);
#4400 = EDGE_LOOP('',(#4401,#4402,#4425,#4695));
#4401 = ORIENTED_EDGE('',*,*,#4030,.F.);
#4402 = ORIENTED_EDGE('',*,*,#4403,.T.);
#4403 = EDGE_CURVE('',#4002,#4404,#4406,.T.);
#4404 = VERTEX_POINT('',#4405);
#4405 = CARTESIAN_POINT('',(-30.5,19.5,138.36874901754));
#4406 = SURFACE_CURVE('',#4407,(#4411,#4418),.PCURVE_S1.);
#4407 = LINE('',#4408,#4409);
#4408 = CARTESIAN_POINT('',(-30.5,19.5,0.));
#4409 = VECTOR('',#4410,1.);
#4410 = DIRECTION('',(0.,0.,1.));
#4411 = PCURVE('',#4043,#4412);
#4412 = DEFINITIONAL_REPRESENTATION('',(#4413),#4417);
#4413 = LINE('',#4414,#4415);
#4414 = CARTESIAN_POINT('',(11.,0.));
#4415 = VECTOR('',#4416,1.);
#4416 = DIRECTION('',(0.,-1.));
#4417 = ( GEOMETRIC_REPRESENTATION_CONTEXT(2) 
PARAMETRIC_REPRESENTATION_CONTEXT() REPRESENTATION_CONTEXT('2D SPACE',''
  ) );
#4418 = PCURVE('',#4018,#4419);
#4419 = DEFINITIONAL_REPRESENTATION('',(#4420),#4424);
#4420 = LINE('',#4421,#4422);
#4421 = CARTESIAN_POINT('',(1.570796326795,0.));
#4422 = VECTOR('',#4423,1.);
#4423 = DIRECTION('',(0.,1.));
#4424 = ( GEOMETRIC_REPRESENTATION_CONTEXT(2) 
PARAMETRIC_REPRESENTATION_CONTEXT() REPRESENTATION_CONTEXT('2D SPACE',''
  ) );
#4425 = ORIENTED_EDGE('',*,*,#4426,.T.);
#4426 = EDGE_CURVE('',#4404,#4092,#4427,.T.);
#4427 = SURFACE_CURVE('',#4428,(#4515,#4605),.PCURVE_S1.);
#4428 = B_SPLINE_CURVE_WITH_KNOTS('',8,(#4429,#4430,#4431,#4432,#4433,
    #4434,#4435,#4436,#4437,#4438,#4439,#4440,#4441,#4442,#4443,#4444,
    #4445,#4446,#4447,#4448,#4449,#4450,#4451,#4452,#4453,#4454,#4455,
    #4456,#4457,#4458,#4459,#4460,#4461,#4462,#4463,#4464,#4465,#4466,
    #4467,#4468,#4469,#4470,#4471,#4472,#4473,#4474,#4475,#4476,#4477,
    #4478,#4479,#4480,#4481,#4482,#4483,#4484,#4485,#4486,#4487,#4488,
    #4489,#4490,#4491,#4492,#4493,#4494,#4495,#4496,#4497,#4498,#4499,
    #4500,#4501,#4502,#4503,#4504,#4505,#4506,#4507,#4508,#4509,#4510,
    #4511,#4512,#4513,#4514),.UNSPECIFIED.,.F.,.F.,(9,7,7,7,7,7,7,7,7,7,
    7,7,9),(0.,6.90186122038E-02,0.124359690132,0.213816826373,
    0.320181290697,0.390827312608,0.500400550851,0.57447033765,
    0.680100734244,0.774759275558,0.836393508009,0.921286113009,1.),
  .UNSPECIFIED.);
#4429 = CARTESIAN_POINT('',(-30.5,19.5,138.36874901754));
#4430 = CARTESIAN_POINT('',(-30.5,19.260419482837,138.59888224999));
#4431 = CARTESIAN_POINT('',(-30.5,19.017424404466,138.82708074904));
#4432 = CARTESIAN_POINT('',(-30.5,18.771023541649,139.05332489509));
#4433 = CARTESIAN_POINT('',(-30.5,18.521218883593,139.27758987049));
#4434 = CARTESIAN_POINT('',(-30.5,18.267976509562,139.49983065298));
#4435 = CARTESIAN_POINT('',(-30.5,18.011309843272,139.72002656317));
#4436 = CARTESIAN_POINT('',(-30.5,17.751187020819,139.93813056858));
#4437 = CARTESIAN_POINT('',(-30.5,17.276210417603,140.32726349609));
#4438 = CARTESIAN_POINT('',(-30.5,17.062602345857,140.49905560614));
#4439 = CARTESIAN_POINT('',(-30.5,16.846738276356,140.66944762709));
#4440 = CARTESIAN_POINT('',(-30.5,16.628603676453,140.83841441235));
#4441 = CARTESIAN_POINT('',(-30.5,16.408181157061,141.00592758472));
#4442 = CARTESIAN_POINT('',(-30.5,16.185448704232,141.17195447871));
#4443 = CARTESIAN_POINT('',(-30.5,15.960380860359,141.33645897709));
#4444 = CARTESIAN_POINT('',(-30.5,15.365322537254,141.76280020824));
#4445 = CARTESIAN_POINT('',(-30.5,14.99153211719,142.0221157706));
#4446 = CARTESIAN_POINT('',(-30.5,14.611465789365,142.27719776176));
#4447 = CARTESIAN_POINT('',(-30.5,14.225012638276,142.52787104645));
#4448 = CARTESIAN_POINT('',(-30.5,13.832006693038,142.77390067538));
#4449 = CARTESIAN_POINT('',(-30.5,13.432347069738,143.01507421585));
#4450 = CARTESIAN_POINT('',(-30.5,13.025860911482,143.25110457559));
#4451 = CARTESIAN_POINT('',(-30.5,12.120767080366,143.75585953218));
#4452 = CARTESIAN_POINT('',(-30.5,11.619313501368,144.02230663021));
#4453 = CARTESIAN_POINT('',(-30.5,11.107717114702,144.28053806977));
#4454 = CARTESIAN_POINT('',(-30.5,10.585729940145,144.52997176646));
#4455 = CARTESIAN_POINT('',(-30.5,10.05309821013,144.76988419121));
#4456 = CARTESIAN_POINT('',(-30.5,9.509663994298,144.99950018826));
#4457 = CARTESIAN_POINT('',(-30.5,8.955294275266,145.21792855352));
#4458 = CARTESIAN_POINT('',(-30.5,8.014422044571,145.56121045117));
#4459 = CARTESIAN_POINT('',(-30.5,7.63408921522,145.69284614877));
#4460 = CARTESIAN_POINT('',(-30.5,7.248930329547,145.81882448571));
#4461 = CARTESIAN_POINT('',(-30.5,6.858979359005,145.93883685976));
#4462 = CARTESIAN_POINT('',(-30.5,6.464308852526,146.05255738825));
#4463 = CARTESIAN_POINT('',(-30.5,6.065034418672,146.15964870671));
#4464 = CARTESIAN_POINT('',(-30.5,5.66132046093,146.25976929265));
#4465 = CARTESIAN_POINT('',(-30.5,4.620675360326,146.49653696432));
#4466 = CARTESIAN_POINT('',(-30.5,3.977622224346,146.62295548423));
#4467 = CARTESIAN_POINT('',(-30.5,3.325305326492,146.73050396623));
#4468 = CARTESIAN_POINT('',(-30.5,2.66503848842,146.81794123008));
#4469 = CARTESIAN_POINT('',(-30.5,1.99839549786,146.88419825368));
#4470 = CARTESIAN_POINT('',(-30.5,1.327237671608,146.92846786986));
#4471 = CARTESIAN_POINT('',(-30.5,0.653745268779,146.95030472939));
#4472 = CARTESIAN_POINT('',(-30.5,-0.474682402726,146.94935076072));
#4473 = CARTESIAN_POINT('',(-30.5,-0.929826094745,146.93872724582));
#4474 = CARTESIAN_POINT('',(-30.5,-1.384236400519,146.91786480083));
#4475 = CARTESIAN_POINT('',(-30.5,-1.837225991968,146.88685606362));
#4476 = CARTESIAN_POINT('',(-30.5,-2.2881597249,146.84587517021));
#4477 = CARTESIAN_POINT('',(-30.5,-2.736452229779,146.79516643031));
#4478 = CARTESIAN_POINT('',(-30.5,-3.181565502498,146.73503300282));
#4479 = CARTESIAN_POINT('',(-30.5,-4.25254235777,146.56712934507));
#4480 = CARTESIAN_POINT('',(-30.5,-4.874632708245,146.44997517607));
#4481 = CARTESIAN_POINT('',(-30.5,-5.488013221535,146.31535277993));
#4482 = CARTESIAN_POINT('',(-30.5,-6.091772822272,146.16439222418));
#4483 = CARTESIAN_POINT('',(-30.5,-6.685288808628,145.99826844035));
#4484 = CARTESIAN_POINT('',(-30.5,-7.268177159182,145.8181283123));
#4485 = CARTESIAN_POINT('',(-30.5,-7.840258022801,145.62504034047));
#4486 = CARTESIAN_POINT('',(-30.5,-8.904514638019,145.23619445465));
#4487 = CARTESIAN_POINT('',(-30.5,-9.398795527556,145.0428043447));
#4488 = CARTESIAN_POINT('',(-30.5,-9.884414249075,144.84048116841));
#4489 = CARTESIAN_POINT('',(-30.5,-10.36144726164,144.62985398132));
#4490 = CARTESIAN_POINT('',(-30.5,-10.83001101592,144.41149594896));
#4491 = CARTESIAN_POINT('',(-30.5,-11.29025835842,144.18592147607));
#4492 = CARTESIAN_POINT('',(-30.5,-11.74237261859,143.95358079441));
#4493 = CARTESIAN_POINT('',(-30.5,-12.47577902693,143.55941051189));
#4494 = CARTESIAN_POINT('',(-30.5,-12.76162817318,143.40126640796));
#4495 = CARTESIAN_POINT('',(-30.5,-13.04415781206,143.24052724251));
#4496 = CARTESIAN_POINT('',(-30.5,-13.32341971854,143.07729432533));
#4497 = CARTESIAN_POINT('',(-30.5,-13.59946383968,142.91166086644));
#4498 = CARTESIAN_POINT('',(-30.5,-13.87233746865,142.74371131951));
#4499 = CARTESIAN_POINT('',(-30.5,-14.14208620112,142.57352193364));
#4500 = CARTESIAN_POINT('',(-30.5,-14.7760582562,142.16376132236));
#4501 = CARTESIAN_POINT('',(-30.5,-15.13751396774,141.92224788887));
#4502 = CARTESIAN_POINT('',(-30.5,-15.49324004266,141.67680011041));
#4503 = CARTESIAN_POINT('',(-30.5,-15.84336942619,141.427597353));
#4504 = CARTESIAN_POINT('',(-30.5,-16.18794421918,141.17474934517));
#4505 = CARTESIAN_POINT('',(-30.5,-16.52709676842,140.91841254248));
#4506 = CARTESIAN_POINT('',(-30.5,-16.86087811848,140.6586827552));
#4507 = CARTESIAN_POINT('',(-30.5,-17.49392061524,140.15176477061));
#4508 = CARTESIAN_POINT('',(-30.5,-17.79392341117,139.90504385693));
#4509 = CARTESIAN_POINT('',(-30.5,-18.0893982234,139.65555650915));
#4510 = CARTESIAN_POINT('',(-30.5,-18.38042219297,139.40338972376));
#4511 = CARTESIAN_POINT('',(-30.5,-18.66696584683,139.14857200365));
#4512 = CARTESIAN_POINT('',(-30.5,-18.94907493901,138.89116606058));
#4513 = CARTESIAN_POINT('',(-30.5,-19.22675815183,138.63121622691));
#4514 = CARTESIAN_POINT('',(-30.5,-19.5,138.36874901754));
#4515 = PCURVE('',#4043,#4516);
#4516 = DEFINITIONAL_REPRESENTATION('',(#4517),#4604);
#4517 = B_SPLINE_CURVE_WITH_KNOTS('',8,(#4518,#4519,#4520,#4521,#4522,
    #4523,#4524,#4525,#4526,#4527,#4528,#4529,#4530,#4531,#4532,#4533,
    #4534,#4535,#4536,#4537,#4538,#4539,#4540,#4541,#4542,#4543,#4544,
    #4545,#4546,#4547,#4548,#4549,#4550,#4551,#4552,#4553,#4554,#4555,
    #4556,#4557,#4558,#4559,#4560,#4561,#4562,#4563,#4564,#4565,#4566,
    #4567,#4568,#4569,#4570,#4571,#4572,#4573,#4574,#4575,#4576,#4577,
    #4578,#4579,#4580,#4581,#4582,#4583,#4584,#4585,#4586,#4587,#4588,
    #4589,#4590,#4591,#4592,#4593,#4594,#4595,#4596,#4597,#4598,#4599,
    #4600,#4601,#4602,#4603),.UNSPECIFIED.,.F.,.F.,(9,7,7,7,7,7,7,7,7,7,
    7,7,9),(0.,6.90186122038E-02,0.124359690132,0.213816826373,
    0.320181290697,0.390827312608,0.500400550851,0.57447033765,
    0.680100734244,0.774759275558,0.836393508009,0.921286113009,1.),
  .UNSPECIFIED.);
#4518 = CARTESIAN_POINT('',(11.,-138.3687490175));
#4519 = CARTESIAN_POINT('',(11.239580517163,-138.5988822499));
#4520 = CARTESIAN_POINT('',(11.482575595534,-138.827080749));
#4521 = CARTESIAN_POINT('',(11.728976458351,-139.053324895));
#4522 = CARTESIAN_POINT('',(11.978781116407,-139.2775898704));
#4523 = CARTESIAN_POINT('',(12.232023490438,-139.4998306529));
#4524 = CARTESIAN_POINT('',(12.488690156728,-139.7200265631));
#4525 = CARTESIAN_POINT('',(12.748812979181,-139.9381305685));
#4526 = CARTESIAN_POINT('',(13.223789582397,-140.327263496));
#4527 = CARTESIAN_POINT('',(13.437397654143,-140.4990556061));
#4528 = CARTESIAN_POINT('',(13.653261723644,-140.669447627));
#4529 = CARTESIAN_POINT('',(13.871396323547,-140.8384144123));
#4530 = CARTESIAN_POINT('',(14.091818842939,-141.0059275847));
#4531 = CARTESIAN_POINT('',(14.314551295768,-141.1719544787));
#4532 = CARTESIAN_POINT('',(14.539619139641,-141.336458977));
#4533 = CARTESIAN_POINT('',(15.134677462746,-141.7628002082));
#4534 = CARTESIAN_POINT('',(15.50846788281,-142.0221157706));
#4535 = CARTESIAN_POINT('',(15.888534210635,-142.2771977617));
#4536 = CARTESIAN_POINT('',(16.274987361724,-142.5278710464));
#4537 = CARTESIAN_POINT('',(16.667993306962,-142.7739006753));
#4538 = CARTESIAN_POINT('',(17.067652930262,-143.0150742158));
#4539 = CARTESIAN_POINT('',(17.474139088518,-143.2511045755));
#4540 = CARTESIAN_POINT('',(18.379232919634,-143.7558595321));
#4541 = CARTESIAN_POINT('',(18.880686498632,-144.0223066302));
#4542 = CARTESIAN_POINT('',(19.392282885298,-144.2805380697));
#4543 = CARTESIAN_POINT('',(19.914270059855,-144.5299717664));
#4544 = CARTESIAN_POINT('',(20.44690178987,-144.7698841912));
#4545 = CARTESIAN_POINT('',(20.990336005702,-144.9995001882));
#4546 = CARTESIAN_POINT('',(21.544705724734,-145.2179285535));
#4547 = CARTESIAN_POINT('',(22.485577955429,-145.5612104511));
#4548 = CARTESIAN_POINT('',(22.86591078478,-145.6928461487));
#4549 = CARTESIAN_POINT('',(23.251069670453,-145.8188244857));
#4550 = CARTESIAN_POINT('',(23.641020640995,-145.9388368597));
#4551 = CARTESIAN_POINT('',(24.035691147474,-146.0525573882));
#4552 = CARTESIAN_POINT('',(24.434965581328,-146.1596487067));
#4553 = CARTESIAN_POINT('',(24.83867953907,-146.2597692926));
#4554 = CARTESIAN_POINT('',(25.879324639674,-146.4965369643));
#4555 = CARTESIAN_POINT('',(26.522377775654,-146.6229554842));
#4556 = CARTESIAN_POINT('',(27.174694673508,-146.7305039662));
#4557 = CARTESIAN_POINT('',(27.83496151158,-146.81794123));
#4558 = CARTESIAN_POINT('',(28.50160450214,-146.8841982536));
#4559 = CARTESIAN_POINT('',(29.172762328392,-146.9284678698));
#4560 = CARTESIAN_POINT('',(29.846254731221,-146.9503047293));
#4561 = CARTESIAN_POINT('',(30.974682402726,-146.9493507607));
#4562 = CARTESIAN_POINT('',(31.429826094745,-146.9387272458));
#4563 = CARTESIAN_POINT('',(31.884236400519,-146.9178648008));
#4564 = CARTESIAN_POINT('',(32.337225991968,-146.8868560636));
#4565 = CARTESIAN_POINT('',(32.7881597249,-146.8458751702));
#4566 = CARTESIAN_POINT('',(33.236452229779,-146.7951664303));
#4567 = CARTESIAN_POINT('',(33.681565502498,-146.7350330028));
#4568 = CARTESIAN_POINT('',(34.75254235777,-146.567129345));
#4569 = CARTESIAN_POINT('',(35.374632708245,-146.449975176));
#4570 = CARTESIAN_POINT('',(35.988013221535,-146.3153527799));
#4571 = CARTESIAN_POINT('',(36.591772822272,-146.1643922241));
#4572 = CARTESIAN_POINT('',(37.185288808628,-145.9982684403));
#4573 = CARTESIAN_POINT('',(37.768177159182,-145.8181283123));
#4574 = CARTESIAN_POINT('',(38.340258022801,-145.6250403404));
#4575 = CARTESIAN_POINT('',(39.404514638019,-145.2361944546));
#4576 = CARTESIAN_POINT('',(39.898795527556,-145.0428043447));
#4577 = CARTESIAN_POINT('',(40.384414249075,-144.8404811684));
#4578 = CARTESIAN_POINT('',(40.861447261644,-144.6298539813));
#4579 = CARTESIAN_POINT('',(41.330011015923,-144.4114959489));
#4580 = CARTESIAN_POINT('',(41.790258358426,-144.185921476));
#4581 = CARTESIAN_POINT('',(42.242372618595,-143.9535807944));
#4582 = CARTESIAN_POINT('',(42.975779026939,-143.5594105118));
#4583 = CARTESIAN_POINT('',(43.26162817318,-143.4012664079));
#4584 = CARTESIAN_POINT('',(43.54415781206,-143.2405272425));
#4585 = CARTESIAN_POINT('',(43.823419718544,-143.0772943253));
#4586 = CARTESIAN_POINT('',(44.099463839681,-142.9116608664));
#4587 = CARTESIAN_POINT('',(44.372337468656,-142.7437113195));
#4588 = CARTESIAN_POINT('',(44.642086201128,-142.5735219336));
#4589 = CARTESIAN_POINT('',(45.276058256205,-142.1637613223));
#4590 = CARTESIAN_POINT('',(45.637513967747,-141.9222478888));
#4591 = CARTESIAN_POINT('',(45.993240042661,-141.6768001104));
#4592 = CARTESIAN_POINT('',(46.343369426194,-141.427597353));
#4593 = CARTESIAN_POINT('',(46.68794421918,-141.1747493451));
#4594 = CARTESIAN_POINT('',(47.027096768421,-140.9184125424));
#4595 = CARTESIAN_POINT('',(47.36087811848,-140.6586827552));
#4596 = CARTESIAN_POINT('',(47.993920615247,-140.1517647706));
#4597 = CARTESIAN_POINT('',(48.293923411178,-139.9050438569));
#4598 = CARTESIAN_POINT('',(48.589398223401,-139.6555565091));
#4599 = CARTESIAN_POINT('',(48.880422192972,-139.4033897237));
#4600 = CARTESIAN_POINT('',(49.166965846839,-139.1485720036));
#4601 = CARTESIAN_POINT('',(49.449074939011,-138.8911660605));
#4602 = CARTESIAN_POINT('',(49.726758151835,-138.6312162269));
#4603 = CARTESIAN_POINT('',(50.,-138.3687490175));
#4604 = ( GEOMETRIC_REPRESENTATION_CONTEXT(2) 
PARAMETRIC_REPRESENTATION_CONTEXT() REPRESENTATION_CONTEXT('2D SPACE',''
  ) );
#4605 = PCURVE('',#4280,#4606);
#4606 = DEFINITIONAL_REPRESENTATION('',(#4607),#4694);
#4607 = B_SPLINE_CURVE_WITH_KNOTS('',8,(#4608,#4609,#4610,#4611,#4612,
    #4613,#4614,#4615,#4616,#4617,#4618,#4619,#4620,#4621,#4622,#4623,
    #4624,#4625,#4626,#4627,#4628,#4629,#4630,#4631,#4632,#4633,#4634,
    #4635,#4636,#4637,#4638,#4639,#4640,#4641,#4642,#4643,#4644,#4645,
    #4646,#4647,#4648,#4649,#4650,#4651,#4652,#4653,#4654,#4655,#4656,
    #4657,#4658,#4659,#4660,#4661,#4662,#4663,#4664,#4665,#4666,#4667,
    #4668,#4669,#4670,#4671,#4672,#4673,#4674,#4675,#4676,#4677,#4678,
    #4679,#4680,#4681,#4682,#4683,#4684,#4685,#4686,#4687,#4688,#4689,
    #4690,#4691,#4692,#4693),.UNSPECIFIED.,.F.,.F.,(9,7,7,7,7,7,7,7,7,7,
    7,7,9),(0.,6.90186122038E-02,0.124359690132,0.213816826373,
    0.320181290697,0.390827312608,0.500400550851,0.57447033765,
    0.680100734244,0.774759275558,0.836393508009,0.921286113009,1.),
  .UNSPECIFIED.);
#4608 = CARTESIAN_POINT('',(2.572744795168,11.143908142677));
#4609 = CARTESIAN_POINT('',(2.57832068664,11.407750899128));
#4610 = CARTESIAN_POINT('',(2.584021481134,11.670176409694));
#4611 = CARTESIAN_POINT('',(2.589849363771,11.93113530868));
#4612 = CARTESIAN_POINT('',(2.595806689496,12.190572323334));
#4613 = CARTESIAN_POINT('',(2.60189673257,12.448412559064));
#4614 = CARTESIAN_POINT('',(2.608121661483,12.70460213784));
#4615 = CARTESIAN_POINT('',(2.614484761691,12.959061662517));
#4616 = CARTESIAN_POINT('',(2.626204842375,13.414291860873));
#4617 = CARTESIAN_POINT('',(2.631511285163,13.615708498295));
#4618 = CARTESIAN_POINT('',(2.636910361341,13.815918309551));
#4619 = CARTESIAN_POINT('',(2.64240376083,14.014877933618));
#4620 = CARTESIAN_POINT('',(2.647993259987,14.212540190391));
#4621 = CARTESIAN_POINT('',(2.653680765845,14.408853052373));
#4622 = CARTESIAN_POINT('',(2.659468285802,14.603760352901));
#4623 = CARTESIAN_POINT('',(2.674878076671,15.109900260717));
#4624 = CARTESIAN_POINT('',(2.684664716821,15.418765247218));
#4625 = CARTESIAN_POINT('',(2.694726486284,15.723558380436));
#4626 = CARTESIAN_POINT('',(2.705072042988,16.024009420584));
#4627 = CARTESIAN_POINT('',(2.715711588719,16.319782990422));
#4628 = CARTESIAN_POINT('',(2.726653522325,16.610553935902));
#4629 = CARTESIAN_POINT('',(2.737908072962,16.895916609478));
#4630 = CARTESIAN_POINT('',(2.763249848883,17.507795262142));
#4631 = CARTESIAN_POINT('',(2.777469164228,17.831864978781));
#4632 = CARTESIAN_POINT('',(2.792160228299,18.146941132368));
#4633 = CARTESIAN_POINT('',(2.807338237614,18.452198528733));
#4634 = CARTESIAN_POINT('',(2.823017723422,18.746643139307));
#4635 = CARTESIAN_POINT('',(2.839209077991,19.029197702242));
#4636 = CARTESIAN_POINT('',(2.855919808096,19.298642198102));
#4637 = CARTESIAN_POINT('',(2.884598030438,19.723038533399));
#4638 = CARTESIAN_POINT('',(2.89627312103,19.886041728367));
#4639 = CARTESIAN_POINT('',(2.908177850116,20.042277404371));
#4640 = CARTESIAN_POINT('',(2.920310790838,20.191326524088));
#4641 = CARTESIAN_POINT('',(2.932668624378,20.332747866137));
#4642 = CARTESIAN_POINT('',(2.945245868126,20.466085645236));
#4643 = CARTESIAN_POINT('',(2.958034586481,20.590879310054));
#4644 = CARTESIAN_POINT('',(2.991171026737,20.886277500872));
#4645 = CARTESIAN_POINT('',(3.011807065113,21.044288641295));
#4646 = CARTESIAN_POINT('',(3.032884302926,21.178922077386));
#4647 = CARTESIAN_POINT('',(3.054341348508,21.288511424017));
#4648 = CARTESIAN_POINT('',(3.076102154762,21.371622663214));
#4649 = CARTESIAN_POINT('',(3.098075968795,21.427176076983));
#4650 = CARTESIAN_POINT('',(3.120158391462,21.454578223311));
#4651 = CARTESIAN_POINT('',(3.157156004839,21.453381121419));
#4652 = CARTESIAN_POINT('',(3.17207843918,21.440050161354));
#4653 = CARTESIAN_POINT('',(3.186966325807,21.413870651988));
#4654 = CARTESIAN_POINT('',(3.201787057667,21.374966457365));
#4655 = CARTESIAN_POINT('',(3.21651016493,21.323570593449));
#4656 = CARTESIAN_POINT('',(3.23110753525,21.260010092824));
#4657 = CARTESIAN_POINT('',(3.245553634022,21.184690869413));
#4658 = CARTESIAN_POINT('',(3.28017905166,20.974571121656));
#4659 = CARTESIAN_POINT('',(3.30017920009,20.828095737126));
#4660 = CARTESIAN_POINT('',(3.319765265798,20.659983352064));
#4661 = CARTESIAN_POINT('',(3.338892777111,20.471752732757));
#4662 = CARTESIAN_POINT('',(3.357531594386,20.264986323001));
#4663 = CARTESIAN_POINT('',(3.375663856373,20.041232792984));
#4664 = CARTESIAN_POINT('',(3.393281973389,19.801940303348));
#4665 = CARTESIAN_POINT('',(3.425714692441,19.321233831495));
#4666 = CARTESIAN_POINT('',(3.440629742306,19.082631036479));
#4667 = CARTESIAN_POINT('',(3.455133357908,18.83354560535));
#4668 = CARTESIAN_POINT('',(3.469230136566,18.574840719991));
#4669 = CARTESIAN_POINT('',(3.482927222563,18.307306233861));
#4670 = CARTESIAN_POINT('',(3.496233790807,18.031654378142));
#4671 = CARTESIAN_POINT('',(3.509160523497,17.748514178367));
#4672 = CARTESIAN_POINT('',(3.529896228588,17.269540943607));
#4673 = CARTESIAN_POINT('',(3.537917015333,17.077717862342));
#4674 = CARTESIAN_POINT('',(3.545784505716,16.883107997251));
#4675 = CARTESIAN_POINT('',(3.553501855832,16.685855169086));
#4676 = CARTESIAN_POINT('',(3.561072219447,16.486092753778));
#4677 = CARTESIAN_POINT('',(3.568498707473,16.283943192274));
#4678 = CARTESIAN_POINT('',(3.575784399637,16.079518616262));
#4679 = CARTESIAN_POINT('',(3.592777798758,15.588365223335));
#4680 = CARTESIAN_POINT('',(3.602361823102,15.299693734089));
#4681 = CARTESIAN_POINT('',(3.611692477461,15.007174512699));
#4682 = CARTESIAN_POINT('',(3.620778166574,14.711067851505));
#4683 = CARTESIAN_POINT('',(3.629624923118,14.411563461972));
#4684 = CARTESIAN_POINT('',(3.638241056971,14.10888775312));
#4685 = CARTESIAN_POINT('',(3.646632682268,13.803205936482));
#4686 = CARTESIAN_POINT('',(3.662384840502,13.208598402277));
#4687 = CARTESIAN_POINT('',(3.669775897255,12.920077148418));
#4688 = CARTESIAN_POINT('',(3.676984120981,12.629230419703));
#4689 = CARTESIAN_POINT('',(3.684015167269,12.336192797134));
#4690 = CARTESIAN_POINT('',(3.690872002904,12.041043396631));
#4691 = CARTESIAN_POINT('',(3.697559426887,11.743889745649));
#4692 = CARTESIAN_POINT('',(3.704081201543,11.444821101924));
#4693 = CARTESIAN_POINT('',(3.710440512011,11.143908142677));
#4694 = ( GEOMETRIC_REPRESENTATION_CONTEXT(2) 
PARAMETRIC_REPRESENTATION_CONTEXT() REPRESENTATION_CONTEXT('2D SPACE',''
  ) );
#4695 = ORIENTED_EDGE('',*,*,#4091,.F.);
#4696 = ADVANCED_FACE('',(#4697),#4018,.T.);
#4697 = FACE_BOUND('',#4698,.T.);
#4698 = EDGE_LOOP('',(#4699,#4722,#4723,#4724));
#4699 = ORIENTED_EDGE('',*,*,#4700,.F.);
#4700 = EDGE_CURVE('',#3976,#4701,#4703,.T.);
#4701 = VERTEX_POINT('',#4702);
#4702 = CARTESIAN_POINT('',(-19.5,30.5,138.36874901754));
#4703 = SURFACE_CURVE('',#4704,(#4708,#4715),.PCURVE_S1.);
#4704 = LINE('',#4705,#4706);
#4705 = CARTESIAN_POINT('',(-19.5,30.5,0.));
#4706 = VECTOR('',#4707,1.);
#4707 = DIRECTION('',(0.,0.,1.));
#4708 = PCURVE('',#4018,#4709);
#4709 = DEFINITIONAL_REPRESENTATION('',(#4710),#4714);
#4710 = LINE('',#4711,#4712);
#4711 = CARTESIAN_POINT('',(0.,0.));
#4712 = VECTOR('',#4713,1.);
#4713 = DIRECTION('',(0.,1.));
#4714 = ( GEOMETRIC_REPRESENTATION_CONTEXT(2) 
PARAMETRIC_REPRESENTATION_CONTEXT() REPRESENTATION_CONTEXT('2D SPACE',''
  ) );
#4715 = PCURVE('',#3990,#4716);
#4716 = DEFINITIONAL_REPRESENTATION('',(#4717),#4721);
#4717 = LINE('',#4718,#4719);
#4718 = CARTESIAN_POINT('',(50.,0.));
#4719 = VECTOR('',#4720,1.);
#4720 = DIRECTION('',(0.,-1.));
#4721 = ( GEOMETRIC_REPRESENTATION_CONTEXT(2) 
PARAMETRIC_REPRESENTATION_CONTEXT() REPRESENTATION_CONTEXT('2D SPACE',''
  ) );
#4722 = ORIENTED_EDGE('',*,*,#4001,.T.);
#4723 = ORIENTED_EDGE('',*,*,#4403,.T.);
#4724 = ORIENTED_EDGE('',*,*,#4725,.T.);
#4725 = EDGE_CURVE('',#4404,#4701,#4726,.T.);
#4726 = SURFACE_CURVE('',#4727,(#4807,#4890),.PCURVE_S1.);
#4727 = B_SPLINE_CURVE_WITH_KNOTS('',8,(#4728,#4729,#4730,#4731,#4732,
    #4733,#4734,#4735,#4736,#4737,#4738,#4739,#4740,#4741,#4742,#4743,
    #4744,#4745,#4746,#4747,#4748,#4749,#4750,#4751,#4752,#4753,#4754,
    #4755,#4756,#4757,#4758,#4759,#4760,#4761,#4762,#4763,#4764,#4765,
    #4766,#4767,#4768,#4769,#4770,#4771,#4772,#4773,#4774,#4775,#4776,
    #4777,#4778,#4779,#4780,#4781,#4782,#4783,#4784,#4785,#4786,#4787,
    #4788,#4789,#4790,#4791,#4792,#4793,#4794,#4795,#4796,#4797,#4798,
    #4799,#4800,#4801,#4802,#4803,#4804,#4805,#4806),.UNSPECIFIED.,.F.,
  .F.,(9,7,7,7,7,7,7,7,7,7,7,9),(0.,7.16275471265E-02,0.185764245489,
    0.245876808686,0.309845166781,0.416575928084,0.558862884379,
    0.665713661946,0.731711691092,0.823521829474,0.912879585404,1.),
  .UNSPECIFIED.);
#4728 = CARTESIAN_POINT('',(-30.5,19.5,138.36874901754));
#4729 = CARTESIAN_POINT('',(-30.5,19.613091079585,138.26011741421));
#4730 = CARTESIAN_POINT('',(-30.49867121971,19.726883575455,
    138.15164661557));
#4731 = CARTESIAN_POINT('',(-30.49598477658,19.841388025401,
    138.04334788769));
#4732 = CARTESIAN_POINT('',(-30.4919100426,19.956615113537,
    137.9352333949));
#4733 = CARTESIAN_POINT('',(-30.486414328,20.07257710659,137.82731675443
    ));
#4734 = CARTESIAN_POINT('',(-30.47946257379,20.189288330231,
    137.71961321821));
#4735 = CARTESIAN_POINT('',(-30.47101705326,20.30676468545,
    137.61213948196));
#4736 = CARTESIAN_POINT('',(-30.44513424917,20.613462593827,
    137.33405060768));
#4737 = CARTESIAN_POINT('',(-30.42533561398,20.803881026566,
    137.16382167027));
#4738 = CARTESIAN_POINT('',(-30.40147713382,20.996347318057,
    136.99429200998));
#4739 = CARTESIAN_POINT('',(-30.37337173446,21.190951318102,
    136.82554906839));
#4740 = CARTESIAN_POINT('',(-30.34081654538,21.387760154007,
    136.65768682704));
#4741 = CARTESIAN_POINT('',(-30.30356619103,21.586914789033,
    136.49084211239));
#4742 = CARTESIAN_POINT('',(-30.26135032846,21.788514797958,
    136.32515152513));
#4743 = CARTESIAN_POINT('',(-30.18881307016,22.100282513655,
    136.07423321083));
#4744 = CARTESIAN_POINT('',(-30.16232036043,22.208558701963,
    135.98804315254));
#4745 = CARTESIAN_POINT('',(-30.13431052097,22.317580720613,
    135.90225109965));
#4746 = CARTESIAN_POINT('',(-30.10473166025,22.427372917671,
    135.81688685881));
#4747 = CARTESIAN_POINT('',(-30.07352742092,22.537961336564,
    135.7319842683));
#4748 = CARTESIAN_POINT('',(-30.04063606008,22.649374426706,
    135.64758161027));
#4749 = CARTESIAN_POINT('',(-30.00598952946,22.761643754111,
    135.56372202307));
#4750 = CARTESIAN_POINT('',(-29.93069584276,22.995224143375,
    135.39184474495));
#4751 = CARTESIAN_POINT('',(-29.88980765248,23.116648909997,
    135.30390840341));
#4752 = CARTESIAN_POINT('',(-29.8467569268,23.239122938418,
    135.21670042098));
#4753 = CARTESIAN_POINT('',(-29.80144401947,23.362690647803,
    135.13028731906));
#4754 = CARTESIAN_POINT('',(-29.75375980323,23.487397805395,
    135.04474718232));
#4755 = CARTESIAN_POINT('',(-29.70358361988,23.613293110919,
    134.96017078106));
#4756 = CARTESIAN_POINT('',(-29.6507800737,23.740430509956,
    134.87666324179));
#4757 = CARTESIAN_POINT('',(-29.50245080433,24.083176364774,
    134.65700096369));
#4758 = CARTESIAN_POINT('',(-29.40205716588,24.300892973511,
    134.52311038731));
#4759 = CARTESIAN_POINT('',(-29.29321693777,24.52254406857,
    134.39306908876));
#4760 = CARTESIAN_POINT('',(-29.17504745288,24.748488103159,
    134.2675857484));
#4761 = CARTESIAN_POINT('',(-29.04658918855,24.978910684325,
    134.14768756815));
#4762 = CARTESIAN_POINT('',(-28.90679707079,25.213852327014,
    134.03473775933));
#4763 = CARTESIAN_POINT('',(-28.75450611962,25.453242154275,
    133.9304637064));
#4764 = CARTESIAN_POINT('',(-28.36687219713,26.021744844005,
    133.71238444718));
#4765 = CARTESIAN_POINT('',(-28.1160523616,26.361087758773,
    133.60432649478));
#4766 = CARTESIAN_POINT('',(-27.83729237546,26.705670425376,
    133.5229168948));
#4767 = CARTESIAN_POINT('',(-27.53320842069,27.046857571023,
    133.47646499277));
#4768 = CARTESIAN_POINT('',(-27.20823653741,27.37678259717,
    133.47037559839));
#4769 = CARTESIAN_POINT('',(-26.86901491195,27.688167727901,
    133.50525133761));
#4770 = CARTESIAN_POINT('',(-26.52552090454,27.974620994032,
    133.57569280443));
#4771 = CARTESIAN_POINT('',(-25.94060579385,28.422919610292,
    133.74249833599));
#4772 = CARTESIAN_POINT('',(-25.69243399651,28.600049723274,
    133.82878900226));
#4773 = CARTESIAN_POINT('',(-25.44805603528,28.762839666643,
    133.92718620478));
#4774 = CARTESIAN_POINT('',(-25.20812599558,28.912363379558,
    134.03527089706));
#4775 = CARTESIAN_POINT('',(-24.972957614,29.049751031683,134.1510513318
    ));
#4776 = CARTESIAN_POINT('',(-24.74255286226,29.176124007898,
    134.27301025685));
#4777 = CARTESIAN_POINT('',(-24.51658908549,29.292587832481,
    134.4000928564));
#4778 = CARTESIAN_POINT('',(-24.15717134756,29.466644633484,
    134.61303957164));
#4779 = CARTESIAN_POINT('',(-24.02149292996,29.529666292186,
    134.69601830952));
#4780 = CARTESIAN_POINT('',(-23.88729616423,29.58946494233,
    134.78047782332));
#4781 = CARTESIAN_POINT('',(-23.75451627168,29.646226936637,
    134.86625624389));
#4782 = CARTESIAN_POINT('',(-23.62309372678,29.700117408404,
    134.95321553537));
#4783 = CARTESIAN_POINT('',(-23.4929707745,29.751285314013,
    135.04123866217));
#4784 = CARTESIAN_POINT('',(-23.36408911086,29.799866485564,
    135.13022776171));
#4785 = CARTESIAN_POINT('',(-23.05874418123,29.910139928519,
    135.34512959724));
#4786 = CARTESIAN_POINT('',(-22.88340646062,29.969521483113,
    135.47185707825));
#4787 = CARTESIAN_POINT('',(-22.71021809938,30.024462693553,
    135.60006223643));
#4788 = CARTESIAN_POINT('',(-22.53907390631,30.075234194854,
    135.7295721158));
#4789 = CARTESIAN_POINT('',(-22.3698385318,30.122083922838,
    135.86021734224));
#4790 = CARTESIAN_POINT('',(-22.20243808019,30.165213452203,
    135.99188216113));
#4791 = CARTESIAN_POINT('',(-22.03677370861,30.20481158907,
    136.12445703427));
#4792 = CARTESIAN_POINT('',(-21.71313435268,30.276305549909,
    136.38770275293));
#4793 = CARTESIAN_POINT('',(-21.55508060149,30.308377067621,
    136.51832229794));
#4794 = CARTESIAN_POINT('',(-21.39853030878,30.337408370098,
    136.64963926793));
#4795 = CARTESIAN_POINT('',(-21.2434260168,30.363531436683,
    136.78158510861));
#4796 = CARTESIAN_POINT('',(-21.08971192925,30.386864607717,
    136.91409766887));
#4797 = CARTESIAN_POINT('',(-20.93733859103,30.407514222705,
    137.0471231165));
#4798 = CARTESIAN_POINT('',(-20.78626756515,30.425575528411,
    137.1806179645));
#4799 = CARTESIAN_POINT('',(-20.49040045753,30.456307318722,
    137.44511557638));
#4800 = CARTESIAN_POINT('',(-20.34554430581,30.469101199047,
    137.57609532955));
#4801 = CARTESIAN_POINT('',(-20.20185530296,30.479598755326,
    137.70744609514));
#4802 = CARTESIAN_POINT('',(-20.05930688066,30.487873075514,
    137.83913671037));
#4803 = CARTESIAN_POINT('',(-19.91787007267,30.493991192849,
    137.97113704973));
#4804 = CARTESIAN_POINT('',(-19.77751889384,30.498014662862,
    138.10342015542));
#4805 = CARTESIAN_POINT('',(-19.63823563645,30.5,138.23596437281));
#4806 = CARTESIAN_POINT('',(-19.5,30.5,138.36874901754));
#4807 = PCURVE('',#4018,#4808);
#4808 = DEFINITIONAL_REPRESENTATION('',(#4809),#4889);
#4809 = B_SPLINE_CURVE_WITH_KNOTS('',8,(#4810,#4811,#4812,#4813,#4814,
    #4815,#4816,#4817,#4818,#4819,#4820,#4821,#4822,#4823,#4824,#4825,
    #4826,#4827,#4828,#4829,#4830,#4831,#4832,#4833,#4834,#4835,#4836,
    #4837,#4838,#4839,#4840,#4841,#4842,#4843,#4844,#4845,#4846,#4847,
    #4848,#4849,#4850,#4851,#4852,#4853,#4854,#4855,#4856,#4857,#4858,
    #4859,#4860,#4861,#4862,#4863,#4864,#4865,#4866,#4867,#4868,#4869,
    #4870,#4871,#4872,#4873,#4874,#4875,#4876,#4877,#4878,#4879,#4880,
    #4881,#4882,#4883,#4884,#4885,#4886,#4887,#4888),.UNSPECIFIED.,.F.,
  .F.,(9,7,7,7,7,7,7,7,7,7,7,9),(0.,7.16275471265E-02,0.185764245489,
    0.245876808686,0.309845166781,0.416575928084,0.558862884379,
    0.665713661946,0.731711691092,0.823521829474,0.912879585404,1.),
  .UNSPECIFIED.);
#4810 = CARTESIAN_POINT('',(1.570796326795,138.36874901754));
#4811 = CARTESIAN_POINT('',(1.56051531956,138.26011741421));
#4812 = CARTESIAN_POINT('',(1.550170547206,138.15164661557));
#4813 = CARTESIAN_POINT('',(1.53975939587,138.04334788769));
#4814 = CARTESIAN_POINT('',(1.52927915195,137.9352333949));
#4815 = CARTESIAN_POINT('',(1.518726861485,137.82731675443));
#4816 = CARTESIAN_POINT('',(1.508099273728,137.71961321821));
#4817 = CARTESIAN_POINT('',(1.497392868899,137.61213948196));
#4818 = CARTESIAN_POINT('',(1.469412130756,137.33405060768));
#4819 = CARTESIAN_POINT('',(1.452011323071,137.16382167027));
#4820 = CARTESIAN_POINT('',(1.434386228943,136.99429200998));
#4821 = CARTESIAN_POINT('',(1.416518735306,136.82554906839));
#4822 = CARTESIAN_POINT('',(1.39839172608,136.65768682704));
#4823 = CARTESIAN_POINT('',(1.379979807265,136.49084211239));
#4824 = CARTESIAN_POINT('',(1.361259622777,136.32515152513));
#4825 = CARTESIAN_POINT('',(1.332160083945,136.07423321083));
#4826 = CARTESIAN_POINT('',(1.322027089177,135.98804315254));
#4827 = CARTESIAN_POINT('',(1.311795255859,135.90225109965));
#4828 = CARTESIAN_POINT('',(1.301459699564,135.81688685881));
#4829 = CARTESIAN_POINT('',(1.291015152483,135.7319842683));
#4830 = CARTESIAN_POINT('',(1.280455852919,135.64758161027));
#4831 = CARTESIAN_POINT('',(1.269775434799,135.56372202307));
#4832 = CARTESIAN_POINT('',(1.247464903338,135.39184474495));
#4833 = CARTESIAN_POINT('',(1.235818227007,135.30390840341));
#4834 = CARTESIAN_POINT('',(1.224018131295,135.21670042098));
#4835 = CARTESIAN_POINT('',(1.21205542625,135.13028731906));
#4836 = CARTESIAN_POINT('',(1.199920251357,135.04474718232));
#4837 = CARTESIAN_POINT('',(1.187601817072,134.96017078106));
#4838 = CARTESIAN_POINT('',(1.175088025392,134.87666324179));
#4839 = CARTESIAN_POINT('',(1.141136639006,134.65700096369));
#4840 = CARTESIAN_POINT('',(1.119347397877,134.52311038731));
#4841 = CARTESIAN_POINT('',(1.09691032919,134.39306908876));
#4842 = CARTESIAN_POINT('',(1.07374589177,134.2675857484));
#4843 = CARTESIAN_POINT('',(1.049781229251,134.14768756815));
#4844 = CARTESIAN_POINT('',(1.024945979251,134.03473775933));
#4845 = CARTESIAN_POINT('',(0.999165855581,133.9304637064));
#4846 = CARTESIAN_POINT('',(0.936613043772,133.71238444718));
#4847 = CARTESIAN_POINT('',(0.898279298865,133.60432649478));
#4848 = CARTESIAN_POINT('',(0.858051732203,133.5229168948));
#4849 = CARTESIAN_POINT('',(0.816599900483,133.47646499277));
#4850 = CARTESIAN_POINT('',(0.774605549368,133.47037559839));
#4851 = CARTESIAN_POINT('',(0.732824109705,133.50525133761));
#4852 = CARTESIAN_POINT('',(0.69219830191,133.57569280443));
#4853 = CARTESIAN_POINT('',(0.625202721937,133.74249833599));
#4854 = CARTESIAN_POINT('',(0.597500566232,133.82878900226));
#4855 = CARTESIAN_POINT('',(0.570828995712,133.92718620478));
#4856 = CARTESIAN_POINT('',(0.545150700752,134.03527089706));
#4857 = CARTESIAN_POINT('',(0.520409566615,134.1510513318));
#4858 = CARTESIAN_POINT('',(0.496533425802,134.27301025685));
#4859 = CARTESIAN_POINT('',(0.473430457376,134.4000928564));
#4860 = CARTESIAN_POINT('',(0.4371263151,134.61303957164));
#4861 = CARTESIAN_POINT('',(0.423528025797,134.69601830952));
#4862 = CARTESIAN_POINT('',(0.410174614966,134.78047782332));
#4863 = CARTESIAN_POINT('',(0.397049980975,134.86625624389));
#4864 = CARTESIAN_POINT('',(0.384139787193,134.95321553537));
#4865 = CARTESIAN_POINT('',(0.371430864013,135.04123866217));
#4866 = CARTESIAN_POINT('',(0.358910814667,135.13022776171));
#4867 = CARTESIAN_POINT('',(0.329397439317,135.34512959724));
#4868 = CARTESIAN_POINT('',(0.312571704281,135.47185707825));
#4869 = CARTESIAN_POINT('',(0.296059148544,135.60006223643));
#4870 = CARTESIAN_POINT('',(0.279836007292,135.7295721158));
#4871 = CARTESIAN_POINT('',(0.263877542479,135.86021734224));
#4872 = CARTESIAN_POINT('',(0.248166403766,135.99188216113));
#4873 = CARTESIAN_POINT('',(0.232684047566,136.12445703427));
#4874 = CARTESIAN_POINT('',(0.202552953944,136.38770275293));
#4875 = CARTESIAN_POINT('',(0.187893778908,136.51832229794));
#4876 = CARTESIAN_POINT('',(0.1734226799,136.64963926793));
#4877 = CARTESIAN_POINT('',(0.159127538688,136.78158510861));
#4878 = CARTESIAN_POINT('',(0.144997094159,136.91409766887));
#4879 = CARTESIAN_POINT('',(0.131021240932,137.0471231165));
#4880 = CARTESIAN_POINT('',(0.11719136834,137.1806179645));
#4881 = CARTESIAN_POINT('',(9.014965151573E-02,137.44511557638));
#4882 = CARTESIAN_POINT('',(7.69312167997E-02,137.57609532955));
#4883 = CARTESIAN_POINT('',(6.383626108861E-02,137.70744609514));
#4884 = CARTESIAN_POINT('',(5.08583694812E-02,137.83913671037));
#4885 = CARTESIAN_POINT('',(3.799121279541E-02,137.97113704973));
#4886 = CARTESIAN_POINT('',(2.522899027331E-02,138.10342015542));
#4887 = CARTESIAN_POINT('',(1.256687604118E-02,138.23596437281));
#4888 = CARTESIAN_POINT('',(0.,138.36874901754));
#4889 = ( GEOMETRIC_REPRESENTATION_CONTEXT(2) 
PARAMETRIC_REPRESENTATION_CONTEXT() REPRESENTATION_CONTEXT('2D SPACE',''
  ) );
#4890 = PCURVE('',#4280,#4891);
#4891 = DEFINITIONAL_REPRESENTATION('',(#4892),#4972);
#4892 = B_SPLINE_CURVE_WITH_KNOTS('',8,(#4893,#4894,#4895,#4896,#4897,
    #4898,#4899,#4900,#4901,#4902,#4903,#4904,#4905,#4906,#4907,#4908,
    #4909,#4910,#4911,#4912,#4913,#4914,#4915,#4916,#4917,#4918,#4919,
    #4920,#4921,#4922,#4923,#4924,#4925,#4926,#4927,#4928,#4929,#4930,
    #4931,#4932,#4933,#4934,#4935,#4936,#4937,#4938,#4939,#4940,#4941,
    #4942,#4943,#4944,#4945,#4946,#4947,#4948,#4949,#4950,#4951,#4952,
    #4953,#4954,#4955,#4956,#4957,#4958,#4959,#4960,#4961,#4962,#4963,
    #4964,#4965,#4966,#4967,#4968,#4969,#4970,#4971),.UNSPECIFIED.,.F.,
  .F.,(9,7,7,7,7,7,7,7,7,7,7,9),(0.,7.16275471265E-02,0.185764245489,
    0.245876808686,0.309845166781,0.416575928084,0.558862884379,
    0.665713661946,0.731711691092,0.823521829474,0.912879585404,1.),
  .UNSPECIFIED.);
#4893 = CARTESIAN_POINT('',(2.572744795168,11.143908142677));
#4894 = CARTESIAN_POINT('',(2.570112763175,11.019364367078));
#4895 = CARTESIAN_POINT('',(2.567454758349,10.895183398644));
#4896 = CARTESIAN_POINT('',(2.564770120654,10.77137749819));
#4897 = CARTESIAN_POINT('',(2.562058157582,10.647959931953));
#4898 = CARTESIAN_POINT('',(2.55931810681,10.524945452973));
#4899 = CARTESIAN_POINT('',(2.55654912074,10.402350466634));
#4900 = CARTESIAN_POINT('',(2.553750272915,10.280192880368));
#4901 = CARTESIAN_POINT('',(2.546411551764,9.964563761969));
#4902 = CARTESIAN_POINT('',(2.541824342746,9.77180078565));
#4903 = CARTESIAN_POINT('',(2.537154896346,9.580272993106));
#4904 = CARTESIAN_POINT('',(2.532398343025,9.39007395735));
#4905 = CARTESIAN_POINT('',(2.527550035412,9.201303969821));
#4906 = CARTESIAN_POINT('',(2.522603030146,9.014108730604));
#4907 = CARTESIAN_POINT('',(2.51755086298,8.82863274173));
#4908 = CARTESIAN_POINT('',(2.509663609857,8.548386587367));
#4909 = CARTESIAN_POINT('',(2.506911069344,8.452238729363));
#4910 = CARTESIAN_POINT('',(2.504125653489,8.356650053426));
#4911 = CARTESIAN_POINT('',(2.501306000227,8.261652042987));
#4912 = CARTESIAN_POINT('',(2.498450636265,8.167280444267));
#4913 = CARTESIAN_POINT('',(2.495557946112,8.073575682235));
#4914 = CARTESIAN_POINT('',(2.492626141108,7.980583276557));
#4915 = CARTESIAN_POINT('',(2.486489624523,7.790209400622));
#4916 = CARTESIAN_POINT('',(2.483279583101,7.69293239819));
#4917 = CARTESIAN_POINT('',(2.480020669212,7.596581855625));
#4918 = CARTESIAN_POINT('',(2.476710290274,7.50122811809));
#4919 = CARTESIAN_POINT('',(2.47334565928,7.406953791217));
#4920 = CARTESIAN_POINT('',(2.469923723371,7.313854855853));
#4921 = CARTESIAN_POINT('',(2.466441057813,7.222042376884));
#4922 = CARTESIAN_POINT('',(2.456975025827,6.980817087045));
#4923 = CARTESIAN_POINT('',(2.45088233915,6.834082492201));
#4924 = CARTESIAN_POINT('',(2.44459121795,6.691848334194));
#4925 = CARTESIAN_POINT('',(2.438079090441,6.554866172839));
#4926 = CARTESIAN_POINT('',(2.431325239381,6.424221819609));
#4927 = CARTESIAN_POINT('',(2.424309769632,6.301355517344));
#4928 = CARTESIAN_POINT('',(2.417011950942,6.188096415086));
#4929 = CARTESIAN_POINT('',(2.399271627906,5.951513872069));
#4930 = CARTESIAN_POINT('',(2.388375857579,5.834533057157));
#4931 = CARTESIAN_POINT('',(2.376918990262,5.74659058824));
#4932 = CARTESIAN_POINT('',(2.365096851566,5.696503569354));
#4933 = CARTESIAN_POINT('',(2.353113409753,5.689920360462));
#4934 = CARTESIAN_POINT('',(2.341196095992,5.727518899679));
#4935 = CARTESIAN_POINT('',(2.329623410578,5.803633001244));
#4936 = CARTESIAN_POINT('',(2.310570918656,5.984209220835));
#4937 = CARTESIAN_POINT('',(2.302703770065,6.077704321285));
#4938 = CARTESIAN_POINT('',(2.295142451243,6.184443917091));
#4939 = CARTESIAN_POINT('',(2.287877312921,6.301868969281));
#4940 = CARTESIAN_POINT('',(2.280892778811,6.427868591476));
#4941 = CARTESIAN_POINT('',(2.274168404341,6.560833362765));
#4942 = CARTESIAN_POINT('',(2.267678128695,6.699650209785));
#4943 = CARTESIAN_POINT('',(2.257506489802,6.932722544015));
#4944 = CARTESIAN_POINT('',(2.253703150256,7.023649018133));
#4945 = CARTESIAN_POINT('',(2.249974973948,7.116308981339));
#4946 = CARTESIAN_POINT('',(2.246317398761,7.210531422291));
#4947 = CARTESIAN_POINT('',(2.242726361347,7.306170408117));
#4948 = CARTESIAN_POINT('',(2.239198130979,7.403102176478));
#4949 = CARTESIAN_POINT('',(2.235729201571,7.501223325655));
#4950 = CARTESIAN_POINT('',(2.227568459168,7.738484893274));
#4951 = CARTESIAN_POINT('',(2.222929543015,7.87864346774));
#4952 = CARTESIAN_POINT('',(2.21839061319,8.020690425592));
#4953 = CARTESIAN_POINT('',(2.21394496209,8.164440598866));
#4954 = CARTESIAN_POINT('',(2.209585653691,8.309718687315));
#4955 = CARTESIAN_POINT('',(2.205307820583,8.456399569597));
#4956 = CARTESIAN_POINT('',(2.201106296654,8.604368886141));
#4957 = CARTESIAN_POINT('',(2.192957363634,8.898730059371));
#4958 = CARTESIAN_POINT('',(2.189006375985,9.04505007935));
#4959 = CARTESIAN_POINT('',(2.18511973021,9.192416299952));
#4960 = CARTESIAN_POINT('',(2.181294080603,9.34075612191));
#4961 = CARTESIAN_POINT('',(2.177526341639,9.490003464326));
#4962 = CARTESIAN_POINT('',(2.173813763478,9.640100934246));
#4963 = CARTESIAN_POINT('',(2.170154019622,9.791002117682));
#4964 = CARTESIAN_POINT('',(2.163026079127,10.090531563431));
#4965 = CARTESIAN_POINT('',(2.159555437239,10.239120184206));
#4966 = CARTESIAN_POINT('',(2.156130924061,10.388392270047));
#4967 = CARTESIAN_POINT('',(2.152750836481,10.538314049451));
#4968 = CARTESIAN_POINT('',(2.149413514274,10.688853270742));
#4969 = CARTESIAN_POINT('',(2.146117453441,10.839980998138));
#4970 = CARTESIAN_POINT('',(2.142861420555,10.991673429298));
#4971 = CARTESIAN_POINT('',(2.139644185216,11.143908142677));
#4972 = ( GEOMETRIC_REPRESENTATION_CONTEXT(2) 
PARAMETRIC_REPRESENTATION_CONTEXT() REPRESENTATION_CONTEXT('2D SPACE',''
  ) );
#4973 = ADVANCED_FACE('',(#4974),#3990,.F.);
#4974 = FACE_BOUND('',#4975,.F.);
#4975 = EDGE_LOOP('',(#4976,#4977,#5000,#5270));
#4976 = ORIENTED_EDGE('',*,*,#3975,.F.);
#4977 = ORIENTED_EDGE('',*,*,#4978,.T.);
#4978 = EDGE_CURVE('',#3947,#4979,#4981,.T.);
#4979 = VERTEX_POINT('',#4980);
#4980 = CARTESIAN_POINT('',(19.5,30.5,138.36874901754));
#4981 = SURFACE_CURVE('',#4982,(#4986,#4993),.PCURVE_S1.);
#4982 = LINE('',#4983,#4984);
#4983 = CARTESIAN_POINT('',(19.5,30.5,0.));
#4984 = VECTOR('',#4985,1.);
#4985 = DIRECTION('',(0.,0.,1.));
#4986 = PCURVE('',#3990,#4987);
#4987 = DEFINITIONAL_REPRESENTATION('',(#4988),#4992);
#4988 = LINE('',#4989,#4990);
#4989 = CARTESIAN_POINT('',(11.,0.));
#4990 = VECTOR('',#4991,1.);
#4991 = DIRECTION('',(0.,-1.));
#4992 = ( GEOMETRIC_REPRESENTATION_CONTEXT(2) 
PARAMETRIC_REPRESENTATION_CONTEXT() REPRESENTATION_CONTEXT('2D SPACE',''
  ) );
#4993 = PCURVE('',#3963,#4994);
#4994 = DEFINITIONAL_REPRESENTATION('',(#4995),#4999);
#4995 = LINE('',#4996,#4997);
#4996 = CARTESIAN_POINT('',(1.570796326795,0.));
#4997 = VECTOR('',#4998,1.);
#4998 = DIRECTION('',(0.,1.));
#4999 = ( GEOMETRIC_REPRESENTATION_CONTEXT(2) 
PARAMETRIC_REPRESENTATION_CONTEXT() REPRESENTATION_CONTEXT('2D SPACE',''
  ) );
#5000 = ORIENTED_EDGE('',*,*,#5001,.T.);
#5001 = EDGE_CURVE('',#4979,#4701,#5002,.T.);
#5002 = SURFACE_CURVE('',#5003,(#5090,#5180),.PCURVE_S1.);
#5003 = B_SPLINE_CURVE_WITH_KNOTS('',8,(#5004,#5005,#5006,#5007,#5008,
    #5009,#5010,#5011,#5012,#5013,#5014,#5015,#5016,#5017,#5018,#5019,
    #5020,#5021,#5022,#5023,#5024,#5025,#5026,#5027,#5028,#5029,#5030,
    #5031,#5032,#5033,#5034,#5035,#5036,#5037,#5038,#5039,#5040,#5041,
    #5042,#5043,#5044,#5045,#5046,#5047,#5048,#5049,#5050,#5051,#5052,
    #5053,#5054,#5055,#5056,#5057,#5058,#5059,#5060,#5061,#5062,#5063,
    #5064,#5065,#5066,#5067,#5068,#5069,#5070,#5071,#5072,#5073,#5074,
    #5075,#5076,#5077,#5078,#5079,#5080,#5081,#5082,#5083,#5084,#5085,
    #5086,#5087,#5088,#5089),.UNSPECIFIED.,.F.,.F.,(9,7,7,7,7,7,7,7,7,7,
    7,7,9),(0.,6.9018612203E-02,0.124359690131,0.213816826371,
    0.320181290696,0.390827312608,0.500400550851,0.574470337652,
    0.680100734247,0.774759275561,0.836393508013,0.921286113012,1.),
  .UNSPECIFIED.);
#5004 = CARTESIAN_POINT('',(19.5,30.5,138.36874901754));
#5005 = CARTESIAN_POINT('',(19.260419482835,30.5,138.59888224999));
#5006 = CARTESIAN_POINT('',(19.017424404473,30.5,138.82708074903));
#5007 = CARTESIAN_POINT('',(18.771023541635,30.5,139.0533248951));
#5008 = CARTESIAN_POINT('',(18.521218883609,30.5,139.27758987048));
#5009 = CARTESIAN_POINT('',(18.267976509551,30.5,139.49983065299));
#5010 = CARTESIAN_POINT('',(18.011309843276,30.5,139.72002656317));
#5011 = CARTESIAN_POINT('',(17.751187020818,30.5,139.93813056858));
#5012 = CARTESIAN_POINT('',(17.276210417602,30.5,140.32726349609));
#5013 = CARTESIAN_POINT('',(17.062602345856,30.5,140.49905560614));
#5014 = CARTESIAN_POINT('',(16.846738276355,30.5,140.66944762709));
#5015 = CARTESIAN_POINT('',(16.628603676453,30.5,140.83841441235));
#5016 = CARTESIAN_POINT('',(16.40818115706,30.5,141.00592758472));
#5017 = CARTESIAN_POINT('',(16.185448704231,30.5,141.17195447871));
#5018 = CARTESIAN_POINT('',(15.960380860359,30.5,141.33645897709));
#5019 = CARTESIAN_POINT('',(15.365322537251,30.5,141.76280020824));
#5020 = CARTESIAN_POINT('',(14.991532117196,30.5,142.0221157706));
#5021 = CARTESIAN_POINT('',(14.611465789348,30.5,142.27719776177));
#5022 = CARTESIAN_POINT('',(14.225012638299,30.5,142.52787104644));
#5023 = CARTESIAN_POINT('',(13.832006693015,30.5,142.77390067539));
#5024 = CARTESIAN_POINT('',(13.432347069748,30.5,143.01507421584));
#5025 = CARTESIAN_POINT('',(13.025860911478,30.5,143.25110457559));
#5026 = CARTESIAN_POINT('',(12.120767080362,30.5,143.75585953218));
#5027 = CARTESIAN_POINT('',(11.619313501381,30.5,144.02230663021));
#5028 = CARTESIAN_POINT('',(11.107717114674,30.5,144.28053806978));
#5029 = CARTESIAN_POINT('',(10.585729940171,30.5,144.52997176645));
#5030 = CARTESIAN_POINT('',(10.053098210114,30.5,144.76988419121));
#5031 = CARTESIAN_POINT('',(9.5096639943,30.5,144.99950018826));
#5032 = CARTESIAN_POINT('',(8.955294275264,30.5,145.21792855352));
#5033 = CARTESIAN_POINT('',(8.014422044569,30.5,145.56121045117));
#5034 = CARTESIAN_POINT('',(7.634089215218,30.5,145.69284614877));
#5035 = CARTESIAN_POINT('',(7.248930329545,30.5,145.81882448571));
#5036 = CARTESIAN_POINT('',(6.858979359003,30.5,145.93883685976));
#5037 = CARTESIAN_POINT('',(6.464308852523,30.5,146.05255738825));
#5038 = CARTESIAN_POINT('',(6.06503441867,30.5,146.15964870671));
#5039 = CARTESIAN_POINT('',(5.661320460927,30.5,146.25976929266));
#5040 = CARTESIAN_POINT('',(4.620675360323,30.5,146.49653696432));
#5041 = CARTESIAN_POINT('',(3.977622224344,30.5,146.62295548423));
#5042 = CARTESIAN_POINT('',(3.325305326488,30.5,146.73050396623));
#5043 = CARTESIAN_POINT('',(2.665038488414,30.5,146.81794123008));
#5044 = CARTESIAN_POINT('',(1.998395497857,30.5,146.88419825368));
#5045 = CARTESIAN_POINT('',(1.327237671606,30.5,146.92846786986));
#5046 = CARTESIAN_POINT('',(0.653745268774,30.5,146.95030472939));
#5047 = CARTESIAN_POINT('',(-0.474682402731,30.5,146.94935076072));
#5048 = CARTESIAN_POINT('',(-0.929826094751,30.5,146.93872724582));
#5049 = CARTESIAN_POINT('',(-1.384236400526,30.5,146.91786480083));
#5050 = CARTESIAN_POINT('',(-1.837225991976,30.5,146.88685606362));
#5051 = CARTESIAN_POINT('',(-2.288159724908,30.5,146.84587517021));
#5052 = CARTESIAN_POINT('',(-2.736452229788,30.5,146.79516643031));
#5053 = CARTESIAN_POINT('',(-3.181565502509,30.5,146.73503300281));
#5054 = CARTESIAN_POINT('',(-4.252542357779,30.5,146.56712934507));
#5055 = CARTESIAN_POINT('',(-4.874632708255,30.5,146.44997517606));
#5056 = CARTESIAN_POINT('',(-5.488013221544,30.5,146.31535277993));
#5057 = CARTESIAN_POINT('',(-6.09177282228,30.5,146.16439222418));
#5058 = CARTESIAN_POINT('',(-6.685288808635,30.5,145.99826844035));
#5059 = CARTESIAN_POINT('',(-7.268177159188,30.5,145.8181283123));
#5060 = CARTESIAN_POINT('',(-7.840258022807,30.5,145.62504034047));
#5061 = CARTESIAN_POINT('',(-8.904514638022,30.5,145.23619445465));
#5062 = CARTESIAN_POINT('',(-9.398795527562,30.5,145.0428043447));
#5063 = CARTESIAN_POINT('',(-9.88441424908,30.5,144.84048116841));
#5064 = CARTESIAN_POINT('',(-10.36144726164,30.5,144.62985398132));
#5065 = CARTESIAN_POINT('',(-10.83001101592,30.5,144.41149594896));
#5066 = CARTESIAN_POINT('',(-11.29025835843,30.5,144.18592147607));
#5067 = CARTESIAN_POINT('',(-11.74237261859,30.5,143.95358079441));
#5068 = CARTESIAN_POINT('',(-12.47577902694,30.5,143.55941051189));
#5069 = CARTESIAN_POINT('',(-12.76162817318,30.5,143.40126640795));
#5070 = CARTESIAN_POINT('',(-13.04415781206,30.5,143.2405272425));
#5071 = CARTESIAN_POINT('',(-13.32341971854,30.5,143.07729432533));
#5072 = CARTESIAN_POINT('',(-13.59946383968,30.5,142.91166086644));
#5073 = CARTESIAN_POINT('',(-13.87233746866,30.5,142.74371131951));
#5074 = CARTESIAN_POINT('',(-14.14208620113,30.5,142.57352193364));
#5075 = CARTESIAN_POINT('',(-14.7760582562,30.5,142.16376132236));
#5076 = CARTESIAN_POINT('',(-15.13751396776,30.5,141.92224788886));
#5077 = CARTESIAN_POINT('',(-15.49324004261,30.5,141.67680011043));
#5078 = CARTESIAN_POINT('',(-15.84336942626,30.5,141.42759735297));
#5079 = CARTESIAN_POINT('',(-16.18794421913,30.5,141.17474934519));
#5080 = CARTESIAN_POINT('',(-16.52709676844,30.5,140.91841254247));
#5081 = CARTESIAN_POINT('',(-16.86087811847,30.5,140.65868275521));
#5082 = CARTESIAN_POINT('',(-17.49392061524,30.5,140.15176477061));
#5083 = CARTESIAN_POINT('',(-17.79392341121,30.5,139.90504385691));
#5084 = CARTESIAN_POINT('',(-18.08939822333,30.5,139.65555650918));
#5085 = CARTESIAN_POINT('',(-18.38042219305,30.5,139.40338972373));
#5086 = CARTESIAN_POINT('',(-18.66696584678,30.5,139.14857200367));
#5087 = CARTESIAN_POINT('',(-18.94907493903,30.5,138.89116606057));
#5088 = CARTESIAN_POINT('',(-19.22675815183,30.5,138.63121622691));
#5089 = CARTESIAN_POINT('',(-19.5,30.5,138.36874901754));
#5090 = PCURVE('',#3990,#5091);
#5091 = DEFINITIONAL_REPRESENTATION('',(#5092),#5179);
#5092 = B_SPLINE_CURVE_WITH_KNOTS('',8,(#5093,#5094,#5095,#5096,#5097,
    #5098,#5099,#5100,#5101,#5102,#5103,#5104,#5105,#5106,#5107,#5108,
    #5109,#5110,#5111,#5112,#5113,#5114,#5115,#5116,#5117,#5118,#5119,
    #5120,#5121,#5122,#5123,#5124,#5125,#5126,#5127,#5128,#5129,#5130,
    #5131,#5132,#5133,#5134,#5135,#5136,#5137,#5138,#5139,#5140,#5141,
    #5142,#5143,#5144,#5145,#5146,#5147,#5148,#5149,#5150,#5151,#5152,
    #5153,#5154,#5155,#5156,#5157,#5158,#5159,#5160,#5161,#5162,#5163,
    #5164,#5165,#5166,#5167,#5168,#5169,#5170,#5171,#5172,#5173,#5174,
    #5175,#5176,#5177,#5178),.UNSPECIFIED.,.F.,.F.,(9,7,7,7,7,7,7,7,7,7,
    7,7,9),(0.,6.9018612203E-02,0.124359690131,0.213816826371,
    0.320181290696,0.390827312608,0.500400550851,0.574470337652,
    0.680100734247,0.774759275561,0.836393508013,0.921286113012,1.),
  .UNSPECIFIED.);
#5093 = CARTESIAN_POINT('',(11.,-138.3687490175));
#5094 = CARTESIAN_POINT('',(11.239580517165,-138.5988822499));
#5095 = CARTESIAN_POINT('',(11.482575595527,-138.827080749));
#5096 = CARTESIAN_POINT('',(11.728976458365,-139.0533248951));
#5097 = CARTESIAN_POINT('',(11.978781116391,-139.2775898704));
#5098 = CARTESIAN_POINT('',(12.232023490449,-139.4998306529));
#5099 = CARTESIAN_POINT('',(12.488690156724,-139.7200265631));
#5100 = CARTESIAN_POINT('',(12.748812979182,-139.9381305685));
#5101 = CARTESIAN_POINT('',(13.223789582398,-140.327263496));
#5102 = CARTESIAN_POINT('',(13.437397654144,-140.4990556061));
#5103 = CARTESIAN_POINT('',(13.653261723645,-140.669447627));
#5104 = CARTESIAN_POINT('',(13.871396323547,-140.8384144123));
#5105 = CARTESIAN_POINT('',(14.09181884294,-141.0059275847));
#5106 = CARTESIAN_POINT('',(14.314551295769,-141.1719544787));
#5107 = CARTESIAN_POINT('',(14.539619139641,-141.336458977));
#5108 = CARTESIAN_POINT('',(15.134677462749,-141.7628002082));
#5109 = CARTESIAN_POINT('',(15.508467882804,-142.0221157706));
#5110 = CARTESIAN_POINT('',(15.888534210652,-142.2771977617));
#5111 = CARTESIAN_POINT('',(16.274987361701,-142.5278710464));
#5112 = CARTESIAN_POINT('',(16.667993306985,-142.7739006753));
#5113 = CARTESIAN_POINT('',(17.067652930252,-143.0150742158));
#5114 = CARTESIAN_POINT('',(17.474139088522,-143.2511045755));
#5115 = CARTESIAN_POINT('',(18.379232919638,-143.7558595321));
#5116 = CARTESIAN_POINT('',(18.880686498619,-144.0223066302));
#5117 = CARTESIAN_POINT('',(19.392282885326,-144.2805380697));
#5118 = CARTESIAN_POINT('',(19.914270059829,-144.5299717664));
#5119 = CARTESIAN_POINT('',(20.446901789886,-144.7698841912));
#5120 = CARTESIAN_POINT('',(20.9903360057,-144.9995001882));
#5121 = CARTESIAN_POINT('',(21.544705724736,-145.2179285535));
#5122 = CARTESIAN_POINT('',(22.485577955431,-145.5612104511));
#5123 = CARTESIAN_POINT('',(22.865910784782,-145.6928461487));
#5124 = CARTESIAN_POINT('',(23.251069670455,-145.8188244857));
#5125 = CARTESIAN_POINT('',(23.641020640997,-145.9388368597));
#5126 = CARTESIAN_POINT('',(24.035691147477,-146.0525573882));
#5127 = CARTESIAN_POINT('',(24.43496558133,-146.1596487067));
#5128 = CARTESIAN_POINT('',(24.838679539073,-146.2597692926));
#5129 = CARTESIAN_POINT('',(25.879324639677,-146.4965369643));
#5130 = CARTESIAN_POINT('',(26.522377775656,-146.6229554842));
#5131 = CARTESIAN_POINT('',(27.174694673512,-146.7305039662));
#5132 = CARTESIAN_POINT('',(27.834961511586,-146.81794123));
#5133 = CARTESIAN_POINT('',(28.501604502143,-146.8841982536));
#5134 = CARTESIAN_POINT('',(29.172762328394,-146.9284678698));
#5135 = CARTESIAN_POINT('',(29.846254731226,-146.9503047293));
#5136 = CARTESIAN_POINT('',(30.974682402731,-146.9493507607));
#5137 = CARTESIAN_POINT('',(31.429826094751,-146.9387272458));
#5138 = CARTESIAN_POINT('',(31.884236400526,-146.9178648008));
#5139 = CARTESIAN_POINT('',(32.337225991976,-146.8868560636));
#5140 = CARTESIAN_POINT('',(32.788159724908,-146.8458751702));
#5141 = CARTESIAN_POINT('',(33.236452229788,-146.7951664303));
#5142 = CARTESIAN_POINT('',(33.681565502509,-146.7350330028));
#5143 = CARTESIAN_POINT('',(34.752542357779,-146.567129345));
#5144 = CARTESIAN_POINT('',(35.374632708255,-146.449975176));
#5145 = CARTESIAN_POINT('',(35.988013221544,-146.3153527799));
#5146 = CARTESIAN_POINT('',(36.59177282228,-146.1643922241));
#5147 = CARTESIAN_POINT('',(37.185288808635,-145.9982684403));
#5148 = CARTESIAN_POINT('',(37.768177159188,-145.8181283123));
#5149 = CARTESIAN_POINT('',(38.340258022807,-145.6250403404));
#5150 = CARTESIAN_POINT('',(39.404514638022,-145.2361944546));
#5151 = CARTESIAN_POINT('',(39.898795527562,-145.0428043447));
#5152 = CARTESIAN_POINT('',(40.38441424908,-144.8404811684));
#5153 = CARTESIAN_POINT('',(40.861447261647,-144.6298539813));
#5154 = CARTESIAN_POINT('',(41.330011015926,-144.4114959489));
#5155 = CARTESIAN_POINT('',(41.790258358431,-144.185921476));
#5156 = CARTESIAN_POINT('',(42.242372618599,-143.9535807944));
#5157 = CARTESIAN_POINT('',(42.975779026941,-143.5594105118));
#5158 = CARTESIAN_POINT('',(43.261628173185,-143.4012664079));
#5159 = CARTESIAN_POINT('',(43.544157812063,-143.2405272425));
#5160 = CARTESIAN_POINT('',(43.823419718546,-143.0772943253));
#5161 = CARTESIAN_POINT('',(44.099463839684,-142.9116608664));
#5162 = CARTESIAN_POINT('',(44.37233746866,-142.7437113195));
#5163 = CARTESIAN_POINT('',(44.64208620113,-142.5735219336));
#5164 = CARTESIAN_POINT('',(45.276058256205,-142.1637613223));
#5165 = CARTESIAN_POINT('',(45.637513967768,-141.9222478888));
#5166 = CARTESIAN_POINT('',(45.993240042618,-141.6768001104));
#5167 = CARTESIAN_POINT('',(46.34336942626,-141.4275973529));
#5168 = CARTESIAN_POINT('',(46.687944219133,-141.1747493451));
#5169 = CARTESIAN_POINT('',(47.027096768445,-140.9184125424));
#5170 = CARTESIAN_POINT('',(47.360878118479,-140.6586827552));
#5171 = CARTESIAN_POINT('',(47.993920615244,-140.1517647706));
#5172 = CARTESIAN_POINT('',(48.29392341121,-139.9050438569));
#5173 = CARTESIAN_POINT('',(48.589398223333,-139.6555565091));
#5174 = CARTESIAN_POINT('',(48.880422193055,-139.4033897237));
#5175 = CARTESIAN_POINT('',(49.166965846785,-139.1485720036));
#5176 = CARTESIAN_POINT('',(49.44907493903,-138.8911660605));
#5177 = CARTESIAN_POINT('',(49.726758151834,-138.6312162269));
#5178 = CARTESIAN_POINT('',(50.,-138.3687490175));
#5179 = ( GEOMETRIC_REPRESENTATION_CONTEXT(2) 
PARAMETRIC_REPRESENTATION_CONTEXT() REPRESENTATION_CONTEXT('2D SPACE',''
  ) );
#5180 = PCURVE('',#4280,#5181);
#5181 = DEFINITIONAL_REPRESENTATION('',(#5182),#5269);
#5182 = B_SPLINE_CURVE_WITH_KNOTS('',8,(#5183,#5184,#5185,#5186,#5187,
    #5188,#5189,#5190,#5191,#5192,#5193,#5194,#5195,#5196,#5197,#5198,
    #5199,#5200,#5201,#5202,#5203,#5204,#5205,#5206,#5207,#5208,#5209,
    #5210,#5211,#5212,#5213,#5214,#5215,#5216,#5217,#5218,#5219,#5220,
    #5221,#5222,#5223,#5224,#5225,#5226,#5227,#5228,#5229,#5230,#5231,
    #5232,#5233,#5234,#5235,#5236,#5237,#5238,#5239,#5240,#5241,#5242,
    #5243,#5244,#5245,#5246,#5247,#5248,#5249,#5250,#5251,#5252,#5253,
    #5254,#5255,#5256,#5257,#5258,#5259,#5260,#5261,#5262,#5263,#5264,
    #5265,#5266,#5267,#5268),.UNSPECIFIED.,.F.,.F.,(9,7,7,7,7,7,7,7,7,7,
    7,7,9),(0.,6.9018612203E-02,0.124359690131,0.213816826371,
    0.320181290696,0.390827312608,0.500400550851,0.574470337652,
    0.680100734247,0.774759275561,0.836393508013,0.921286113012,1.),
  .UNSPECIFIED.);
#5183 = CARTESIAN_POINT('',(1.001948468374,11.143908142677));
#5184 = CARTESIAN_POINT('',(1.007524359845,11.40775089913));
#5185 = CARTESIAN_POINT('',(1.013225154339,11.670176409686));
#5186 = CARTESIAN_POINT('',(1.019053036976,11.931135308695));
#5187 = CARTESIAN_POINT('',(1.025010362701,12.190572323318));
#5188 = CARTESIAN_POINT('',(1.031100405776,12.448412559075));
#5189 = CARTESIAN_POINT('',(1.037325334688,12.704602137836));
#5190 = CARTESIAN_POINT('',(1.043688434896,12.959061662518));
#5191 = CARTESIAN_POINT('',(1.05540851558,13.414291860874));
#5192 = CARTESIAN_POINT('',(1.060714958368,13.615708498296));
#5193 = CARTESIAN_POINT('',(1.066114034546,13.815918309552));
#5194 = CARTESIAN_POINT('',(1.071607434035,14.014877933618));
#5195 = CARTESIAN_POINT('',(1.077196933192,14.212540190392));
#5196 = CARTESIAN_POINT('',(1.08288443905,14.408853052374));
#5197 = CARTESIAN_POINT('',(1.088671959007,14.603760352902));
#5198 = CARTESIAN_POINT('',(1.104081749876,15.109900260719));
#5199 = CARTESIAN_POINT('',(1.113868390026,15.41876524721));
#5200 = CARTESIAN_POINT('',(1.123930159489,15.723558380457));
#5201 = CARTESIAN_POINT('',(1.134275716193,16.024009420558));
#5202 = CARTESIAN_POINT('',(1.144915261925,16.319782990444));
#5203 = CARTESIAN_POINT('',(1.155857195529,16.610553935893));
#5204 = CARTESIAN_POINT('',(1.167111746167,16.895916609481));
#5205 = CARTESIAN_POINT('',(1.192453522088,17.507795262145));
#5206 = CARTESIAN_POINT('',(1.206672837433,17.831864978775));
#5207 = CARTESIAN_POINT('',(1.221363901505,18.146941132378));
#5208 = CARTESIAN_POINT('',(1.236541910819,18.452198528726));
#5209 = CARTESIAN_POINT('',(1.252221396628,18.746643139313));
#5210 = CARTESIAN_POINT('',(1.268412751196,19.029197702241));
#5211 = CARTESIAN_POINT('',(1.285123481302,19.298642198103));
#5212 = CARTESIAN_POINT('',(1.313801703643,19.7230385334));
#5213 = CARTESIAN_POINT('',(1.325476794235,19.886041728367));
#5214 = CARTESIAN_POINT('',(1.337381523322,20.042277404372));
#5215 = CARTESIAN_POINT('',(1.349514464044,20.191326524089));
#5216 = CARTESIAN_POINT('',(1.361872297583,20.332747866138));
#5217 = CARTESIAN_POINT('',(1.374449541331,20.466085645237));
#5218 = CARTESIAN_POINT('',(1.387238259686,20.590879310055));
#5219 = CARTESIAN_POINT('',(1.420374699942,20.886277500873));
#5220 = CARTESIAN_POINT('',(1.441010738318,21.044288641295));
#5221 = CARTESIAN_POINT('',(1.462087976131,21.178922077387));
#5222 = CARTESIAN_POINT('',(1.483545021713,21.288511424018));
#5223 = CARTESIAN_POINT('',(1.505305827967,21.371622663214));
#5224 = CARTESIAN_POINT('',(1.527279642,21.427176076983));
#5225 = CARTESIAN_POINT('',(1.549362064667,21.454578223311));
#5226 = CARTESIAN_POINT('',(1.586359678044,21.453381121419));
#5227 = CARTESIAN_POINT('',(1.601282112385,21.440050161354));
#5228 = CARTESIAN_POINT('',(1.616169999013,21.413870651987));
#5229 = CARTESIAN_POINT('',(1.630990730873,21.374966457365));
#5230 = CARTESIAN_POINT('',(1.645713838136,21.323570593448));
#5231 = CARTESIAN_POINT('',(1.660311208456,21.260010092822));
#5232 = CARTESIAN_POINT('',(1.674757307228,21.184690869411));
#5233 = CARTESIAN_POINT('',(1.709382724866,20.974571121654));
#5234 = CARTESIAN_POINT('',(1.729382873296,20.828095737123));
#5235 = CARTESIAN_POINT('',(1.748968939003,20.659983352061));
#5236 = CARTESIAN_POINT('',(1.768096450316,20.471752732755));
#5237 = CARTESIAN_POINT('',(1.786735267591,20.264986322999));
#5238 = CARTESIAN_POINT('',(1.804867529578,20.041232792981));
#5239 = CARTESIAN_POINT('',(1.822485646595,19.801940303345));
#5240 = CARTESIAN_POINT('',(1.854918365647,19.321233831493));
#5241 = CARTESIAN_POINT('',(1.869833415511,19.082631036476));
#5242 = CARTESIAN_POINT('',(1.884337031113,18.833545605348));
#5243 = CARTESIAN_POINT('',(1.898433809772,18.574840719989));
#5244 = CARTESIAN_POINT('',(1.912130895769,18.307306233859));
#5245 = CARTESIAN_POINT('',(1.925437464013,18.03165437814));
#5246 = CARTESIAN_POINT('',(1.938364196702,17.748514178365));
#5247 = CARTESIAN_POINT('',(1.959099901793,17.269540943606));
#5248 = CARTESIAN_POINT('',(1.967120688538,17.077717862339));
#5249 = CARTESIAN_POINT('',(1.974988178921,16.883107997249));
#5250 = CARTESIAN_POINT('',(1.982705529037,16.685855169085));
#5251 = CARTESIAN_POINT('',(1.990275892653,16.486092753776));
#5252 = CARTESIAN_POINT('',(1.997702380678,16.283943192271));
#5253 = CARTESIAN_POINT('',(2.004988072842,16.07951861626));
#5254 = CARTESIAN_POINT('',(2.021981471963,15.588365223335));
#5255 = CARTESIAN_POINT('',(2.031565496308,15.299693734081));
#5256 = CARTESIAN_POINT('',(2.040896150666,15.007174512706));
#5257 = CARTESIAN_POINT('',(2.04998183978,14.71106785149));
#5258 = CARTESIAN_POINT('',(2.058828596322,14.411563461983));
#5259 = CARTESIAN_POINT('',(2.067444730177,14.108887753108));
#5260 = CARTESIAN_POINT('',(2.075836355473,13.803205936483));
#5261 = CARTESIAN_POINT('',(2.091588513707,13.208598402281));
#5262 = CARTESIAN_POINT('',(2.098979570461,12.920077148401));
#5263 = CARTESIAN_POINT('',(2.106187794184,12.62923041972));
#5264 = CARTESIAN_POINT('',(2.113218840476,12.33619279712));
#5265 = CARTESIAN_POINT('',(2.120075676108,12.041043396635));
#5266 = CARTESIAN_POINT('',(2.126763100093,11.743889745646));
#5267 = CARTESIAN_POINT('',(2.133284874748,11.444821101925));
#5268 = CARTESIAN_POINT('',(2.139644185216,11.143908142677));
#5269 = ( GEOMETRIC_REPRESENTATION_CONTEXT(2) 
PARAMETRIC_REPRESENTATION_CONTEXT() REPRESENTATION_CONTEXT('2D SPACE',''
  ) );
#5270 = ORIENTED_EDGE('',*,*,#4700,.F.);
#5271 = ADVANCED_FACE('',(#5272),#3963,.T.);
#5272 = FACE_BOUND('',#5273,.T.);
#5273 = EDGE_LOOP('',(#5274,#5297,#5298,#5299));
#5274 = ORIENTED_EDGE('',*,*,#5275,.F.);
#5275 = EDGE_CURVE('',#3921,#5276,#5278,.T.);
#5276 = VERTEX_POINT('',#5277);
#5277 = CARTESIAN_POINT('',(30.5,19.5,138.36874901754));
#5278 = SURFACE_CURVE('',#5279,(#5283,#5290),.PCURVE_S1.);
#5279 = LINE('',#5280,#5281);
#5280 = CARTESIAN_POINT('',(30.5,19.5,0.));
#5281 = VECTOR('',#5282,1.);
#5282 = DIRECTION('',(0.,0.,1.));
#5283 = PCURVE('',#3963,#5284);
#5284 = DEFINITIONAL_REPRESENTATION('',(#5285),#5289);
#5285 = LINE('',#5286,#5287);
#5286 = CARTESIAN_POINT('',(0.,0.));
#5287 = VECTOR('',#5288,1.);
#5288 = DIRECTION('',(0.,1.));
#5289 = ( GEOMETRIC_REPRESENTATION_CONTEXT(2) 
PARAMETRIC_REPRESENTATION_CONTEXT() REPRESENTATION_CONTEXT('2D SPACE',''
  ) );
#5290 = PCURVE('',#3935,#5291);
#5291 = DEFINITIONAL_REPRESENTATION('',(#5292),#5296);
#5292 = LINE('',#5293,#5294);
#5293 = CARTESIAN_POINT('',(50.,0.));
#5294 = VECTOR('',#5295,1.);
#5295 = DIRECTION('',(0.,-1.));
#5296 = ( GEOMETRIC_REPRESENTATION_CONTEXT(2) 
PARAMETRIC_REPRESENTATION_CONTEXT() REPRESENTATION_CONTEXT('2D SPACE',''
  ) );
#5297 = ORIENTED_EDGE('',*,*,#3946,.T.);
#5298 = ORIENTED_EDGE('',*,*,#4978,.T.);
#5299 = ORIENTED_EDGE('',*,*,#5300,.T.);
#5300 = EDGE_CURVE('',#4979,#5276,#5301,.T.);
#5301 = SURFACE_CURVE('',#5302,(#5382,#5465),.PCURVE_S1.);
#5302 = B_SPLINE_CURVE_WITH_KNOTS('',8,(#5303,#5304,#5305,#5306,#5307,
    #5308,#5309,#5310,#5311,#5312,#5313,#5314,#5315,#5316,#5317,#5318,
    #5319,#5320,#5321,#5322,#5323,#5324,#5325,#5326,#5327,#5328,#5329,
    #5330,#5331,#5332,#5333,#5334,#5335,#5336,#5337,#5338,#5339,#5340,
    #5341,#5342,#5343,#5344,#5345,#5346,#5347,#5348,#5349,#5350,#5351,
    #5352,#5353,#5354,#5355,#5356,#5357,#5358,#5359,#5360,#5361,#5362,
    #5363,#5364,#5365,#5366,#5367,#5368,#5369,#5370,#5371,#5372,#5373,
    #5374,#5375,#5376,#5377,#5378,#5379,#5380,#5381),.UNSPECIFIED.,.F.,
  .F.,(9,7,7,7,7,7,7,7,7,7,7,9),(0.,7.162754712682E-02,0.185764245489,
    0.245876808687,0.309845166782,0.416575928085,0.558862884338,
    0.665713661924,0.731711691072,0.823521829456,0.912879585386,1.),
  .UNSPECIFIED.);
#5303 = CARTESIAN_POINT('',(19.5,30.5,138.36874901754));
#5304 = CARTESIAN_POINT('',(19.613091079585,30.5,138.26011741421));
#5305 = CARTESIAN_POINT('',(19.726883575456,30.498671219716,
    138.15164661557));
#5306 = CARTESIAN_POINT('',(19.841388025402,30.495984776583,
    138.04334788768));
#5307 = CARTESIAN_POINT('',(19.956615113538,30.491910042604,
    137.9352333949));
#5308 = CARTESIAN_POINT('',(20.072577106592,30.486414328005,
    137.82731675443));
#5309 = CARTESIAN_POINT('',(20.189288330234,30.479462573799,
    137.71961321821));
#5310 = CARTESIAN_POINT('',(20.306764685452,30.471017053266,
    137.61213948196));
#5311 = CARTESIAN_POINT('',(20.61346259383,30.445134249172,
    137.33405060768));
#5312 = CARTESIAN_POINT('',(20.803881026569,30.425335613981,
    137.16382167027));
#5313 = CARTESIAN_POINT('',(20.996347318061,30.401477133826,
    136.99429200998));
#5314 = CARTESIAN_POINT('',(21.190951318105,30.373371734469,
    136.82554906839));
#5315 = CARTESIAN_POINT('',(21.38776015401,30.340816545386,
    136.65768682704));
#5316 = CARTESIAN_POINT('',(21.586914789037,30.303566191029,
    136.49084211238));
#5317 = CARTESIAN_POINT('',(21.788514797961,30.261350328459,
    136.32515152513));
#5318 = CARTESIAN_POINT('',(22.100282513658,30.188813070167,
    136.07423321083));
#5319 = CARTESIAN_POINT('',(22.208558701967,30.162320360438,
    135.98804315254));
#5320 = CARTESIAN_POINT('',(22.317580720617,30.134310520969,
    135.90225109964));
#5321 = CARTESIAN_POINT('',(22.427372917674,30.104731660249,
    135.81688685881));
#5322 = CARTESIAN_POINT('',(22.537961336568,30.073527420928,
    135.7319842683));
#5323 = CARTESIAN_POINT('',(22.64937442671,30.040636060081,
    135.64758161026));
#5324 = CARTESIAN_POINT('',(22.761643754115,30.005989529466,
    135.56372202307));
#5325 = CARTESIAN_POINT('',(22.995224143379,29.930695842762,
    135.39184474495));
#5326 = CARTESIAN_POINT('',(23.116648910001,29.889807652487,
    135.3039084034));
#5327 = CARTESIAN_POINT('',(23.239122938421,29.846756926799,
    135.21670042098));
#5328 = CARTESIAN_POINT('',(23.362690647806,29.801444019477,
    135.13028731906));
#5329 = CARTESIAN_POINT('',(23.487397805398,29.753759803235,
    135.04474718232));
#5330 = CARTESIAN_POINT('',(23.613293110923,29.703583619887,
    134.96017078106));
#5331 = CARTESIAN_POINT('',(23.74043050996,29.650780073699,
    134.87666324178));
#5332 = CARTESIAN_POINT('',(24.083176364779,29.502450804331,
    134.65700096368));
#5333 = CARTESIAN_POINT('',(24.300892973515,29.402057165881,
    134.5231103873));
#5334 = CARTESIAN_POINT('',(24.522544068576,29.29321693777,
    134.39306908875));
#5335 = CARTESIAN_POINT('',(24.748488103165,29.175047452882,
    134.2675857484));
#5336 = CARTESIAN_POINT('',(24.97891068433,29.046589188549,
    134.14768756815));
#5337 = CARTESIAN_POINT('',(25.213852327021,28.906797070792,
    134.03473775933));
#5338 = CARTESIAN_POINT('',(25.453242154281,28.754506119623,
    133.9304637064));
#5339 = CARTESIAN_POINT('',(26.021744843915,28.3668721972,
    133.71238444722));
#5340 = CARTESIAN_POINT('',(26.361087758569,28.116052361759,
    133.60432649484));
#5341 = CARTESIAN_POINT('',(26.705670425068,27.837292375708,
    133.52291689487));
#5342 = CARTESIAN_POINT('',(27.046857570606,27.533208421074,
    133.47646499283));
#5343 = CARTESIAN_POINT('',(27.376782596671,27.2082365379,133.4703755984
    ));
#5344 = CARTESIAN_POINT('',(27.688167727336,26.869014912567,
    133.50525133755));
#5345 = CARTESIAN_POINT('',(27.974620993424,26.525520905269,
    133.57569280428));
#5346 = CARTESIAN_POINT('',(28.422919609743,25.940605794619,
    133.74249833572));
#5347 = CARTESIAN_POINT('',(28.600049722797,25.692433997218,
    133.82878900198));
#5348 = CARTESIAN_POINT('',(28.762839666231,25.448056035929,
    133.92718620449));
#5349 = CARTESIAN_POINT('',(28.912363379204,25.208125996178,
    134.03527089678));
#5350 = CARTESIAN_POINT('',(29.049751031378,24.97295761454,
    134.15105133152));
#5351 = CARTESIAN_POINT('',(29.176124007637,24.742552862747,
    134.27301025659));
#5352 = CARTESIAN_POINT('',(29.292587832258,24.516589085929,
    134.40009285616));
#5353 = CARTESIAN_POINT('',(29.466644633306,24.157171347945,
    134.61303957141));
#5354 = CARTESIAN_POINT('',(29.529666292019,24.021492930333,
    134.69601830928));
#5355 = CARTESIAN_POINT('',(29.589464942173,23.8872961646,
    134.78047782308));
#5356 = CARTESIAN_POINT('',(29.646226936489,23.754516272039,
    134.86625624366));
#5357 = CARTESIAN_POINT('',(29.700117408264,23.623093727136,
    134.95321553514));
#5358 = CARTESIAN_POINT('',(29.751285313881,23.49297077484,
    135.04123866193));
#5359 = CARTESIAN_POINT('',(29.79986648544,23.364089111195,
    135.13022776148));
#5360 = CARTESIAN_POINT('',(29.91013992841,23.058744181553,
    135.34512959701));
#5361 = CARTESIAN_POINT('',(29.969521483013,22.883406460932,
    135.47185707802));
#5362 = CARTESIAN_POINT('',(30.024462693459,22.710218099696,
    135.6000622362));
#5363 = CARTESIAN_POINT('',(30.07523419477,22.539073906603,
    135.72957211557));
#5364 = CARTESIAN_POINT('',(30.122083922757,22.369838532101,
    135.86021734201));
#5365 = CARTESIAN_POINT('',(30.16521345213,22.202438080482,
    135.99188216091));
#5366 = CARTESIAN_POINT('',(30.204811589003,22.036773708898,
    136.12445703404));
#5367 = CARTESIAN_POINT('',(30.276305549852,21.713134352957,
    136.38770275271));
#5368 = CARTESIAN_POINT('',(30.308377067571,21.555080601764,
    136.51832229772));
#5369 = CARTESIAN_POINT('',(30.33740837005,21.398530309055,
    136.64963926771));
#5370 = CARTESIAN_POINT('',(30.363531436641,21.243426017065,
    136.78158510839));
#5371 = CARTESIAN_POINT('',(30.38686460768,21.089711929517,
    136.91409766865));
#5372 = CARTESIAN_POINT('',(30.407514222671,20.937338591286,
    137.04712311627));
#5373 = CARTESIAN_POINT('',(30.425575528381,20.786267565406,
    137.18061796428));
#5374 = CARTESIAN_POINT('',(30.456307318703,20.490400457755,
    137.44511557619));
#5375 = CARTESIAN_POINT('',(30.469101199034,20.345544305997,
    137.57609532938));
#5376 = CARTESIAN_POINT('',(30.479598755317,20.201855303112,
    137.707446095));
#5377 = CARTESIAN_POINT('',(30.487873075509,20.059306880784,
    137.83913671025));
#5378 = CARTESIAN_POINT('',(30.493991192846,19.917870072764,
    137.97113704965));
#5379 = CARTESIAN_POINT('',(30.498014662861,19.777518893899,
    138.10342015536));
#5380 = CARTESIAN_POINT('',(30.5,19.638235636483,138.23596437278));
#5381 = CARTESIAN_POINT('',(30.5,19.5,138.36874901754));
#5382 = PCURVE('',#3963,#5383);
#5383 = DEFINITIONAL_REPRESENTATION('',(#5384),#5464);
#5384 = B_SPLINE_CURVE_WITH_KNOTS('',8,(#5385,#5386,#5387,#5388,#5389,
    #5390,#5391,#5392,#5393,#5394,#5395,#5396,#5397,#5398,#5399,#5400,
    #5401,#5402,#5403,#5404,#5405,#5406,#5407,#5408,#5409,#5410,#5411,
    #5412,#5413,#5414,#5415,#5416,#5417,#5418,#5419,#5420,#5421,#5422,
    #5423,#5424,#5425,#5426,#5427,#5428,#5429,#5430,#5431,#5432,#5433,
    #5434,#5435,#5436,#5437,#5438,#5439,#5440,#5441,#5442,#5443,#5444,
    #5445,#5446,#5447,#5448,#5449,#5450,#5451,#5452,#5453,#5454,#5455,
    #5456,#5457,#5458,#5459,#5460,#5461,#5462,#5463),.UNSPECIFIED.,.F.,
  .F.,(9,7,7,7,7,7,7,7,7,7,7,9),(0.,7.162754712682E-02,0.185764245489,
    0.245876808687,0.309845166782,0.416575928085,0.558862884338,
    0.665713661924,0.731711691072,0.823521829456,0.912879585386,1.),
  .UNSPECIFIED.);
#5385 = CARTESIAN_POINT('',(1.570796326795,138.36874901754));
#5386 = CARTESIAN_POINT('',(1.56051531956,138.26011741421));
#5387 = CARTESIAN_POINT('',(1.550170547206,138.15164661557));
#5388 = CARTESIAN_POINT('',(1.53975939587,138.04334788768));
#5389 = CARTESIAN_POINT('',(1.52927915195,137.9352333949));
#5390 = CARTESIAN_POINT('',(1.518726861485,137.82731675443));
#5391 = CARTESIAN_POINT('',(1.508099273728,137.71961321821));
#5392 = CARTESIAN_POINT('',(1.497392868899,137.61213948196));
#5393 = CARTESIAN_POINT('',(1.469412130756,137.33405060768));
#5394 = CARTESIAN_POINT('',(1.452011323071,137.16382167027));
#5395 = CARTESIAN_POINT('',(1.434386228943,136.99429200998));
#5396 = CARTESIAN_POINT('',(1.416518735305,136.82554906839));
#5397 = CARTESIAN_POINT('',(1.39839172608,136.65768682704));
#5398 = CARTESIAN_POINT('',(1.379979807264,136.49084211238));
#5399 = CARTESIAN_POINT('',(1.361259622777,136.32515152513));
#5400 = CARTESIAN_POINT('',(1.332160083945,136.07423321083));
#5401 = CARTESIAN_POINT('',(1.322027089177,135.98804315254));
#5402 = CARTESIAN_POINT('',(1.311795255858,135.90225109964));
#5403 = CARTESIAN_POINT('',(1.301459699564,135.81688685881));
#5404 = CARTESIAN_POINT('',(1.291015152483,135.7319842683));
#5405 = CARTESIAN_POINT('',(1.280455852919,135.64758161026));
#5406 = CARTESIAN_POINT('',(1.269775434799,135.56372202307));
#5407 = CARTESIAN_POINT('',(1.247464903337,135.39184474495));
#5408 = CARTESIAN_POINT('',(1.235818227006,135.3039084034));
#5409 = CARTESIAN_POINT('',(1.224018131294,135.21670042098));
#5410 = CARTESIAN_POINT('',(1.212055426249,135.13028731906));
#5411 = CARTESIAN_POINT('',(1.199920251357,135.04474718232));
#5412 = CARTESIAN_POINT('',(1.187601817072,134.96017078106));
#5413 = CARTESIAN_POINT('',(1.175088025392,134.87666324178));
#5414 = CARTESIAN_POINT('',(1.141136639005,134.65700096368));
#5415 = CARTESIAN_POINT('',(1.119347397877,134.5231103873));
#5416 = CARTESIAN_POINT('',(1.096910329189,134.39306908875));
#5417 = CARTESIAN_POINT('',(1.073745891769,134.2675857484));
#5418 = CARTESIAN_POINT('',(1.049781229251,134.14768756815));
#5419 = CARTESIAN_POINT('',(1.02494597925,134.03473775933));
#5420 = CARTESIAN_POINT('',(0.99916585558,133.9304637064));
#5421 = CARTESIAN_POINT('',(0.936613043782,133.71238444722));
#5422 = CARTESIAN_POINT('',(0.898279298888,133.60432649484));
#5423 = CARTESIAN_POINT('',(0.858051732238,133.52291689487));
#5424 = CARTESIAN_POINT('',(0.816599900533,133.47646499283));
#5425 = CARTESIAN_POINT('',(0.774605549431,133.4703755984));
#5426 = CARTESIAN_POINT('',(0.732824109781,133.50525133755));
#5427 = CARTESIAN_POINT('',(0.692198301996,133.57569280428));
#5428 = CARTESIAN_POINT('',(0.625202722022,133.74249833572));
#5429 = CARTESIAN_POINT('',(0.59750056631,133.82878900198));
#5430 = CARTESIAN_POINT('',(0.570828995782,133.92718620449));
#5431 = CARTESIAN_POINT('',(0.545150700814,134.03527089678));
#5432 = CARTESIAN_POINT('',(0.520409566671,134.15105133152));
#5433 = CARTESIAN_POINT('',(0.496533425853,134.27301025659));
#5434 = CARTESIAN_POINT('',(0.47343045742,134.40009285616));
#5435 = CARTESIAN_POINT('',(0.437126315138,134.61303957141));
#5436 = CARTESIAN_POINT('',(0.423528025835,134.69601830928));
#5437 = CARTESIAN_POINT('',(0.410174615002,134.78047782308));
#5438 = CARTESIAN_POINT('',(0.39704998101,134.86625624366));
#5439 = CARTESIAN_POINT('',(0.384139787227,134.95321553514));
#5440 = CARTESIAN_POINT('',(0.371430864046,135.04123866193));
#5441 = CARTESIAN_POINT('',(0.358910814699,135.13022776148));
#5442 = CARTESIAN_POINT('',(0.329397439348,135.34512959701));
#5443 = CARTESIAN_POINT('',(0.312571704311,135.47185707802));
#5444 = CARTESIAN_POINT('',(0.296059148574,135.6000622362));
#5445 = CARTESIAN_POINT('',(0.27983600732,135.72957211557));
#5446 = CARTESIAN_POINT('',(0.263877542507,135.86021734201));
#5447 = CARTESIAN_POINT('',(0.248166403793,135.99188216091));
#5448 = CARTESIAN_POINT('',(0.232684047592,136.12445703404));
#5449 = CARTESIAN_POINT('',(0.202552953969,136.38770275271));
#5450 = CARTESIAN_POINT('',(0.187893778933,136.51832229772));
#5451 = CARTESIAN_POINT('',(0.173422679925,136.64963926771));
#5452 = CARTESIAN_POINT('',(0.159127538712,136.78158510839));
#5453 = CARTESIAN_POINT('',(0.144997094183,136.91409766865));
#5454 = CARTESIAN_POINT('',(0.131021240955,137.04712311627));
#5455 = CARTESIAN_POINT('',(0.117191368363,137.18061796428));
#5456 = CARTESIAN_POINT('',(9.014965153546E-02,137.44511557619));
#5457 = CARTESIAN_POINT('',(7.693121681644E-02,137.57609532938));
#5458 = CARTESIAN_POINT('',(6.383626110246E-02,137.707446095));
#5459 = CARTESIAN_POINT('',(5.085836949219E-02,137.83913671025));
#5460 = CARTESIAN_POINT('',(3.799121280357E-02,137.97113704965));
#5461 = CARTESIAN_POINT('',(2.522899027869E-02,138.10342015536));
#5462 = CARTESIAN_POINT('',(1.256687604388E-02,138.23596437278));
#5463 = CARTESIAN_POINT('',(0.,138.36874901754));
#5464 = ( GEOMETRIC_REPRESENTATION_CONTEXT(2) 
PARAMETRIC_REPRESENTATION_CONTEXT() REPRESENTATION_CONTEXT('2D SPACE',''
  ) );
#5465 = PCURVE('',#4280,#5466);
#5466 = DEFINITIONAL_REPRESENTATION('',(#5467),#5547);
#5467 = B_SPLINE_CURVE_WITH_KNOTS('',8,(#5468,#5469,#5470,#5471,#5472,
    #5473,#5474,#5475,#5476,#5477,#5478,#5479,#5480,#5481,#5482,#5483,
    #5484,#5485,#5486,#5487,#5488,#5489,#5490,#5491,#5492,#5493,#5494,
    #5495,#5496,#5497,#5498,#5499,#5500,#5501,#5502,#5503,#5504,#5505,
    #5506,#5507,#5508,#5509,#5510,#5511,#5512,#5513,#5514,#5515,#5516,
    #5517,#5518,#5519,#5520,#5521,#5522,#5523,#5524,#5525,#5526,#5527,
    #5528,#5529,#5530,#5531,#5532,#5533,#5534,#5535,#5536,#5537,#5538,
    #5539,#5540,#5541,#5542,#5543,#5544,#5545,#5546),.UNSPECIFIED.,.F.,
  .F.,(9,7,7,7,7,7,7,7,7,7,7,9),(0.,7.162754712682E-02,0.185764245489,
    0.245876808687,0.309845166782,0.416575928085,0.558862884338,
    0.665713661924,0.731711691072,0.823521829456,0.912879585386,1.),
  .UNSPECIFIED.);
#5468 = CARTESIAN_POINT('',(1.001948468374,11.143908142677));
#5469 = CARTESIAN_POINT('',(0.99931643638,11.019364367077));
#5470 = CARTESIAN_POINT('',(0.996658431554,10.895183398644));
#5471 = CARTESIAN_POINT('',(0.993973793859,10.771377498189));
#5472 = CARTESIAN_POINT('',(0.991261830787,10.647959931951));
#5473 = CARTESIAN_POINT('',(0.988521780015,10.524945452971));
#5474 = CARTESIAN_POINT('',(0.985752793945,10.402350466632));
#5475 = CARTESIAN_POINT('',(0.98295394612,10.280192880365));
#5476 = CARTESIAN_POINT('',(0.975615224969,9.964563761966));
#5477 = CARTESIAN_POINT('',(0.971028015951,9.771800785647));
#5478 = CARTESIAN_POINT('',(0.966358569551,9.580272993102));
#5479 = CARTESIAN_POINT('',(0.961602016231,9.390073957348));
#5480 = CARTESIAN_POINT('',(0.956753708617,9.201303969817));
#5481 = CARTESIAN_POINT('',(0.951806703351,9.014108730601));
#5482 = CARTESIAN_POINT('',(0.946754536185,8.828632741727));
#5483 = CARTESIAN_POINT('',(0.938867283062,8.548386587364));
#5484 = CARTESIAN_POINT('',(0.936114742549,8.45223872936));
#5485 = CARTESIAN_POINT('',(0.933329326694,8.356650053423));
#5486 = CARTESIAN_POINT('',(0.930509673432,8.261652042984));
#5487 = CARTESIAN_POINT('',(0.92765430947,8.167280444264));
#5488 = CARTESIAN_POINT('',(0.924761619317,8.073575682232));
#5489 = CARTESIAN_POINT('',(0.921829814313,7.980583276554));
#5490 = CARTESIAN_POINT('',(0.915693297728,7.790209400619));
#5491 = CARTESIAN_POINT('',(0.912483256306,7.692932398187));
#5492 = CARTESIAN_POINT('',(0.909224342417,7.596581855622));
#5493 = CARTESIAN_POINT('',(0.905913963479,7.501228118087));
#5494 = CARTESIAN_POINT('',(0.902549332485,7.406953791214));
#5495 = CARTESIAN_POINT('',(0.899127396576,7.31385485585));
#5496 = CARTESIAN_POINT('',(0.895644731018,7.222042376881));
#5497 = CARTESIAN_POINT('',(0.886178699032,6.980817087041));
#5498 = CARTESIAN_POINT('',(0.880086012355,6.834082492198));
#5499 = CARTESIAN_POINT('',(0.873794891155,6.691848334191));
#5500 = CARTESIAN_POINT('',(0.867282763646,6.554866172836));
#5501 = CARTESIAN_POINT('',(0.860528912586,6.424221819606));
#5502 = CARTESIAN_POINT('',(0.853513442837,6.301355517341));
#5503 = CARTESIAN_POINT('',(0.846215624147,6.188096415083));
#5504 = CARTESIAN_POINT('',(0.828475301114,5.951513872107));
#5505 = CARTESIAN_POINT('',(0.817579530791,5.834533057228));
#5506 = CARTESIAN_POINT('',(0.806122663477,5.746590588318));
#5507 = CARTESIAN_POINT('',(0.794300524786,5.696503569417));
#5508 = CARTESIAN_POINT('',(0.782317082976,5.68992036047));
#5509 = CARTESIAN_POINT('',(0.770399769219,5.727518899611));
#5510 = CARTESIAN_POINT('',(0.758827083807,5.803633001084));
#5511 = CARTESIAN_POINT('',(0.739774591885,5.984209220551));
#5512 = CARTESIAN_POINT('',(0.731907443292,6.077704320982));
#5513 = CARTESIAN_POINT('',(0.724346124468,6.184443916781));
#5514 = CARTESIAN_POINT('',(0.717080986144,6.301868968972));
#5515 = CARTESIAN_POINT('',(0.710096452032,6.427868591175));
#5516 = CARTESIAN_POINT('',(0.70337207756,6.560833362477));
#5517 = CARTESIAN_POINT('',(0.696881801912,6.699650209513));
#5518 = CARTESIAN_POINT('',(0.686710163018,6.932722543761));
#5519 = CARTESIAN_POINT('',(0.682906823471,7.023649017878));
#5520 = CARTESIAN_POINT('',(0.679178647163,7.116308981084));
#5521 = CARTESIAN_POINT('',(0.675521071976,7.210531422035));
#5522 = CARTESIAN_POINT('',(0.671930034562,7.306170407862));
#5523 = CARTESIAN_POINT('',(0.668401804193,7.403102176223));
#5524 = CARTESIAN_POINT('',(0.664932874785,7.501223325401));
#5525 = CARTESIAN_POINT('',(0.656772132382,7.738484893021));
#5526 = CARTESIAN_POINT('',(0.652133216228,7.878643467487));
#5527 = CARTESIAN_POINT('',(0.647594286403,8.020690425335));
#5528 = CARTESIAN_POINT('',(0.643148635303,8.164440598614));
#5529 = CARTESIAN_POINT('',(0.638789326904,8.309718687058));
#5530 = CARTESIAN_POINT('',(0.634511493796,8.456399569344));
#5531 = CARTESIAN_POINT('',(0.630309969866,8.604368885888));
#5532 = CARTESIAN_POINT('',(0.622161036845,8.898730059118));
#5533 = CARTESIAN_POINT('',(0.618210049197,9.045050079098));
#5534 = CARTESIAN_POINT('',(0.614323403422,9.192416299698));
#5535 = CARTESIAN_POINT('',(0.610497753815,9.340756121657));
#5536 = CARTESIAN_POINT('',(0.606730014851,9.490003464074));
#5537 = CARTESIAN_POINT('',(0.60301743669,9.640100933992));
#5538 = CARTESIAN_POINT('',(0.599357692833,9.79100211743));
#5539 = CARTESIAN_POINT('',(0.592229752337,10.090531563209));
#5540 = CARTESIAN_POINT('',(0.588759110448,10.239120184015));
#5541 = CARTESIAN_POINT('',(0.58533459727,10.388392269887));
#5542 = CARTESIAN_POINT('',(0.581954509689,10.538314049322));
#5543 = CARTESIAN_POINT('',(0.578617187481,10.688853270646));
#5544 = CARTESIAN_POINT('',(0.575321126647,10.839980998073));
#5545 = CARTESIAN_POINT('',(0.572065093761,10.991673429266));
#5546 = CARTESIAN_POINT('',(0.568847858421,11.143908142677));
#5547 = ( GEOMETRIC_REPRESENTATION_CONTEXT(2) 
PARAMETRIC_REPRESENTATION_CONTEXT() REPRESENTATION_CONTEXT('2D SPACE',''
  ) );
#5548 = ADVANCED_FACE('',(#5549),#3935,.F.);
#5549 = FACE_BOUND('',#5550,.F.);
#5550 = EDGE_LOOP('',(#5551,#5552,#5575,#5700,#5823));
#5551 = ORIENTED_EDGE('',*,*,#3920,.F.);
#5552 = ORIENTED_EDGE('',*,*,#5553,.T.);
#5553 = EDGE_CURVE('',#3892,#5554,#5556,.T.);
#5554 = VERTEX_POINT('',#5555);
#5555 = CARTESIAN_POINT('',(30.5,-19.5,138.36874901754));
#5556 = SURFACE_CURVE('',#5557,(#5561,#5568),.PCURVE_S1.);
#5557 = LINE('',#5558,#5559);
#5558 = CARTESIAN_POINT('',(30.5,-19.5,0.));
#5559 = VECTOR('',#5560,1.);
#5560 = DIRECTION('',(0.,0.,1.));
#5561 = PCURVE('',#3935,#5562);
#5562 = DEFINITIONAL_REPRESENTATION('',(#5563),#5567);
#5563 = LINE('',#5564,#5565);
#5564 = CARTESIAN_POINT('',(11.,0.));
#5565 = VECTOR('',#5566,1.);
#5566 = DIRECTION('',(0.,-1.));
#5567 = ( GEOMETRIC_REPRESENTATION_CONTEXT(2) 
PARAMETRIC_REPRESENTATION_CONTEXT() REPRESENTATION_CONTEXT('2D SPACE',''
  ) );
#5568 = PCURVE('',#3908,#5569);
#5569 = DEFINITIONAL_REPRESENTATION('',(#5570),#5574);
#5570 = LINE('',#5571,#5572);
#5571 = CARTESIAN_POINT('',(1.570796326795,0.));
#5572 = VECTOR('',#5573,1.);
#5573 = DIRECTION('',(0.,1.));
#5574 = ( GEOMETRIC_REPRESENTATION_CONTEXT(2) 
PARAMETRIC_REPRESENTATION_CONTEXT() REPRESENTATION_CONTEXT('2D SPACE',''
  ) );
#5575 = ORIENTED_EDGE('',*,*,#5576,.T.);
#5576 = EDGE_CURVE('',#5554,#5577,#5579,.T.);
#5577 = VERTEX_POINT('',#5578);
#5578 = CARTESIAN_POINT('',(30.5,0.,146.94974379292));
#5579 = SURFACE_CURVE('',#5580,(#5618,#5659),.PCURVE_S1.);
#5580 = B_SPLINE_CURVE_WITH_KNOTS('',8,(#5581,#5582,#5583,#5584,#5585,
    #5586,#5587,#5588,#5589,#5590,#5591,#5592,#5593,#5594,#5595,#5596,
    #5597,#5598,#5599,#5600,#5601,#5602,#5603,#5604,#5605,#5606,#5607,
    #5608,#5609,#5610,#5611,#5612,#5613,#5614,#5615,#5616,#5617),
  .UNSPECIFIED.,.F.,.F.,(9,7,7,7,7,9),(0.,0.138069074434,0.248776768545,
    0.427732322821,0.640510335492,1.),.UNSPECIFIED.);
#5581 = CARTESIAN_POINT('',(30.5,-19.5,138.36874901754));
#5582 = CARTESIAN_POINT('',(30.5,-19.26041948283,138.59888224999));
#5583 = CARTESIAN_POINT('',(30.5,-19.01742440447,138.82708074903));
#5584 = CARTESIAN_POINT('',(30.5,-18.77102354163,139.0533248951));
#5585 = CARTESIAN_POINT('',(30.5,-18.5212188836,139.27758987048));
#5586 = CARTESIAN_POINT('',(30.5,-18.26797650954,139.49983065299));
#5587 = CARTESIAN_POINT('',(30.5,-18.01130984327,139.72002656317));
#5588 = CARTESIAN_POINT('',(30.5,-17.75118702081,139.93813056859));
#5589 = CARTESIAN_POINT('',(30.5,-17.27621041759,140.32726349609));
#5590 = CARTESIAN_POINT('',(30.5,-17.06260234585,140.49905560614));
#5591 = CARTESIAN_POINT('',(30.5,-16.84673827635,140.66944762709));
#5592 = CARTESIAN_POINT('',(30.5,-16.62860367645,140.83841441235));
#5593 = CARTESIAN_POINT('',(30.5,-16.40818115705,141.00592758472));
#5594 = CARTESIAN_POINT('',(30.5,-16.18544870422,141.17195447871));
#5595 = CARTESIAN_POINT('',(30.5,-15.96038086035,141.33645897709));
#5596 = CARTESIAN_POINT('',(30.5,-15.36532253725,141.76280020824));
#5597 = CARTESIAN_POINT('',(30.5,-14.99153211718,142.02211577061));
#5598 = CARTESIAN_POINT('',(30.5,-14.61146578935,142.27719776176));
#5599 = CARTESIAN_POINT('',(30.5,-14.22501263827,142.52787104645));
#5600 = CARTESIAN_POINT('',(30.5,-13.83200669302,142.77390067538));
#5601 = CARTESIAN_POINT('',(30.5,-13.43234706973,143.01507421585));
#5602 = CARTESIAN_POINT('',(30.5,-13.02586091147,143.25110457559));
#5603 = CARTESIAN_POINT('',(30.5,-12.12076708036,143.75585953218));
#5604 = CARTESIAN_POINT('',(30.5,-11.61931350136,144.02230663021));
#5605 = CARTESIAN_POINT('',(30.5,-11.10771711469,144.28053806977));
#5606 = CARTESIAN_POINT('',(30.5,-10.58572994013,144.52997176647));
#5607 = CARTESIAN_POINT('',(30.5,-10.05309821013,144.76988419121));
#5608 = CARTESIAN_POINT('',(30.5,-9.509663994287,144.99950018827));
#5609 = CARTESIAN_POINT('',(30.5,-8.95529427526,145.21792855352));
#5610 = CARTESIAN_POINT('',(30.5,-7.434744359733,145.77270872818));
#5611 = CARTESIAN_POINT('',(30.5,-6.447073932331,146.08692708639));
#5612 = CARTESIAN_POINT('',(30.5,-5.427779884325,146.36159453291));
#5613 = CARTESIAN_POINT('',(30.5,-4.37910636385,146.59081980323));
#5614 = CARTESIAN_POINT('',(30.5,-3.304864688215,146.76854494358));
#5615 = CARTESIAN_POINT('',(30.5,-2.210822763922,146.88935875563));
#5616 = CARTESIAN_POINT('',(30.5,-1.105307611995,146.94974379292));
#5617 = CARTESIAN_POINT('',(30.5,-7.105427357601E-15,146.94974379292));
#5618 = PCURVE('',#3935,#5619);
#5619 = DEFINITIONAL_REPRESENTATION('',(#5620),#5658);
#5620 = B_SPLINE_CURVE_WITH_KNOTS('',8,(#5621,#5622,#5623,#5624,#5625,
    #5626,#5627,#5628,#5629,#5630,#5631,#5632,#5633,#5634,#5635,#5636,
    #5637,#5638,#5639,#5640,#5641,#5642,#5643,#5644,#5645,#5646,#5647,
    #5648,#5649,#5650,#5651,#5652,#5653,#5654,#5655,#5656,#5657),
  .UNSPECIFIED.,.F.,.F.,(9,7,7,7,7,9),(0.,0.138069074434,0.248776768545,
    0.427732322821,0.640510335492,1.),.UNSPECIFIED.);
#5621 = CARTESIAN_POINT('',(11.,-138.3687490175));
#5622 = CARTESIAN_POINT('',(11.239580517165,-138.5988822499));
#5623 = CARTESIAN_POINT('',(11.482575595528,-138.827080749));
#5624 = CARTESIAN_POINT('',(11.728976458365,-139.0533248951));
#5625 = CARTESIAN_POINT('',(11.978781116393,-139.2775898704));
#5626 = CARTESIAN_POINT('',(12.232023490451,-139.4998306529));
#5627 = CARTESIAN_POINT('',(12.488690156725,-139.7200265631));
#5628 = CARTESIAN_POINT('',(12.748812979185,-139.9381305685));
#5629 = CARTESIAN_POINT('',(13.223789582401,-140.327263496));
#5630 = CARTESIAN_POINT('',(13.437397654146,-140.4990556061));
#5631 = CARTESIAN_POINT('',(13.653261723647,-140.669447627));
#5632 = CARTESIAN_POINT('',(13.87139632355,-140.8384144123));
#5633 = CARTESIAN_POINT('',(14.091818842943,-141.0059275847));
#5634 = CARTESIAN_POINT('',(14.314551295771,-141.1719544787));
#5635 = CARTESIAN_POINT('',(14.539619139644,-141.336458977));
#5636 = CARTESIAN_POINT('',(15.13467746275,-141.7628002082));
#5637 = CARTESIAN_POINT('',(15.508467882814,-142.0221157706));
#5638 = CARTESIAN_POINT('',(15.888534210642,-142.2771977617));
#5639 = CARTESIAN_POINT('',(16.274987361721,-142.5278710464));
#5640 = CARTESIAN_POINT('',(16.667993306975,-142.7739006753));
#5641 = CARTESIAN_POINT('',(17.067652930262,-143.0150742158));
#5642 = CARTESIAN_POINT('',(17.474139088525,-143.2511045755));
#5643 = CARTESIAN_POINT('',(18.37923291964,-143.7558595321));
#5644 = CARTESIAN_POINT('',(18.880686498635,-144.0223066302));
#5645 = CARTESIAN_POINT('',(19.392282885306,-144.2805380697));
#5646 = CARTESIAN_POINT('',(19.914270059863,-144.5299717664));
#5647 = CARTESIAN_POINT('',(20.44690178987,-144.7698841912));
#5648 = CARTESIAN_POINT('',(20.990336005713,-144.9995001882));
#5649 = CARTESIAN_POINT('',(21.54470572474,-145.2179285535));
#5650 = CARTESIAN_POINT('',(23.065255640267,-145.7727087281));
#5651 = CARTESIAN_POINT('',(24.052926067669,-146.0869270863));
#5652 = CARTESIAN_POINT('',(25.072220115675,-146.3615945329));
#5653 = CARTESIAN_POINT('',(26.12089363615,-146.5908198032));
#5654 = CARTESIAN_POINT('',(27.195135311785,-146.7685449435));
#5655 = CARTESIAN_POINT('',(28.289177236078,-146.8893587556));
#5656 = CARTESIAN_POINT('',(29.394692388005,-146.9497437929));
#5657 = CARTESIAN_POINT('',(30.5,-146.9497437929));
#5658 = ( GEOMETRIC_REPRESENTATION_CONTEXT(2) 
PARAMETRIC_REPRESENTATION_CONTEXT() REPRESENTATION_CONTEXT('2D SPACE',''
  ) );
#5659 = PCURVE('',#4280,#5660);
#5660 = DEFINITIONAL_REPRESENTATION('',(#5661),#5699);
#5661 = B_SPLINE_CURVE_WITH_KNOTS('',8,(#5662,#5663,#5664,#5665,#5666,
    #5667,#5668,#5669,#5670,#5671,#5672,#5673,#5674,#5675,#5676,#5677,
    #5678,#5679,#5680,#5681,#5682,#5683,#5684,#5685,#5686,#5687,#5688,
    #5689,#5690,#5691,#5692,#5693,#5694,#5695,#5696,#5697,#5698),
  .UNSPECIFIED.,.F.,.F.,(9,7,7,7,7,9),(0.,0.138069074434,0.248776768545,
    0.427732322821,0.640510335492,1.),.UNSPECIFIED.);
#5662 = CARTESIAN_POINT('',(5.714337448758,11.143908142677));
#5663 = CARTESIAN_POINT('',(5.71991334023,11.40775089913));
#5664 = CARTESIAN_POINT('',(5.725614134723,11.670176409687));
#5665 = CARTESIAN_POINT('',(5.731442017361,11.931135308696));
#5666 = CARTESIAN_POINT('',(5.737399343086,12.190572323318));
#5667 = CARTESIAN_POINT('',(5.74348938616,12.448412559078));
#5668 = CARTESIAN_POINT('',(5.749714315073,12.704602137838));
#5669 = CARTESIAN_POINT('',(5.756077415281,12.959061662521));
#5670 = CARTESIAN_POINT('',(5.767797495965,13.414291860877));
#5671 = CARTESIAN_POINT('',(5.773103938752,13.615708498298));
#5672 = CARTESIAN_POINT('',(5.778503014931,13.815918309555));
#5673 = CARTESIAN_POINT('',(5.783996414419,14.014877933621));
#5674 = CARTESIAN_POINT('',(5.789585913577,14.212540190394));
#5675 = CARTESIAN_POINT('',(5.795273419435,14.408853052376));
#5676 = CARTESIAN_POINT('',(5.801060939391,14.603760352905));
#5677 = CARTESIAN_POINT('',(5.816470730261,15.10990026072));
#5678 = CARTESIAN_POINT('',(5.826257370411,15.418765247221));
#5679 = CARTESIAN_POINT('',(5.836319139874,15.723558380442));
#5680 = CARTESIAN_POINT('',(5.846664696578,16.024009420582));
#5681 = CARTESIAN_POINT('',(5.857304242309,16.319782990431));
#5682 = CARTESIAN_POINT('',(5.868246175914,16.610553935902));
#5683 = CARTESIAN_POINT('',(5.879500726552,16.895916609482));
#5684 = CARTESIAN_POINT('',(5.904842502473,17.507795262146));
#5685 = CARTESIAN_POINT('',(5.919061817818,17.831864978784));
#5686 = CARTESIAN_POINT('',(5.933752881889,18.14694113237));
#5687 = CARTESIAN_POINT('',(5.948930891205,18.45219852874));
#5688 = CARTESIAN_POINT('',(5.964610377012,18.746643139307));
#5689 = CARTESIAN_POINT('',(5.980801731581,19.029197702248));
#5690 = CARTESIAN_POINT('',(5.997512461686,19.298642198105));
#5691 = CARTESIAN_POINT('',(6.043859528946,19.984511958879));
#5692 = CARTESIAN_POINT('',(6.074497136995,20.374680007631));
#5693 = CARTESIAN_POINT('',(6.106636990768,20.717061526844));
#5694 = CARTESIAN_POINT('',(6.140188675076,21.003719180951));
#5695 = CARTESIAN_POINT('',(6.174974058579,21.226494435308));
#5696 = CARTESIAN_POINT('',(6.210699330593,21.378099205206));
#5697 = CARTESIAN_POINT('',(6.246945713344,21.45387432377));
#5698 = CARTESIAN_POINT('',(6.28318530718,21.45387432377));
#5699 = ( GEOMETRIC_REPRESENTATION_CONTEXT(2) 
PARAMETRIC_REPRESENTATION_CONTEXT() REPRESENTATION_CONTEXT('2D SPACE',''
  ) );
#5700 = ORIENTED_EDGE('',*,*,#5701,.F.);
#5701 = EDGE_CURVE('',#5276,#5577,#5702,.T.);
#5702 = SURFACE_CURVE('',#5703,(#5741,#5782),.PCURVE_S1.);
#5703 = B_SPLINE_CURVE_WITH_KNOTS('',8,(#5704,#5705,#5706,#5707,#5708,
    #5709,#5710,#5711,#5712,#5713,#5714,#5715,#5716,#5717,#5718,#5719,
    #5720,#5721,#5722,#5723,#5724,#5725,#5726,#5727,#5728,#5729,#5730,
    #5731,#5732,#5733,#5734,#5735,#5736,#5737,#5738,#5739,#5740),
  .UNSPECIFIED.,.F.,.F.,(9,7,7,7,7,9),(0.,0.138069074433,0.248776768543,
    0.427732322819,0.640510335491,1.),.UNSPECIFIED.);
#5704 = CARTESIAN_POINT('',(30.5,19.5,138.36874901754));
#5705 = CARTESIAN_POINT('',(30.5,19.260419482837,138.59888224999));
#5706 = CARTESIAN_POINT('',(30.5,19.017424404465,138.82708074904));
#5707 = CARTESIAN_POINT('',(30.5,18.771023541649,139.05332489508));
#5708 = CARTESIAN_POINT('',(30.5,18.521218883595,139.2775898705));
#5709 = CARTESIAN_POINT('',(30.5,18.267976509558,139.49983065297));
#5710 = CARTESIAN_POINT('',(30.5,18.011309843274,139.72002656317));
#5711 = CARTESIAN_POINT('',(30.5,17.751187020818,139.93813056858));
#5712 = CARTESIAN_POINT('',(30.5,17.276210417602,140.32726349609));
#5713 = CARTESIAN_POINT('',(30.5,17.062602345857,140.49905560614));
#5714 = CARTESIAN_POINT('',(30.5,16.846738276355,140.66944762709));
#5715 = CARTESIAN_POINT('',(30.5,16.628603676452,140.83841441235));
#5716 = CARTESIAN_POINT('',(30.5,16.40818115706,141.00592758472));
#5717 = CARTESIAN_POINT('',(30.5,16.185448704232,141.17195447871));
#5718 = CARTESIAN_POINT('',(30.5,15.960380860358,141.33645897709));
#5719 = CARTESIAN_POINT('',(30.5,15.365322537251,141.76280020824));
#5720 = CARTESIAN_POINT('',(30.5,14.9915321172,142.0221157706));
#5721 = CARTESIAN_POINT('',(30.5,14.611465789335,142.27719776176));
#5722 = CARTESIAN_POINT('',(30.5,14.225012638318,142.52787104644));
#5723 = CARTESIAN_POINT('',(30.5,13.832006693001,142.77390067538));
#5724 = CARTESIAN_POINT('',(30.5,13.432347069753,143.01507421584));
#5725 = CARTESIAN_POINT('',(30.5,13.025860911477,143.25110457559));
#5726 = CARTESIAN_POINT('',(30.5,12.120767080364,143.75585953218));
#5727 = CARTESIAN_POINT('',(30.5,11.619313501369,144.02230663021));
#5728 = CARTESIAN_POINT('',(30.5,11.107717114697,144.28053806977));
#5729 = CARTESIAN_POINT('',(30.5,10.585729940146,144.52997176646));
#5730 = CARTESIAN_POINT('',(30.5,10.05309821013,144.76988419121));
#5731 = CARTESIAN_POINT('',(30.5,9.509663994294,144.99950018827));
#5732 = CARTESIAN_POINT('',(30.5,8.955294275265,145.21792855352));
#5733 = CARTESIAN_POINT('',(30.5,7.43474435974,145.77270872818));
#5734 = CARTESIAN_POINT('',(30.5,6.447073932327,146.08692708639));
#5735 = CARTESIAN_POINT('',(30.5,5.427779884348,146.3615945329));
#5736 = CARTESIAN_POINT('',(30.5,4.379106363833,146.59081980324));
#5737 = CARTESIAN_POINT('',(30.5,3.304864688229,146.76854494358));
#5738 = CARTESIAN_POINT('',(30.5,2.21082276392,146.88935875563));
#5739 = CARTESIAN_POINT('',(30.5,1.105307611996,146.94974379292));
#5740 = CARTESIAN_POINT('',(30.5,0.,146.94974379292));
#5741 = PCURVE('',#3935,#5742);
#5742 = DEFINITIONAL_REPRESENTATION('',(#5743),#5781);
#5743 = B_SPLINE_CURVE_WITH_KNOTS('',8,(#5744,#5745,#5746,#5747,#5748,
    #5749,#5750,#5751,#5752,#5753,#5754,#5755,#5756,#5757,#5758,#5759,
    #5760,#5761,#5762,#5763,#5764,#5765,#5766,#5767,#5768,#5769,#5770,
    #5771,#5772,#5773,#5774,#5775,#5776,#5777,#5778,#5779,#5780),
  .UNSPECIFIED.,.F.,.F.,(9,7,7,7,7,9),(0.,0.138069074433,0.248776768543,
    0.427732322819,0.640510335491,1.),.UNSPECIFIED.);
#5744 = CARTESIAN_POINT('',(50.,-138.3687490175));
#5745 = CARTESIAN_POINT('',(49.760419482837,-138.5988822499));
#5746 = CARTESIAN_POINT('',(49.517424404465,-138.827080749));
#5747 = CARTESIAN_POINT('',(49.271023541649,-139.053324895));
#5748 = CARTESIAN_POINT('',(49.021218883595,-139.2775898705));
#5749 = CARTESIAN_POINT('',(48.767976509558,-139.4998306529));
#5750 = CARTESIAN_POINT('',(48.511309843274,-139.7200265631));
#5751 = CARTESIAN_POINT('',(48.251187020818,-139.9381305685));
#5752 = CARTESIAN_POINT('',(47.776210417602,-140.327263496));
#5753 = CARTESIAN_POINT('',(47.562602345857,-140.4990556061));
#5754 = CARTESIAN_POINT('',(47.346738276355,-140.669447627));
#5755 = CARTESIAN_POINT('',(47.128603676452,-140.8384144123));
#5756 = CARTESIAN_POINT('',(46.90818115706,-141.0059275847));
#5757 = CARTESIAN_POINT('',(46.685448704232,-141.1719544787));
#5758 = CARTESIAN_POINT('',(46.460380860358,-141.336458977));
#5759 = CARTESIAN_POINT('',(45.865322537251,-141.7628002082));
#5760 = CARTESIAN_POINT('',(45.4915321172,-142.0221157706));
#5761 = CARTESIAN_POINT('',(45.111465789335,-142.2771977617));
#5762 = CARTESIAN_POINT('',(44.725012638318,-142.5278710464));
#5763 = CARTESIAN_POINT('',(44.332006693001,-142.7739006753));
#5764 = CARTESIAN_POINT('',(43.932347069753,-143.0150742158));
#5765 = CARTESIAN_POINT('',(43.525860911477,-143.2511045755));
#5766 = CARTESIAN_POINT('',(42.620767080364,-143.7558595321));
#5767 = CARTESIAN_POINT('',(42.119313501369,-144.0223066302));
#5768 = CARTESIAN_POINT('',(41.607717114697,-144.2805380697));
#5769 = CARTESIAN_POINT('',(41.085729940146,-144.5299717664));
#5770 = CARTESIAN_POINT('',(40.55309821013,-144.7698841912));
#5771 = CARTESIAN_POINT('',(40.009663994294,-144.9995001882));
#5772 = CARTESIAN_POINT('',(39.455294275265,-145.2179285535));
#5773 = CARTESIAN_POINT('',(37.93474435974,-145.7727087281));
#5774 = CARTESIAN_POINT('',(36.947073932327,-146.0869270863));
#5775 = CARTESIAN_POINT('',(35.927779884348,-146.3615945329));
#5776 = CARTESIAN_POINT('',(34.879106363833,-146.5908198032));
#5777 = CARTESIAN_POINT('',(33.804864688229,-146.7685449435));
#5778 = CARTESIAN_POINT('',(32.71082276392,-146.8893587556));
#5779 = CARTESIAN_POINT('',(31.605307611996,-146.9497437929));
#5780 = CARTESIAN_POINT('',(30.5,-146.9497437929));
#5781 = ( GEOMETRIC_REPRESENTATION_CONTEXT(2) 
PARAMETRIC_REPRESENTATION_CONTEXT() REPRESENTATION_CONTEXT('2D SPACE',''
  ) );
#5782 = PCURVE('',#4280,#5783);
#5783 = DEFINITIONAL_REPRESENTATION('',(#5784),#5822);
#5784 = B_SPLINE_CURVE_WITH_KNOTS('',8,(#5785,#5786,#5787,#5788,#5789,
    #5790,#5791,#5792,#5793,#5794,#5795,#5796,#5797,#5798,#5799,#5800,
    #5801,#5802,#5803,#5804,#5805,#5806,#5807,#5808,#5809,#5810,#5811,
    #5812,#5813,#5814,#5815,#5816,#5817,#5818,#5819,#5820,#5821),
  .UNSPECIFIED.,.F.,.F.,(9,7,7,7,7,9),(0.,0.138069074433,0.248776768543,
    0.427732322819,0.640510335491,1.),.UNSPECIFIED.);
#5785 = CARTESIAN_POINT('',(0.568847858421,11.143908142677));
#5786 = CARTESIAN_POINT('',(0.56327196695,11.407750899128));
#5787 = CARTESIAN_POINT('',(0.557571172456,11.670176409695));
#5788 = CARTESIAN_POINT('',(0.551743289819,11.93113530868));
#5789 = CARTESIAN_POINT('',(0.545785964093,12.190572323334));
#5790 = CARTESIAN_POINT('',(0.53969592102,12.448412559065));
#5791 = CARTESIAN_POINT('',(0.533470992107,12.704602137839));
#5792 = CARTESIAN_POINT('',(0.527107891899,12.959061662518));
#5793 = CARTESIAN_POINT('',(0.515387811215,13.414291860874));
#5794 = CARTESIAN_POINT('',(0.510081368427,13.615708498296));
#5795 = CARTESIAN_POINT('',(0.504682292249,13.815918309552));
#5796 = CARTESIAN_POINT('',(0.49918889276,14.014877933619));
#5797 = CARTESIAN_POINT('',(0.493599393603,14.212540190392));
#5798 = CARTESIAN_POINT('',(0.487911887745,14.408853052373));
#5799 = CARTESIAN_POINT('',(0.482124367788,14.603760352902));
#5800 = CARTESIAN_POINT('',(0.466714576918,15.109900260719));
#5801 = CARTESIAN_POINT('',(0.456927936769,15.418765247213));
#5802 = CARTESIAN_POINT('',(0.446866167306,15.72355838045));
#5803 = CARTESIAN_POINT('',(0.436520610602,16.024009420567));
#5804 = CARTESIAN_POINT('',(0.42588106487,16.319782990439));
#5805 = CARTESIAN_POINT('',(0.414939131265,16.610553935894));
#5806 = CARTESIAN_POINT('',(0.403684580628,16.895916609481));
#5807 = CARTESIAN_POINT('',(0.378342804707,17.507795262143));
#5808 = CARTESIAN_POINT('',(0.364123489361,17.831864978783));
#5809 = CARTESIAN_POINT('',(0.349432425291,18.146941132362));
#5810 = CARTESIAN_POINT('',(0.334254415975,18.452198528744));
#5811 = CARTESIAN_POINT('',(0.318574930168,18.7466431393));
#5812 = CARTESIAN_POINT('',(0.302383575599,19.029197702246));
#5813 = CARTESIAN_POINT('',(0.285672845493,19.298642198102));
#5814 = CARTESIAN_POINT('',(0.239325778234,19.984511958876));
#5815 = CARTESIAN_POINT('',(0.208688170185,20.374680007634));
#5816 = CARTESIAN_POINT('',(0.176548316412,20.717061526831));
#5817 = CARTESIAN_POINT('',(0.142996632103,21.003719180966));
#5818 = CARTESIAN_POINT('',(0.108211248601,21.226494435297));
#5819 = CARTESIAN_POINT('',(7.24859765861E-02,21.378099205209));
#5820 = CARTESIAN_POINT('',(3.623959383593E-02,21.45387432377));
#5821 = CARTESIAN_POINT('',(0.,21.45387432377));
#5822 = ( GEOMETRIC_REPRESENTATION_CONTEXT(2) 
PARAMETRIC_REPRESENTATION_CONTEXT() REPRESENTATION_CONTEXT('2D SPACE',''
  ) );
#5823 = ORIENTED_EDGE('',*,*,#5275,.F.);
#5824 = ADVANCED_FACE('',(#5825),#3908,.T.);
#5825 = FACE_BOUND('',#5826,.T.);
#5826 = EDGE_LOOP('',(#5827,#5850,#5851,#5852));
#5827 = ORIENTED_EDGE('',*,*,#5828,.F.);
#5828 = EDGE_CURVE('',#3866,#5829,#5831,.T.);
#5829 = VERTEX_POINT('',#5830);
#5830 = CARTESIAN_POINT('',(19.5,-30.5,138.36874901754));
#5831 = SURFACE_CURVE('',#5832,(#5836,#5843),.PCURVE_S1.);
#5832 = LINE('',#5833,#5834);
#5833 = CARTESIAN_POINT('',(19.5,-30.5,0.));
#5834 = VECTOR('',#5835,1.);
#5835 = DIRECTION('',(0.,0.,1.));
#5836 = PCURVE('',#3908,#5837);
#5837 = DEFINITIONAL_REPRESENTATION('',(#5838),#5842);
#5838 = LINE('',#5839,#5840);
#5839 = CARTESIAN_POINT('',(0.,0.));
#5840 = VECTOR('',#5841,1.);
#5841 = DIRECTION('',(0.,1.));
#5842 = ( GEOMETRIC_REPRESENTATION_CONTEXT(2) 
PARAMETRIC_REPRESENTATION_CONTEXT() REPRESENTATION_CONTEXT('2D SPACE',''
  ) );
#5843 = PCURVE('',#3880,#5844);
#5844 = DEFINITIONAL_REPRESENTATION('',(#5845),#5849);
#5845 = LINE('',#5846,#5847);
#5846 = CARTESIAN_POINT('',(50.,0.));
#5847 = VECTOR('',#5848,1.);
#5848 = DIRECTION('',(0.,-1.));
#5849 = ( GEOMETRIC_REPRESENTATION_CONTEXT(2) 
PARAMETRIC_REPRESENTATION_CONTEXT() REPRESENTATION_CONTEXT('2D SPACE',''
  ) );
#5850 = ORIENTED_EDGE('',*,*,#3891,.T.);
#5851 = ORIENTED_EDGE('',*,*,#5553,.T.);
#5852 = ORIENTED_EDGE('',*,*,#5853,.T.);
#5853 = EDGE_CURVE('',#5554,#5829,#5854,.T.);
#5854 = SURFACE_CURVE('',#5855,(#5935,#6018),.PCURVE_S1.);
#5855 = B_SPLINE_CURVE_WITH_KNOTS('',8,(#5856,#5857,#5858,#5859,#5860,
    #5861,#5862,#5863,#5864,#5865,#5866,#5867,#5868,#5869,#5870,#5871,
    #5872,#5873,#5874,#5875,#5876,#5877,#5878,#5879,#5880,#5881,#5882,
    #5883,#5884,#5885,#5886,#5887,#5888,#5889,#5890,#5891,#5892,#5893,
    #5894,#5895,#5896,#5897,#5898,#5899,#5900,#5901,#5902,#5903,#5904,
    #5905,#5906,#5907,#5908,#5909,#5910,#5911,#5912,#5913,#5914,#5915,
    #5916,#5917,#5918,#5919,#5920,#5921,#5922,#5923,#5924,#5925,#5926,
    #5927,#5928,#5929,#5930,#5931,#5932,#5933,#5934),.UNSPECIFIED.,.F.,
  .F.,(9,7,7,7,7,7,7,7,7,7,7,9),(0.,7.162754712336E-02,0.185764245484,
    0.245876808681,0.309845166775,0.416575928076,0.558862884829,
    0.665713662183,0.731711691306,0.823521829675,0.9128795856,1.),
  .UNSPECIFIED.);
#5856 = CARTESIAN_POINT('',(30.5,-19.5,138.36874901754));
#5857 = CARTESIAN_POINT('',(30.5,-19.61309107958,138.26011741422));
#5858 = CARTESIAN_POINT('',(30.498671219716,-19.72688357544,
    138.15164661558));
#5859 = CARTESIAN_POINT('',(30.495984776583,-19.84138802539,
    138.0433478877));
#5860 = CARTESIAN_POINT('',(30.491910042605,-19.95661511352,
    137.93523339491));
#5861 = CARTESIAN_POINT('',(30.486414328006,-20.07257710657,
    137.82731675445));
#5862 = CARTESIAN_POINT('',(30.479462573801,-20.1892883302,
    137.71961321823));
#5863 = CARTESIAN_POINT('',(30.471017053268,-20.30676468542,
    137.61213948198));
#5864 = CARTESIAN_POINT('',(30.445134249176,-20.61346259379,
    137.33405060771));
#5865 = CARTESIAN_POINT('',(30.425335613985,-20.80388102653,
    137.1638216703));
#5866 = CARTESIAN_POINT('',(30.401477133831,-20.99634731802,
    136.99429201001));
#5867 = CARTESIAN_POINT('',(30.373371734474,-21.19095131807,
    136.82554906842));
#5868 = CARTESIAN_POINT('',(30.340816545392,-21.38776015397,
    136.65768682707));
#5869 = CARTESIAN_POINT('',(30.303566191036,-21.58691478899,
    136.49084211241));
#5870 = CARTESIAN_POINT('',(30.261350328467,-21.78851479792,
    136.32515152516));
#5871 = CARTESIAN_POINT('',(30.188813070177,-22.10028251361,
    136.07423321086));
#5872 = CARTESIAN_POINT('',(30.162320360448,-22.20855870192,
    135.98804315257));
#5873 = CARTESIAN_POINT('',(30.13431052098,-22.31758072057,
    135.90225109968));
#5874 = CARTESIAN_POINT('',(30.10473166026,-22.42737291763,
    135.81688685884));
#5875 = CARTESIAN_POINT('',(30.07352742094,-22.53796133652,
    135.73198426833));
#5876 = CARTESIAN_POINT('',(30.040636060093,-22.64937442666,
    135.6475816103));
#5877 = CARTESIAN_POINT('',(30.005989529479,-22.76164375407,
    135.5637220231));
#5878 = CARTESIAN_POINT('',(29.930695842776,-22.99522414333,
    135.39184474498));
#5879 = CARTESIAN_POINT('',(29.889807652502,-23.11664890995,
    135.30390840343));
#5880 = CARTESIAN_POINT('',(29.846756926815,-23.23912293837,
    135.21670042101));
#5881 = CARTESIAN_POINT('',(29.801444019495,-23.36269064776,
    135.13028731909));
#5882 = CARTESIAN_POINT('',(29.753759803253,-23.48739780535,
    135.04474718235));
#5883 = CARTESIAN_POINT('',(29.703583619906,-23.61329311087,
    134.96017078109));
#5884 = CARTESIAN_POINT('',(29.650780073719,-23.74043050991,
    134.87666324181));
#5885 = CARTESIAN_POINT('',(29.502450804355,-24.08317636472,
    134.65700096372));
#5886 = CARTESIAN_POINT('',(29.402057165908,-24.30089297345,
    134.52311038734));
#5887 = CARTESIAN_POINT('',(29.293216937802,-24.52254406851,
    134.39306908879));
#5888 = CARTESIAN_POINT('',(29.175047452917,-24.74848810309,
    134.26758574843));
#5889 = CARTESIAN_POINT('',(29.046589188588,-24.97891068426,
    134.14768756819));
#5890 = CARTESIAN_POINT('',(28.906797070838,-25.21385232694,
    134.03473775937));
#5891 = CARTESIAN_POINT('',(28.754506119674,-25.4532421542,
    133.93046370644));
#5892 = CARTESIAN_POINT('',(28.366872196481,-26.02174484497,
    133.71238444681));
#5893 = CARTESIAN_POINT('',(28.116052360021,-26.36108776092,
    133.60432649408));
#5894 = CARTESIAN_POINT('',(27.837292372759,-26.70567042872,
    133.522916894));
#5895 = CARTESIAN_POINT('',(27.533208416737,-27.04685757547,
    133.47646499216));
#5896 = CARTESIAN_POINT('',(27.208236532119,-27.37678260253,
    133.4703755983));
#5897 = CARTESIAN_POINT('',(26.869014905338,-27.68816773397,
    133.50525133829));
#5898 = CARTESIAN_POINT('',(26.525520896729,-27.97462100055,
    133.57569280603));
#5899 = CARTESIAN_POINT('',(25.94060578565,-28.42291961618,
    133.7424983388));
#5900 = CARTESIAN_POINT('',(25.692433988917,-28.60004972838,
    133.82878900525));
#5901 = CARTESIAN_POINT('',(25.448056028299,-28.76283967106,
    133.92718620784));
#5902 = CARTESIAN_POINT('',(25.208125989209,-28.91236338337,
    134.03527090011));
#5903 = CARTESIAN_POINT('',(24.97295760821,-29.04975103495,
    134.15105133476));
#5904 = CARTESIAN_POINT('',(24.742552857026,-29.1761240107,
    134.27301025969));
#5905 = CARTESIAN_POINT('',(24.516589080795,-29.29258783487,
    134.40009285908));
#5906 = CARTESIAN_POINT('',(24.157171343481,-29.46664463539,
    134.61303957413));
#5907 = CARTESIAN_POINT('',(24.02149292597,-29.52966629398,
    134.69601831201));
#5908 = CARTESIAN_POINT('',(23.887296160335,-29.58946494402,
    134.78047782581));
#5909 = CARTESIAN_POINT('',(23.754516267869,-29.64622693823,
    134.86625624639));
#5910 = CARTESIAN_POINT('',(23.623093723059,-29.7001174099,
    134.95321553786));
#5911 = CARTESIAN_POINT('',(23.492970770853,-29.75128531543,
    135.04123866465));
#5912 = CARTESIAN_POINT('',(23.364089107297,-29.7998664869,
    135.13022776417));
#5913 = CARTESIAN_POINT('',(23.05874417782,-29.91013992968,
    135.3451295997));
#5914 = CARTESIAN_POINT('',(22.883406457274,-29.96952148419,
    135.47185708071));
#5915 = CARTESIAN_POINT('',(22.710218096111,-30.02446269454,
    135.60006223889));
#5916 = CARTESIAN_POINT('',(22.539073903088,-30.07523419577,
    135.72957211826));
#5917 = CARTESIAN_POINT('',(22.369838528654,-30.12208392368,
    135.86021734469));
#5918 = CARTESIAN_POINT('',(22.2024380771,-30.16521345298,
    135.99188216358));
#5919 = CARTESIAN_POINT('',(22.03677370558,-30.20481158978,
    136.1244570367));
#5920 = CARTESIAN_POINT('',(21.713134349745,-30.27630555051,
    136.38770275536));
#5921 = CARTESIAN_POINT('',(21.555080598598,-30.30837706817,
    136.51832230036));
#5922 = CARTESIAN_POINT('',(21.398530305929,-30.33740837059,
    136.64963927035));
#5923 = CARTESIAN_POINT('',(21.243426013982,-30.36353143713,
    136.78158511103));
#5924 = CARTESIAN_POINT('',(21.089711926476,-30.38686460812,
    136.91409767128));
#5925 = CARTESIAN_POINT('',(20.937338588282,-30.40751422306,
    137.04712311891));
#5926 = CARTESIAN_POINT('',(20.786267562443,-30.42557552872,
    137.1806179669));
#5927 = CARTESIAN_POINT('',(20.490400455216,-30.45630731892,
    137.44511557848));
#5928 = CARTESIAN_POINT('',(20.345544303838,-30.46910119919,
    137.57609533136));
#5929 = CARTESIAN_POINT('',(20.201855301328,-30.47959875542,
    137.70744609665));
#5930 = CARTESIAN_POINT('',(20.059306879368,-30.48787307557,
    137.83913671158));
#5931 = CARTESIAN_POINT('',(19.917870071709,-30.49399119287,
    137.97113705064));
#5932 = CARTESIAN_POINT('',(19.777518893201,-30.49801466287,
    138.10342015602));
#5933 = CARTESIAN_POINT('',(19.638235636136,-30.5,138.23596437311));
#5934 = CARTESIAN_POINT('',(19.5,-30.5,138.36874901754));
#5935 = PCURVE('',#3908,#5936);
#5936 = DEFINITIONAL_REPRESENTATION('',(#5937),#6017);
#5937 = B_SPLINE_CURVE_WITH_KNOTS('',8,(#5938,#5939,#5940,#5941,#5942,
    #5943,#5944,#5945,#5946,#5947,#5948,#5949,#5950,#5951,#5952,#5953,
    #5954,#5955,#5956,#5957,#5958,#5959,#5960,#5961,#5962,#5963,#5964,
    #5965,#5966,#5967,#5968,#5969,#5970,#5971,#5972,#5973,#5974,#5975,
    #5976,#5977,#5978,#5979,#5980,#5981,#5982,#5983,#5984,#5985,#5986,
    #5987,#5988,#5989,#5990,#5991,#5992,#5993,#5994,#5995,#5996,#5997,
    #5998,#5999,#6000,#6001,#6002,#6003,#6004,#6005,#6006,#6007,#6008,
    #6009,#6010,#6011,#6012,#6013,#6014,#6015,#6016),.UNSPECIFIED.,.F.,
  .F.,(9,7,7,7,7,7,7,7,7,7,7,9),(0.,7.162754712336E-02,0.185764245484,
    0.245876808681,0.309845166775,0.416575928076,0.558862884829,
    0.665713662183,0.731711691306,0.823521829675,0.9128795856,1.),
  .UNSPECIFIED.);
#5938 = CARTESIAN_POINT('',(1.570796326795,138.36874901754));
#5939 = CARTESIAN_POINT('',(1.56051531956,138.26011741422));
#5940 = CARTESIAN_POINT('',(1.550170547207,138.15164661558));
#5941 = CARTESIAN_POINT('',(1.539759395871,138.0433478877));
#5942 = CARTESIAN_POINT('',(1.529279151951,137.93523339491));
#5943 = CARTESIAN_POINT('',(1.518726861487,137.82731675445));
#5944 = CARTESIAN_POINT('',(1.50809927373,137.71961321823));
#5945 = CARTESIAN_POINT('',(1.497392868901,137.61213948198));
#5946 = CARTESIAN_POINT('',(1.469412130759,137.33405060771));
#5947 = CARTESIAN_POINT('',(1.452011323074,137.1638216703));
#5948 = CARTESIAN_POINT('',(1.434386228945,136.99429201001));
#5949 = CARTESIAN_POINT('',(1.416518735311,136.82554906842));
#5950 = CARTESIAN_POINT('',(1.398391726082,136.65768682707));
#5951 = CARTESIAN_POINT('',(1.379979807268,136.49084211241));
#5952 = CARTESIAN_POINT('',(1.361259622781,136.32515152516));
#5953 = CARTESIAN_POINT('',(1.332160083948,136.07423321086));
#5954 = CARTESIAN_POINT('',(1.322027089181,135.98804315257));
#5955 = CARTESIAN_POINT('',(1.311795255862,135.90225109968));
#5956 = CARTESIAN_POINT('',(1.301459699568,135.81688685884));
#5957 = CARTESIAN_POINT('',(1.291015152486,135.73198426833));
#5958 = CARTESIAN_POINT('',(1.280455852923,135.6475816103));
#5959 = CARTESIAN_POINT('',(1.269775434803,135.5637220231));
#5960 = CARTESIAN_POINT('',(1.247464903342,135.39184474498));
#5961 = CARTESIAN_POINT('',(1.235818227011,135.30390840343));
#5962 = CARTESIAN_POINT('',(1.224018131299,135.21670042101));
#5963 = CARTESIAN_POINT('',(1.212055426254,135.13028731909));
#5964 = CARTESIAN_POINT('',(1.199920251361,135.04474718235));
#5965 = CARTESIAN_POINT('',(1.187601817076,134.96017078109));
#5966 = CARTESIAN_POINT('',(1.175088025397,134.87666324181));
#5967 = CARTESIAN_POINT('',(1.141136639011,134.65700096372));
#5968 = CARTESIAN_POINT('',(1.119347397883,134.52311038734));
#5969 = CARTESIAN_POINT('',(1.096910329195,134.39306908879));
#5970 = CARTESIAN_POINT('',(1.073745891776,134.26758574843));
#5971 = CARTESIAN_POINT('',(1.049781229258,134.14768756819));
#5972 = CARTESIAN_POINT('',(1.024945979258,134.03473775937));
#5973 = CARTESIAN_POINT('',(0.999165855589,133.93046370644));
#5974 = CARTESIAN_POINT('',(0.936613043665,133.71238444681));
#5975 = CARTESIAN_POINT('',(0.898279298622,133.60432649408));
#5976 = CARTESIAN_POINT('',(0.858051731812,133.522916894));
#5977 = CARTESIAN_POINT('',(0.816599899942,133.47646499216));
#5978 = CARTESIAN_POINT('',(0.774605548684,133.4703755983));
#5979 = CARTESIAN_POINT('',(0.732824108891,133.50525133829));
#5980 = CARTESIAN_POINT('',(0.692198300986,133.57569280603));
#5981 = CARTESIAN_POINT('',(0.625202721019,133.7424983388));
#5982 = CARTESIAN_POINT('',(0.597500565401,133.82878900525));
#5983 = CARTESIAN_POINT('',(0.570828994961,133.92718620784));
#5984 = CARTESIAN_POINT('',(0.545150700077,134.03527090011));
#5985 = CARTESIAN_POINT('',(0.52040956601,134.15105133476));
#5986 = CARTESIAN_POINT('',(0.496533425263,134.27301025969));
#5987 = CARTESIAN_POINT('',(0.473430456897,134.40009285908));
#5988 = CARTESIAN_POINT('',(0.43712631469,134.61303957413));
#5989 = CARTESIAN_POINT('',(0.4235280254,134.69601831201));
#5990 = CARTESIAN_POINT('',(0.410174614579,134.78047782581));
#5991 = CARTESIAN_POINT('',(0.397049980599,134.86625624639));
#5992 = CARTESIAN_POINT('',(0.384139786828,134.95321553786));
#5993 = CARTESIAN_POINT('',(0.371430863657,135.04123866465));
#5994 = CARTESIAN_POINT('',(0.358910814321,135.13022776417));
#5995 = CARTESIAN_POINT('',(0.329397438989,135.3451295997));
#5996 = CARTESIAN_POINT('',(0.312571703961,135.47185708071));
#5997 = CARTESIAN_POINT('',(0.296059148233,135.60006223889));
#5998 = CARTESIAN_POINT('',(0.279836006988,135.72957211826));
#5999 = CARTESIAN_POINT('',(0.263877542182,135.86021734469));
#6000 = CARTESIAN_POINT('',(0.248166403475,135.99188216358));
#6001 = CARTESIAN_POINT('',(0.232684047282,136.1244570367));
#6002 = CARTESIAN_POINT('',(0.202552953671,136.38770275536));
#6003 = CARTESIAN_POINT('',(0.18789377864,136.51832230036));
#6004 = CARTESIAN_POINT('',(0.173422679637,136.64963927035));
#6005 = CARTESIAN_POINT('',(0.159127538428,136.78158511103));
#6006 = CARTESIAN_POINT('',(0.144997093904,136.91409767128));
#6007 = CARTESIAN_POINT('',(0.13102124068,137.04712311891));
#6008 = CARTESIAN_POINT('',(0.117191368092,137.1806179669));
#6009 = CARTESIAN_POINT('',(9.014965130376E-02,137.44511557848));
#6010 = CARTESIAN_POINT('',(7.693121661963E-02,137.57609533136));
#6011 = CARTESIAN_POINT('',(6.383626094001E-02,137.70744609665));
#6012 = CARTESIAN_POINT('',(5.085836936331E-02,137.83913671158));
#6013 = CARTESIAN_POINT('',(3.799121270764E-02,137.97113705064));
#6014 = CARTESIAN_POINT('',(2.522899021531E-02,138.10342015602));
#6015 = CARTESIAN_POINT('',(1.25668760124E-02,138.23596437311));
#6016 = CARTESIAN_POINT('',(0.,138.36874901754));
#6017 = ( GEOMETRIC_REPRESENTATION_CONTEXT(2) 
PARAMETRIC_REPRESENTATION_CONTEXT() REPRESENTATION_CONTEXT('2D SPACE',''
  ) );
#6018 = PCURVE('',#4280,#6019);
#6019 = DEFINITIONAL_REPRESENTATION('',(#6020),#6100);
#6020 = B_SPLINE_CURVE_WITH_KNOTS('',8,(#6021,#6022,#6023,#6024,#6025,
    #6026,#6027,#6028,#6029,#6030,#6031,#6032,#6033,#6034,#6035,#6036,
    #6037,#6038,#6039,#6040,#6041,#6042,#6043,#6044,#6045,#6046,#6047,
    #6048,#6049,#6050,#6051,#6052,#6053,#6054,#6055,#6056,#6057,#6058,
    #6059,#6060,#6061,#6062,#6063,#6064,#6065,#6066,#6067,#6068,#6069,
    #6070,#6071,#6072,#6073,#6074,#6075,#6076,#6077,#6078,#6079,#6080,
    #6081,#6082,#6083,#6084,#6085,#6086,#6087,#6088,#6089,#6090,#6091,
    #6092,#6093,#6094,#6095,#6096,#6097,#6098,#6099),.UNSPECIFIED.,.F.,
  .F.,(9,7,7,7,7,7,7,7,7,7,7,9),(0.,7.162754712336E-02,0.185764245484,
    0.245876808681,0.309845166775,0.416575928076,0.558862884829,
    0.665713662183,0.731711691306,0.823521829675,0.9128795856,1.),
  .UNSPECIFIED.);
#6021 = CARTESIAN_POINT('',(5.714337448758,11.143908142677));
#6022 = CARTESIAN_POINT('',(5.711705416765,11.019364367082));
#6023 = CARTESIAN_POINT('',(5.709047411939,10.895183398652));
#6024 = CARTESIAN_POINT('',(5.706362774244,10.771377498202));
#6025 = CARTESIAN_POINT('',(5.703650811172,10.647959931969));
#6026 = CARTESIAN_POINT('',(5.7009107604,10.524945452993));
#6027 = CARTESIAN_POINT('',(5.69814177433,10.402350466658));
#6028 = CARTESIAN_POINT('',(5.695342926506,10.280192880396));
#6029 = CARTESIAN_POINT('',(5.688004205354,9.964563762001));
#6030 = CARTESIAN_POINT('',(5.683416996337,9.771800785684));
#6031 = CARTESIAN_POINT('',(5.678747549937,9.580272993132));
#6032 = CARTESIAN_POINT('',(5.673990996616,9.390073957389));
#6033 = CARTESIAN_POINT('',(5.669142689002,9.201303969848));
#6034 = CARTESIAN_POINT('',(5.664195683736,9.014108730638));
#6035 = CARTESIAN_POINT('',(5.659143516571,8.828632741762));
#6036 = CARTESIAN_POINT('',(5.651256263447,8.548386587399));
#6037 = CARTESIAN_POINT('',(5.648503722934,8.452238729395));
#6038 = CARTESIAN_POINT('',(5.64571830708,8.356650053458));
#6039 = CARTESIAN_POINT('',(5.642898653818,8.261652043019));
#6040 = CARTESIAN_POINT('',(5.640043289856,8.167280444299));
#6041 = CARTESIAN_POINT('',(5.637150599703,8.073575682267));
#6042 = CARTESIAN_POINT('',(5.634218794699,7.980583276589));
#6043 = CARTESIAN_POINT('',(5.628082278114,7.790209400654));
#6044 = CARTESIAN_POINT('',(5.624872236692,7.692932398222));
#6045 = CARTESIAN_POINT('',(5.621613322803,7.596581855657));
#6046 = CARTESIAN_POINT('',(5.618302943865,7.501228118122));
#6047 = CARTESIAN_POINT('',(5.614938312871,7.406953791249));
#6048 = CARTESIAN_POINT('',(5.611516376962,7.313854855885));
#6049 = CARTESIAN_POINT('',(5.608033711404,7.222042376916));
#6050 = CARTESIAN_POINT('',(5.598567679418,6.980817087078));
#6051 = CARTESIAN_POINT('',(5.592474992741,6.834082492235));
#6052 = CARTESIAN_POINT('',(5.586183871542,6.691848334229));
#6053 = CARTESIAN_POINT('',(5.579671744032,6.554866172875));
#6054 = CARTESIAN_POINT('',(5.572917892972,6.424221819644));
#6055 = CARTESIAN_POINT('',(5.565902423224,6.301355517379));
#6056 = CARTESIAN_POINT('',(5.558604604534,6.18809641512));
#6057 = CARTESIAN_POINT('',(5.540864281465,5.95151387166));
#6058 = CARTESIAN_POINT('',(5.5299685111,5.834533056406));
#6059 = CARTESIAN_POINT('',(5.51851164374,5.746590587376));
#6060 = CARTESIAN_POINT('',(5.506689505002,5.696503568699));
#6061 = CARTESIAN_POINT('',(5.494706063148,5.689920360358));
#6062 = CARTESIAN_POINT('',(5.482788749349,5.727518900413));
#6063 = CARTESIAN_POINT('',(5.471216063904,5.803633002968));
#6064 = CARTESIAN_POINT('',(5.452163571985,5.984209223885));
#6065 = CARTESIAN_POINT('',(5.444296423419,6.077704324532));
#6066 = CARTESIAN_POINT('',(5.43673510462,6.184443920417));
#6067 = CARTESIAN_POINT('',(5.42946996632,6.301868972592));
#6068 = CARTESIAN_POINT('',(5.422485432231,6.427868594703));
#6069 = CARTESIAN_POINT('',(5.415761057779,6.560833365859));
#6070 = CARTESIAN_POINT('',(5.40927078215,6.699650212703));
#6071 = CARTESIAN_POINT('',(5.399099143277,6.932722546742));
#6072 = CARTESIAN_POINT('',(5.395295803734,7.02364902087));
#6073 = CARTESIAN_POINT('',(5.39156762743,7.116308984082));
#6074 = CARTESIAN_POINT('',(5.387910052246,7.210531425034));
#6075 = CARTESIAN_POINT('',(5.384319014836,7.306170410857));
#6076 = CARTESIAN_POINT('',(5.38079078447,7.40310217921));
#6077 = CARTESIAN_POINT('',(5.377321855065,7.501223328378));
#6078 = CARTESIAN_POINT('',(5.369161112667,7.738484895995));
#6079 = CARTESIAN_POINT('',(5.364522196517,7.878643470469));
#6080 = CARTESIAN_POINT('',(5.359983266694,8.02069042832));
#6081 = CARTESIAN_POINT('',(5.355537615597,8.164440601602));
#6082 = CARTESIAN_POINT('',(5.3511783072,8.309718690041));
#6083 = CARTESIAN_POINT('',(5.346900474094,8.456399572323));
#6084 = CARTESIAN_POINT('',(5.342698950167,8.60436888886));
#6085 = CARTESIAN_POINT('',(5.33455001715,8.898730062085));
#6086 = CARTESIAN_POINT('',(5.330599029503,9.045050082066));
#6087 = CARTESIAN_POINT('',(5.326712383729,9.19241630267));
#6088 = CARTESIAN_POINT('',(5.322886734123,9.340756124628));
#6089 = CARTESIAN_POINT('',(5.319118995161,9.490003467043));
#6090 = CARTESIAN_POINT('',(5.315406417001,9.640100936962));
#6091 = CARTESIAN_POINT('',(5.311746673146,9.791002120396));
#6092 = CARTESIAN_POINT('',(5.304618732661,10.090531565814));
#6093 = CARTESIAN_POINT('',(5.301148090782,10.239120186258));
#6094 = CARTESIAN_POINT('',(5.297723577612,10.388392271764));
#6095 = CARTESIAN_POINT('',(5.29434349004,10.53831405083));
#6096 = CARTESIAN_POINT('',(5.291006167841,10.688853271781));
#6097 = CARTESIAN_POINT('',(5.287710107016,10.839980998833));
#6098 = CARTESIAN_POINT('',(5.284454074138,10.991673429647));
#6099 = CARTESIAN_POINT('',(5.281236838806,11.143908142677));
#6100 = ( GEOMETRIC_REPRESENTATION_CONTEXT(2) 
PARAMETRIC_REPRESENTATION_CONTEXT() REPRESENTATION_CONTEXT('2D SPACE',''
  ) );
#6101 = ADVANCED_FACE('',(#6102),#3880,.F.);
#6102 = FACE_BOUND('',#6103,.F.);
#6103 = EDGE_LOOP('',(#6104,#6105,#6106,#6376));
#6104 = ORIENTED_EDGE('',*,*,#3865,.F.);
#6105 = ORIENTED_EDGE('',*,*,#4067,.T.);
#6106 = ORIENTED_EDGE('',*,*,#6107,.T.);
#6107 = EDGE_CURVE('',#4068,#5829,#6108,.T.);
#6108 = SURFACE_CURVE('',#6109,(#6196,#6286),.PCURVE_S1.);
#6109 = B_SPLINE_CURVE_WITH_KNOTS('',8,(#6110,#6111,#6112,#6113,#6114,
    #6115,#6116,#6117,#6118,#6119,#6120,#6121,#6122,#6123,#6124,#6125,
    #6126,#6127,#6128,#6129,#6130,#6131,#6132,#6133,#6134,#6135,#6136,
    #6137,#6138,#6139,#6140,#6141,#6142,#6143,#6144,#6145,#6146,#6147,
    #6148,#6149,#6150,#6151,#6152,#6153,#6154,#6155,#6156,#6157,#6158,
    #6159,#6160,#6161,#6162,#6163,#6164,#6165,#6166,#6167,#6168,#6169,
    #6170,#6171,#6172,#6173,#6174,#6175,#6176,#6177,#6178,#6179,#6180,
    #6181,#6182,#6183,#6184,#6185,#6186,#6187,#6188,#6189,#6190,#6191,
    #6192,#6193,#6194,#6195),.UNSPECIFIED.,.F.,.F.,(9,7,7,7,7,7,7,7,7,7,
    7,7,9),(0.,6.901861220267E-02,0.12435969013,0.213816826369,
    0.320181290694,0.390827312606,0.500400550849,0.57447033765,
    0.680100734244,0.774759275558,0.83639350801,0.921286113009,1.),
  .UNSPECIFIED.);
#6110 = CARTESIAN_POINT('',(-19.5,-30.5,138.36874901754));
#6111 = CARTESIAN_POINT('',(-19.26041948283,-30.5,138.59888224999));
#6112 = CARTESIAN_POINT('',(-19.01742440446,-30.5,138.82708074904));
#6113 = CARTESIAN_POINT('',(-18.77102354165,-30.5,139.05332489509));
#6114 = CARTESIAN_POINT('',(-18.52121888358,-30.5,139.27758987049));
#6115 = CARTESIAN_POINT('',(-18.26797650956,-30.5,139.49983065298));
#6116 = CARTESIAN_POINT('',(-18.01130984326,-30.5,139.72002656318));
#6117 = CARTESIAN_POINT('',(-17.75118702081,-30.5,139.93813056858));
#6118 = CARTESIAN_POINT('',(-17.2762104176,-30.5,140.32726349609));
#6119 = CARTESIAN_POINT('',(-17.06260234585,-30.5,140.49905560614));
#6120 = CARTESIAN_POINT('',(-16.84673827635,-30.5,140.66944762709));
#6121 = CARTESIAN_POINT('',(-16.62860367645,-30.5,140.83841441235));
#6122 = CARTESIAN_POINT('',(-16.40818115705,-30.5,141.00592758472));
#6123 = CARTESIAN_POINT('',(-16.18544870422,-30.5,141.17195447872));
#6124 = CARTESIAN_POINT('',(-15.96038086035,-30.5,141.33645897709));
#6125 = CARTESIAN_POINT('',(-15.36532253724,-30.5,141.76280020824));
#6126 = CARTESIAN_POINT('',(-14.9915321172,-30.5,142.0221157706));
#6127 = CARTESIAN_POINT('',(-14.61146578932,-30.5,142.27719776178));
#6128 = CARTESIAN_POINT('',(-14.22501263831,-30.5,142.52787104643));
#6129 = CARTESIAN_POINT('',(-13.83200669299,-30.5,142.77390067539));
#6130 = CARTESIAN_POINT('',(-13.43234706974,-30.5,143.01507421584));
#6131 = CARTESIAN_POINT('',(-13.02586091147,-30.5,143.25110457559));
#6132 = CARTESIAN_POINT('',(-12.12076708035,-30.5,143.75585953218));
#6133 = CARTESIAN_POINT('',(-11.61931350138,-30.5,144.02230663021));
#6134 = CARTESIAN_POINT('',(-11.10771711466,-30.5,144.28053806979));
#6135 = CARTESIAN_POINT('',(-10.58572994017,-30.5,144.52997176645));
#6136 = CARTESIAN_POINT('',(-10.0530982101,-30.5,144.76988419122));
#6137 = CARTESIAN_POINT('',(-9.5096639943,-30.5,144.99950018826));
#6138 = CARTESIAN_POINT('',(-8.955294275257,-30.5,145.21792855352));
#6139 = CARTESIAN_POINT('',(-8.014422044563,-30.5,145.56121045117));
#6140 = CARTESIAN_POINT('',(-7.634089215211,-30.5,145.69284614878));
#6141 = CARTESIAN_POINT('',(-7.248930329538,-30.5,145.81882448571));
#6142 = CARTESIAN_POINT('',(-6.858979358996,-30.5,145.93883685976));
#6143 = CARTESIAN_POINT('',(-6.464308852516,-30.5,146.05255738825));
#6144 = CARTESIAN_POINT('',(-6.065034418661,-30.5,146.15964870671));
#6145 = CARTESIAN_POINT('',(-5.661320460919,-30.5,146.25976929266));
#6146 = CARTESIAN_POINT('',(-4.620675360314,-30.5,146.49653696432));
#6147 = CARTESIAN_POINT('',(-3.977622224333,-30.5,146.62295548423));
#6148 = CARTESIAN_POINT('',(-3.325305326477,-30.5,146.73050396623));
#6149 = CARTESIAN_POINT('',(-2.665038488404,-30.5,146.81794123008));
#6150 = CARTESIAN_POINT('',(-1.998395497845,-30.5,146.88419825368));
#6151 = CARTESIAN_POINT('',(-1.327237671593,-30.5,146.92846786986));
#6152 = CARTESIAN_POINT('',(-0.653745268761,-30.5,146.95030472939));
#6153 = CARTESIAN_POINT('',(0.474682402746,-30.5,146.94935076072));
#6154 = CARTESIAN_POINT('',(0.929826094768,-30.5,146.93872724582));
#6155 = CARTESIAN_POINT('',(1.384236400544,-30.5,146.91786480083));
#6156 = CARTESIAN_POINT('',(1.837225991996,-30.5,146.88685606361));
#6157 = CARTESIAN_POINT('',(2.288159724929,-30.5,146.8458751702));
#6158 = CARTESIAN_POINT('',(2.736452229811,-30.5,146.7951664303));
#6159 = CARTESIAN_POINT('',(3.181565502533,-30.5,146.73503300281));
#6160 = CARTESIAN_POINT('',(4.252542357804,-30.5,146.56712934506));
#6161 = CARTESIAN_POINT('',(4.874632708278,-30.5,146.44997517606));
#6162 = CARTESIAN_POINT('',(5.488013221563,-30.5,146.31535277993));
#6163 = CARTESIAN_POINT('',(6.091772822297,-30.5,146.16439222417));
#6164 = CARTESIAN_POINT('',(6.685288808652,-30.5,145.99826844035));
#6165 = CARTESIAN_POINT('',(7.268177159204,-30.5,145.81812831229));
#6166 = CARTESIAN_POINT('',(7.840258022819,-30.5,145.62504034046));
#6167 = CARTESIAN_POINT('',(8.904514638034,-30.5,145.23619445464));
#6168 = CARTESIAN_POINT('',(9.398795527571,-30.5,145.0428043447));
#6169 = CARTESIAN_POINT('',(9.884414249089,-30.5,144.84048116841));
#6170 = CARTESIAN_POINT('',(10.361447261657,-30.5,144.62985398131));
#6171 = CARTESIAN_POINT('',(10.830011015936,-30.5,144.41149594896));
#6172 = CARTESIAN_POINT('',(11.290258358439,-30.5,144.18592147606));
#6173 = CARTESIAN_POINT('',(11.742372618607,-30.5,143.95358079441));
#6174 = CARTESIAN_POINT('',(12.47577902695,-30.5,143.55941051189));
#6175 = CARTESIAN_POINT('',(12.761628173191,-30.5,143.40126640795));
#6176 = CARTESIAN_POINT('',(13.04415781207,-30.5,143.2405272425));
#6177 = CARTESIAN_POINT('',(13.323419718554,-30.5,143.07729432533));
#6178 = CARTESIAN_POINT('',(13.599463839691,-30.5,142.91166086643));
#6179 = CARTESIAN_POINT('',(13.872337468666,-30.5,142.7437113195));
#6180 = CARTESIAN_POINT('',(14.142086201138,-30.5,142.57352193364));
#6181 = CARTESIAN_POINT('',(14.776058256214,-30.5,142.16376132235));
#6182 = CARTESIAN_POINT('',(15.137513967766,-30.5,141.92224788885));
#6183 = CARTESIAN_POINT('',(15.493240042639,-30.5,141.67680011042));
#6184 = CARTESIAN_POINT('',(15.843369426253,-30.5,141.42759735296));
#6185 = CARTESIAN_POINT('',(16.187944219143,-30.5,141.17474934519));
#6186 = CARTESIAN_POINT('',(16.527096768451,-30.5,140.91841254246));
#6187 = CARTESIAN_POINT('',(16.860878118484,-30.5,140.6586827552));
#6188 = CARTESIAN_POINT('',(17.493920615256,-30.5,140.1517647706));
#6189 = CARTESIAN_POINT('',(17.793923411173,-30.5,139.90504385693));
#6190 = CARTESIAN_POINT('',(18.089398223429,-30.5,139.65555650914));
#6191 = CARTESIAN_POINT('',(18.380422192946,-30.5,139.40338972377));
#6192 = CARTESIAN_POINT('',(18.666965846863,-30.5,139.14857200364));
#6193 = CARTESIAN_POINT('',(18.949074939004,-30.5,138.89116606059));
#6194 = CARTESIAN_POINT('',(19.226758151837,-30.5,138.6312162269));
#6195 = CARTESIAN_POINT('',(19.5,-30.5,138.36874901754));
#6196 = PCURVE('',#3880,#6197);
#6197 = DEFINITIONAL_REPRESENTATION('',(#6198),#6285);
#6198 = B_SPLINE_CURVE_WITH_KNOTS('',8,(#6199,#6200,#6201,#6202,#6203,
    #6204,#6205,#6206,#6207,#6208,#6209,#6210,#6211,#6212,#6213,#6214,
    #6215,#6216,#6217,#6218,#6219,#6220,#6221,#6222,#6223,#6224,#6225,
    #6226,#6227,#6228,#6229,#6230,#6231,#6232,#6233,#6234,#6235,#6236,
    #6237,#6238,#6239,#6240,#6241,#6242,#6243,#6244,#6245,#6246,#6247,
    #6248,#6249,#6250,#6251,#6252,#6253,#6254,#6255,#6256,#6257,#6258,
    #6259,#6260,#6261,#6262,#6263,#6264,#6265,#6266,#6267,#6268,#6269,
    #6270,#6271,#6272,#6273,#6274,#6275,#6276,#6277,#6278,#6279,#6280,
    #6281,#6282,#6283,#6284),.UNSPECIFIED.,.F.,.F.,(9,7,7,7,7,7,7,7,7,7,
    7,7,9),(0.,6.901861220267E-02,0.12435969013,0.213816826369,
    0.320181290694,0.390827312606,0.500400550849,0.57447033765,
    0.680100734244,0.774759275558,0.83639350801,0.921286113009,1.),
  .UNSPECIFIED.);
#6199 = CARTESIAN_POINT('',(11.,-138.3687490175));
#6200 = CARTESIAN_POINT('',(11.239580517164,-138.5988822499));
#6201 = CARTESIAN_POINT('',(11.482575595538,-138.827080749));
#6202 = CARTESIAN_POINT('',(11.728976458344,-139.053324895));
#6203 = CARTESIAN_POINT('',(11.978781116418,-139.2775898704));
#6204 = CARTESIAN_POINT('',(12.232023490433,-139.4998306529));
#6205 = CARTESIAN_POINT('',(12.488690156733,-139.7200265631));
#6206 = CARTESIAN_POINT('',(12.748812979184,-139.9381305685));
#6207 = CARTESIAN_POINT('',(13.2237895824,-140.327263496));
#6208 = CARTESIAN_POINT('',(13.437397654147,-140.4990556061));
#6209 = CARTESIAN_POINT('',(13.653261723647,-140.669447627));
#6210 = CARTESIAN_POINT('',(13.87139632355,-140.8384144123));
#6211 = CARTESIAN_POINT('',(14.091818842943,-141.0059275847));
#6212 = CARTESIAN_POINT('',(14.314551295772,-141.1719544787));
#6213 = CARTESIAN_POINT('',(14.539619139644,-141.336458977));
#6214 = CARTESIAN_POINT('',(15.134677462754,-141.7628002082));
#6215 = CARTESIAN_POINT('',(15.508467882799,-142.0221157706));
#6216 = CARTESIAN_POINT('',(15.888534210672,-142.2771977617));
#6217 = CARTESIAN_POINT('',(16.274987361685,-142.5278710464));
#6218 = CARTESIAN_POINT('',(16.667993307001,-142.7739006753));
#6219 = CARTESIAN_POINT('',(17.067652930251,-143.0150742158));
#6220 = CARTESIAN_POINT('',(17.474139088527,-143.2511045755));
#6221 = CARTESIAN_POINT('',(18.379232919643,-143.7558595321));
#6222 = CARTESIAN_POINT('',(18.88068649862,-144.0223066302));
#6223 = CARTESIAN_POINT('',(19.392282885336,-144.2805380697));
#6224 = CARTESIAN_POINT('',(19.914270059826,-144.5299717664));
#6225 = CARTESIAN_POINT('',(20.446901789899,-144.7698841912));
#6226 = CARTESIAN_POINT('',(20.9903360057,-144.9995001882));
#6227 = CARTESIAN_POINT('',(21.544705724743,-145.2179285535));
#6228 = CARTESIAN_POINT('',(22.485577955437,-145.5612104511));
#6229 = CARTESIAN_POINT('',(22.865910784789,-145.6928461487));
#6230 = CARTESIAN_POINT('',(23.251069670462,-145.8188244857));
#6231 = CARTESIAN_POINT('',(23.641020641004,-145.9388368597));
#6232 = CARTESIAN_POINT('',(24.035691147484,-146.0525573882));
#6233 = CARTESIAN_POINT('',(24.434965581339,-146.1596487067));
#6234 = CARTESIAN_POINT('',(24.838679539081,-146.2597692926));
#6235 = CARTESIAN_POINT('',(25.879324639686,-146.4965369643));
#6236 = CARTESIAN_POINT('',(26.522377775667,-146.6229554842));
#6237 = CARTESIAN_POINT('',(27.174694673523,-146.7305039662));
#6238 = CARTESIAN_POINT('',(27.834961511596,-146.81794123));
#6239 = CARTESIAN_POINT('',(28.501604502155,-146.8841982536));
#6240 = CARTESIAN_POINT('',(29.172762328407,-146.9284678698));
#6241 = CARTESIAN_POINT('',(29.846254731239,-146.9503047293));
#6242 = CARTESIAN_POINT('',(30.974682402746,-146.9493507607));
#6243 = CARTESIAN_POINT('',(31.429826094768,-146.9387272458));
#6244 = CARTESIAN_POINT('',(31.884236400544,-146.9178648008));
#6245 = CARTESIAN_POINT('',(32.337225991996,-146.8868560636));
#6246 = CARTESIAN_POINT('',(32.788159724929,-146.8458751702));
#6247 = CARTESIAN_POINT('',(33.236452229811,-146.7951664303));
#6248 = CARTESIAN_POINT('',(33.681565502533,-146.7350330028));
#6249 = CARTESIAN_POINT('',(34.752542357804,-146.567129345));
#6250 = CARTESIAN_POINT('',(35.374632708278,-146.449975176));
#6251 = CARTESIAN_POINT('',(35.988013221563,-146.3153527799));
#6252 = CARTESIAN_POINT('',(36.591772822297,-146.1643922241));
#6253 = CARTESIAN_POINT('',(37.185288808652,-145.9982684403));
#6254 = CARTESIAN_POINT('',(37.768177159204,-145.8181283122));
#6255 = CARTESIAN_POINT('',(38.340258022819,-145.6250403404));
#6256 = CARTESIAN_POINT('',(39.404514638034,-145.2361944546));
#6257 = CARTESIAN_POINT('',(39.898795527571,-145.0428043447));
#6258 = CARTESIAN_POINT('',(40.384414249089,-144.8404811684));
#6259 = CARTESIAN_POINT('',(40.861447261657,-144.6298539813));
#6260 = CARTESIAN_POINT('',(41.330011015936,-144.4114959489));
#6261 = CARTESIAN_POINT('',(41.790258358439,-144.185921476));
#6262 = CARTESIAN_POINT('',(42.242372618607,-143.9535807944));
#6263 = CARTESIAN_POINT('',(42.97577902695,-143.5594105118));
#6264 = CARTESIAN_POINT('',(43.261628173191,-143.4012664079));
#6265 = CARTESIAN_POINT('',(43.54415781207,-143.2405272425));
#6266 = CARTESIAN_POINT('',(43.823419718554,-143.0772943253));
#6267 = CARTESIAN_POINT('',(44.099463839691,-142.9116608664));
#6268 = CARTESIAN_POINT('',(44.372337468666,-142.7437113195));
#6269 = CARTESIAN_POINT('',(44.642086201138,-142.5735219336));
#6270 = CARTESIAN_POINT('',(45.276058256214,-142.1637613223));
#6271 = CARTESIAN_POINT('',(45.637513967766,-141.9222478888));
#6272 = CARTESIAN_POINT('',(45.993240042639,-141.6768001104));
#6273 = CARTESIAN_POINT('',(46.343369426253,-141.4275973529));
#6274 = CARTESIAN_POINT('',(46.687944219143,-141.1747493451));
#6275 = CARTESIAN_POINT('',(47.027096768451,-140.9184125424));
#6276 = CARTESIAN_POINT('',(47.360878118484,-140.6586827552));
#6277 = CARTESIAN_POINT('',(47.993920615256,-140.1517647706));
#6278 = CARTESIAN_POINT('',(48.293923411173,-139.9050438569));
#6279 = CARTESIAN_POINT('',(48.589398223429,-139.6555565091));
#6280 = CARTESIAN_POINT('',(48.880422192946,-139.4033897237));
#6281 = CARTESIAN_POINT('',(49.166965846863,-139.1485720036));
#6282 = CARTESIAN_POINT('',(49.449074939004,-138.8911660605));
#6283 = CARTESIAN_POINT('',(49.726758151837,-138.6312162269));
#6284 = CARTESIAN_POINT('',(50.,-138.3687490175));
#6285 = ( GEOMETRIC_REPRESENTATION_CONTEXT(2) 
PARAMETRIC_REPRESENTATION_CONTEXT() REPRESENTATION_CONTEXT('2D SPACE',''
  ) );
#6286 = PCURVE('',#4280,#6287);
#6287 = DEFINITIONAL_REPRESENTATION('',(#6288),#6375);
#6288 = B_SPLINE_CURVE_WITH_KNOTS('',8,(#6289,#6290,#6291,#6292,#6293,
    #6294,#6295,#6296,#6297,#6298,#6299,#6300,#6301,#6302,#6303,#6304,
    #6305,#6306,#6307,#6308,#6309,#6310,#6311,#6312,#6313,#6314,#6315,
    #6316,#6317,#6318,#6319,#6320,#6321,#6322,#6323,#6324,#6325,#6326,
    #6327,#6328,#6329,#6330,#6331,#6332,#6333,#6334,#6335,#6336,#6337,
    #6338,#6339,#6340,#6341,#6342,#6343,#6344,#6345,#6346,#6347,#6348,
    #6349,#6350,#6351,#6352,#6353,#6354,#6355,#6356,#6357,#6358,#6359,
    #6360,#6361,#6362,#6363,#6364,#6365,#6366,#6367,#6368,#6369,#6370,
    #6371,#6372,#6373,#6374),.UNSPECIFIED.,.F.,.F.,(9,7,7,7,7,7,7,7,7,7,
    7,7,9),(0.,6.901861220267E-02,0.12435969013,0.213816826369,
    0.320181290694,0.390827312606,0.500400550849,0.57447033765,
    0.680100734244,0.774759275558,0.83639350801,0.921286113009,1.),
  .UNSPECIFIED.);
#6289 = CARTESIAN_POINT('',(4.143541121963,11.143908142677));
#6290 = CARTESIAN_POINT('',(4.149117013435,11.407750899128));
#6291 = CARTESIAN_POINT('',(4.154817807929,11.670176409697));
#6292 = CARTESIAN_POINT('',(4.160645690565,11.931135308675));
#6293 = CARTESIAN_POINT('',(4.166603016291,12.190572323344));
#6294 = CARTESIAN_POINT('',(4.172693059365,12.448412559059));
#6295 = CARTESIAN_POINT('',(4.178917988278,12.704602137845));
#6296 = CARTESIAN_POINT('',(4.185281088486,12.959061662519));
#6297 = CARTESIAN_POINT('',(4.19700116917,13.414291860877));
#6298 = CARTESIAN_POINT('',(4.202307611958,13.615708498299));
#6299 = CARTESIAN_POINT('',(4.207706688136,13.815918309555));
#6300 = CARTESIAN_POINT('',(4.213200087624,14.014877933621));
#6301 = CARTESIAN_POINT('',(4.218789586782,14.212540190394));
#6302 = CARTESIAN_POINT('',(4.22447709264,14.408853052377));
#6303 = CARTESIAN_POINT('',(4.230264612597,14.603760352905));
#6304 = CARTESIAN_POINT('',(4.245674403466,15.109900260723));
#6305 = CARTESIAN_POINT('',(4.255461043616,15.418765247208));
#6306 = CARTESIAN_POINT('',(4.265522813079,15.723558380468));
#6307 = CARTESIAN_POINT('',(4.275868369782,16.024009420552));
#6308 = CARTESIAN_POINT('',(4.286507915515,16.319782990451));
#6309 = CARTESIAN_POINT('',(4.297449849119,16.610553935894));
#6310 = CARTESIAN_POINT('',(4.308704399757,16.895916609483));
#6311 = CARTESIAN_POINT('',(4.334046175678,17.507795262148));
#6312 = CARTESIAN_POINT('',(4.348265491023,17.831864978775));
#6313 = CARTESIAN_POINT('',(4.362956555095,18.146941132388));
#6314 = CARTESIAN_POINT('',(4.378134564409,18.452198528719));
#6315 = CARTESIAN_POINT('',(4.393814050218,18.746643139323));
#6316 = CARTESIAN_POINT('',(4.410005404786,19.029197702241));
#6317 = CARTESIAN_POINT('',(4.426716134892,19.298642198106));
#6318 = CARTESIAN_POINT('',(4.455394357233,19.723038533403));
#6319 = CARTESIAN_POINT('',(4.467069447825,19.88604172837));
#6320 = CARTESIAN_POINT('',(4.478974176912,20.042277404375));
#6321 = CARTESIAN_POINT('',(4.491107117634,20.191326524091));
#6322 = CARTESIAN_POINT('',(4.503464951173,20.33274786614));
#6323 = CARTESIAN_POINT('',(4.516042194921,20.46608564524));
#6324 = CARTESIAN_POINT('',(4.528830913276,20.590879310057));
#6325 = CARTESIAN_POINT('',(4.561967353532,20.886277500875));
#6326 = CARTESIAN_POINT('',(4.582603391908,21.044288641297));
#6327 = CARTESIAN_POINT('',(4.603680629721,21.178922077389));
#6328 = CARTESIAN_POINT('',(4.625137675303,21.288511424019));
#6329 = CARTESIAN_POINT('',(4.646898481557,21.371622663216));
#6330 = CARTESIAN_POINT('',(4.66887229559,21.427176076984));
#6331 = CARTESIAN_POINT('',(4.690954718257,21.454578223312));
#6332 = CARTESIAN_POINT('',(4.727952331635,21.453381121419));
#6333 = CARTESIAN_POINT('',(4.742874765976,21.440050161353));
#6334 = CARTESIAN_POINT('',(4.757762652603,21.413870651986));
#6335 = CARTESIAN_POINT('',(4.772583384463,21.374966457363));
#6336 = CARTESIAN_POINT('',(4.787306491726,21.323570593445));
#6337 = CARTESIAN_POINT('',(4.801903862046,21.260010092819));
#6338 = CARTESIAN_POINT('',(4.816349960818,21.184690869407));
#6339 = CARTESIAN_POINT('',(4.850975378456,20.974571121648));
#6340 = CARTESIAN_POINT('',(4.870975526886,20.828095737117));
#6341 = CARTESIAN_POINT('',(4.890561592594,20.659983352055));
#6342 = CARTESIAN_POINT('',(4.909689103907,20.471752732749));
#6343 = CARTESIAN_POINT('',(4.928327921181,20.264986322992));
#6344 = CARTESIAN_POINT('',(4.946460183168,20.041232792975));
#6345 = CARTESIAN_POINT('',(4.964078300185,19.80194030334));
#6346 = CARTESIAN_POINT('',(4.996511019237,19.321233831488));
#6347 = CARTESIAN_POINT('',(5.011426069101,19.082631036471));
#6348 = CARTESIAN_POINT('',(5.025929684703,18.833545605343));
#6349 = CARTESIAN_POINT('',(5.040026463362,18.574840719984));
#6350 = CARTESIAN_POINT('',(5.053723549359,18.307306233853));
#6351 = CARTESIAN_POINT('',(5.067030117603,18.031654378135));
#6352 = CARTESIAN_POINT('',(5.079956850292,17.74851417836));
#6353 = CARTESIAN_POINT('',(5.100692555383,17.2695409436));
#6354 = CARTESIAN_POINT('',(5.108713342128,17.077717862335));
#6355 = CARTESIAN_POINT('',(5.116580832511,16.883107997244));
#6356 = CARTESIAN_POINT('',(5.124298182627,16.685855169079));
#6357 = CARTESIAN_POINT('',(5.131868546242,16.486092753771));
#6358 = CARTESIAN_POINT('',(5.139295034268,16.283943192267));
#6359 = CARTESIAN_POINT('',(5.146580726432,16.079518616255));
#6360 = CARTESIAN_POINT('',(5.163574125553,15.588365223329));
#6361 = CARTESIAN_POINT('',(5.173158149897,15.299693734078));
#6362 = CARTESIAN_POINT('',(5.182488804256,15.007174512702));
#6363 = CARTESIAN_POINT('',(5.19157449337,14.711067851479));
#6364 = CARTESIAN_POINT('',(5.200421249912,14.411563461985));
#6365 = CARTESIAN_POINT('',(5.209037383767,14.1088877531));
#6366 = CARTESIAN_POINT('',(5.217429009063,13.803205936479));
#6367 = CARTESIAN_POINT('',(5.233181167297,13.208598402269));
#6368 = CARTESIAN_POINT('',(5.24057222405,12.920077148423));
#6369 = CARTESIAN_POINT('',(5.247780447775,12.629230419673));
#6370 = CARTESIAN_POINT('',(5.254811494065,12.336192797164));
#6371 = CARTESIAN_POINT('',(5.261668329699,12.041043396602));
#6372 = CARTESIAN_POINT('',(5.268355753682,11.743889745658));
#6373 = CARTESIAN_POINT('',(5.274877528338,11.444821101921));
#6374 = CARTESIAN_POINT('',(5.281236838806,11.143908142677));
#6375 = ( GEOMETRIC_REPRESENTATION_CONTEXT(2) 
PARAMETRIC_REPRESENTATION_CONTEXT() REPRESENTATION_CONTEXT('2D SPACE',''
  ) );
#6376 = ORIENTED_EDGE('',*,*,#5828,.F.);
#6377 = ADVANCED_FACE('',(#6378),#4280,.T.);
#6378 = FACE_BOUND('',#6379,.T.);
#6379 = EDGE_LOOP('',(#6380,#6381,#6432,#6459,#6460,#6461,#6462,#6463,
    #6464,#6465,#6466,#6467));
#6380 = ORIENTED_EDGE('',*,*,#5576,.T.);
#6381 = ORIENTED_EDGE('',*,*,#6382,.T.);
#6382 = EDGE_CURVE('',#5577,#6383,#6385,.T.);
#6383 = VERTEX_POINT('',#6384);
#6384 = CARTESIAN_POINT('',(21.,0.,158.));
#6385 = SEAM_CURVE('',#6386,(#6418,#6425),.PCURVE_S1.);
#6386 = B_SPLINE_CURVE_WITH_KNOTS('',3,(#6387,#6388,#6389,#6390,#6391,
    #6392,#6393,#6394,#6395,#6396,#6397,#6398,#6399,#6400,#6401,#6402,
    #6403,#6404,#6405,#6406,#6407,#6408,#6409,#6410,#6411,#6412,#6413,
    #6414,#6415,#6416,#6417),.UNSPECIFIED.,.F.,.F.,(4,1,1,1,1,1,1,1,1,1,
    1,1,1,1,1,1,1,1,1,1,1,1,1,1,1,1,1,1,4),(0.,1.079137619249,
    2.176126492164,3.290084335083,4.420701234616,5.567717650764,
    6.730894576073,7.910006408852,9.104838211355,10.315184273553,
    11.540847183495,12.781637137124,14.037371380985,15.307873738979,
    16.59297419806,17.892508538548,19.206318000156,20.53424897771,
    21.876152742253,23.231885184235,24.601306576216,25.984281352949,
    27.380677907083,28.790368398964,30.213228579239,31.649137623117,
    33.097977975282,34.559635204565,36.033997867583),.UNSPECIFIED.);
#6387 = CARTESIAN_POINT('',(40.077164466275,0.,128.));
#6388 = CARTESIAN_POINT('',(40.077164466275,0.,128.38594572704));
#6389 = CARTESIAN_POINT('',(39.954870665423,0.,129.06808231441));
#6390 = CARTESIAN_POINT('',(39.724060108557,0.,130.1543799429));
#6391 = CARTESIAN_POINT('',(39.41430295206,0.,131.22132897833));
#6392 = CARTESIAN_POINT('',(39.052468691528,0.,132.29367469741));
#6393 = CARTESIAN_POINT('',(38.641708744869,0.,133.36456803818));
#6394 = CARTESIAN_POINT('',(38.188151379988,0.,134.43587737092));
#6395 = CARTESIAN_POINT('',(37.695203239228,0.,135.50708824663));
#6396 = CARTESIAN_POINT('',(37.165844762927,0.,136.57833963495));
#6397 = CARTESIAN_POINT('',(36.602392443017,0.,137.64959225338));
#6398 = CARTESIAN_POINT('',(36.006793209294,0.,138.72085579949));
#6399 = CARTESIAN_POINT('',(35.380688765695,0.,139.79212674269));
#6400 = CARTESIAN_POINT('',(34.725494560072,0.,140.86340527382));
#6401 = CARTESIAN_POINT('',(34.042445393747,0.,141.93469065935));
#6402 = CARTESIAN_POINT('',(33.33263137543,0.,143.00598246539));
#6403 = CARTESIAN_POINT('',(32.597023895626,0.,144.07728032066));
#6404 = CARTESIAN_POINT('',(31.836496014424,0.,145.1485835642));
#6405 = CARTESIAN_POINT('',(31.051836976896,0.,146.21989288582));
#6406 = CARTESIAN_POINT('',(30.243768649917,0.,147.29120399287));
#6407 = CARTESIAN_POINT('',(29.412939984354,0.,148.36253162528));
#6408 = CARTESIAN_POINT('',(28.559993682173,0.,149.43381852473));
#6409 = CARTESIAN_POINT('',(27.685350872029,0.,150.5052802931));
#6410 = CARTESIAN_POINT('',(26.790057328408,0.,151.57609927189));
#6411 = CARTESIAN_POINT('',(25.872605001306,0.,152.6493699014));
#6412 = CARTESIAN_POINT('',(24.940984881657,0.,153.71337918441));
#6413 = CARTESIAN_POINT('',(23.967093817189,0.,154.81244661248));
#6414 = CARTESIAN_POINT('',(23.05924372686,0.,155.77891395612));
#6415 = CARTESIAN_POINT('',(21.809676314397,0.,157.24686676576));
#6416 = CARTESIAN_POINT('',(21.777997483951,-0.,156.96267002139));
#6417 = CARTESIAN_POINT('',(21.,0.,158.));
#6418 = PCURVE('',#4280,#6419);
#6419 = DEFINITIONAL_REPRESENTATION('',(#6420),#6424);
#6420 = LINE('',#6421,#6422);
#6421 = CARTESIAN_POINT('',(0.,0.));
#6422 = VECTOR('',#6423,1.);
#6423 = DIRECTION('',(0.,1.));
#6424 = ( GEOMETRIC_REPRESENTATION_CONTEXT(2) 
PARAMETRIC_REPRESENTATION_CONTEXT() REPRESENTATION_CONTEXT('2D SPACE',''
  ) );
#6425 = PCURVE('',#4280,#6426);
#6426 = DEFINITIONAL_REPRESENTATION('',(#6427),#6431);
#6427 = LINE('',#6428,#6429);
#6428 = CARTESIAN_POINT('',(6.28318530718,0.));
#6429 = VECTOR('',#6430,1.);
#6430 = DIRECTION('',(0.,1.));
#6431 = ( GEOMETRIC_REPRESENTATION_CONTEXT(2) 
PARAMETRIC_REPRESENTATION_CONTEXT() REPRESENTATION_CONTEXT('2D SPACE',''
  ) );
#6432 = ORIENTED_EDGE('',*,*,#6433,.F.);
#6433 = EDGE_CURVE('',#6383,#6383,#6434,.T.);
#6434 = SURFACE_CURVE('',#6435,(#6440,#6447),.PCURVE_S1.);
#6435 = CIRCLE('',#6436,21.);
#6436 = AXIS2_PLACEMENT_3D('',#6437,#6438,#6439);
#6437 = CARTESIAN_POINT('',(0.,0.,158.));
#6438 = DIRECTION('',(0.,0.,1.));
#6439 = DIRECTION('',(1.,0.,-0.));
#6440 = PCURVE('',#4280,#6441);
#6441 = DEFINITIONAL_REPRESENTATION('',(#6442),#6446);
#6442 = LINE('',#6443,#6444);
#6443 = CARTESIAN_POINT('',(0.,36.033997867583));
#6444 = VECTOR('',#6445,1.);
#6445 = DIRECTION('',(1.,0.));
#6446 = ( GEOMETRIC_REPRESENTATION_CONTEXT(2) 
PARAMETRIC_REPRESENTATION_CONTEXT() REPRESENTATION_CONTEXT('2D SPACE',''
  ) );
#6447 = PCURVE('',#6448,#6453);
#6448 = PLANE('',#6449);
#6449 = AXIS2_PLACEMENT_3D('',#6450,#6451,#6452);
#6450 = CARTESIAN_POINT('',(0.,0.,158.));
#6451 = DIRECTION('',(0.,0.,1.));
#6452 = DIRECTION('',(1.,0.,-0.));
#6453 = DEFINITIONAL_REPRESENTATION('',(#6454),#6458);
#6454 = CIRCLE('',#6455,21.);
#6455 = AXIS2_PLACEMENT_2D('',#6456,#6457);
#6456 = CARTESIAN_POINT('',(0.,0.));
#6457 = DIRECTION('',(1.,0.));
#6458 = ( GEOMETRIC_REPRESENTATION_CONTEXT(2) 
PARAMETRIC_REPRESENTATION_CONTEXT() REPRESENTATION_CONTEXT('2D SPACE',''
  ) );
#6459 = ORIENTED_EDGE('',*,*,#6382,.F.);
#6460 = ORIENTED_EDGE('',*,*,#5701,.F.);
#6461 = ORIENTED_EDGE('',*,*,#5300,.F.);
#6462 = ORIENTED_EDGE('',*,*,#5001,.T.);
#6463 = ORIENTED_EDGE('',*,*,#4725,.F.);
#6464 = ORIENTED_EDGE('',*,*,#4426,.T.);
#6465 = ORIENTED_EDGE('',*,*,#4114,.F.);
#6466 = ORIENTED_EDGE('',*,*,#6107,.T.);
#6467 = ORIENTED_EDGE('',*,*,#5853,.F.);
#6468 = ADVANCED_FACE('',(#6469,#6472),#6448,.T.);
#6469 = FACE_BOUND('',#6470,.T.);
#6470 = EDGE_LOOP('',(#6471));
#6471 = ORIENTED_EDGE('',*,*,#6433,.T.);
#6472 = FACE_BOUND('',#6473,.T.);
#6473 = EDGE_LOOP('',(#6474));
#6474 = ORIENTED_EDGE('',*,*,#6475,.T.);
#6475 = EDGE_CURVE('',#6476,#6476,#6478,.T.);
#6476 = VERTEX_POINT('',#6477);
#6477 = CARTESIAN_POINT('',(19.,0.,158.));
#6478 = SURFACE_CURVE('',#6479,(#6484,#6495),.PCURVE_S1.);
#6479 = CIRCLE('',#6480,19.);
#6480 = AXIS2_PLACEMENT_3D('',#6481,#6482,#6483);
#6481 = CARTESIAN_POINT('',(0.,0.,158.));
#6482 = DIRECTION('',(0.,0.,-1.));
#6483 = DIRECTION('',(1.,0.,0.));
#6484 = PCURVE('',#6448,#6485);
#6485 = DEFINITIONAL_REPRESENTATION('',(#6486),#6494);
#6486 = ( BOUNDED_CURVE() B_SPLINE_CURVE(2,(#6487,#6488,#6489,#6490,
#6491,#6492,#6493),.UNSPECIFIED.,.T.,.F.) B_SPLINE_CURVE_WITH_KNOTS((1,2
    ,2,2,2,1),(-2.094395102393,0.,2.094395102393,4.188790204786,
6.28318530718,8.377580409573),.UNSPECIFIED.) CURVE() 
GEOMETRIC_REPRESENTATION_ITEM() RATIONAL_B_SPLINE_CURVE((1.,0.5,1.,0.5,
1.,0.5,1.)) REPRESENTATION_ITEM('') );
#6487 = CARTESIAN_POINT('',(19.,0.));
#6488 = CARTESIAN_POINT('',(19.,-32.9089653438));
#6489 = CARTESIAN_POINT('',(-9.5,-16.4544826719));
#6490 = CARTESIAN_POINT('',(-38.,-4.65365783676E-15));
#6491 = CARTESIAN_POINT('',(-9.5,16.454482671904));
#6492 = CARTESIAN_POINT('',(19.,32.908965343809));
#6493 = CARTESIAN_POINT('',(19.,0.));
#6494 = ( GEOMETRIC_REPRESENTATION_CONTEXT(2) 
PARAMETRIC_REPRESENTATION_CONTEXT() REPRESENTATION_CONTEXT('2D SPACE',''
  ) );
#6495 = PCURVE('',#6496,#6501);
#6496 = CYLINDRICAL_SURFACE('',#6497,19.);
#6497 = AXIS2_PLACEMENT_3D('',#6498,#6499,#6500);
#6498 = CARTESIAN_POINT('',(0.,0.,154.));
#6499 = DIRECTION('',(-0.,-0.,-1.));
#6500 = DIRECTION('',(1.,0.,0.));
#6501 = DEFINITIONAL_REPRESENTATION('',(#6502),#6506);
#6502 = LINE('',#6503,#6504);
#6503 = CARTESIAN_POINT('',(-6.28318530718,-4.));
#6504 = VECTOR('',#6505,1.);
#6505 = DIRECTION('',(1.,-0.));
#6506 = ( GEOMETRIC_REPRESENTATION_CONTEXT(2) 
PARAMETRIC_REPRESENTATION_CONTEXT() REPRESENTATION_CONTEXT('2D SPACE',''
  ) );
#6507 = ADVANCED_FACE('',(#6508),#6496,.T.);
#6508 = FACE_BOUND('',#6509,.F.);
#6509 = EDGE_LOOP('',(#6510,#6533,#6534,#6535));
#6510 = ORIENTED_EDGE('',*,*,#6511,.F.);
#6511 = EDGE_CURVE('',#6476,#6512,#6514,.T.);
#6512 = VERTEX_POINT('',#6513);
#6513 = CARTESIAN_POINT('',(19.,0.,166.));
#6514 = SEAM_CURVE('',#6515,(#6519,#6526),.PCURVE_S1.);
#6515 = LINE('',#6516,#6517);
#6516 = CARTESIAN_POINT('',(19.,0.,154.));
#6517 = VECTOR('',#6518,1.);
#6518 = DIRECTION('',(0.,0.,1.));
#6519 = PCURVE('',#6496,#6520);
#6520 = DEFINITIONAL_REPRESENTATION('',(#6521),#6525);
#6521 = LINE('',#6522,#6523);
#6522 = CARTESIAN_POINT('',(-6.28318530718,0.));
#6523 = VECTOR('',#6524,1.);
#6524 = DIRECTION('',(-0.,-1.));
#6525 = ( GEOMETRIC_REPRESENTATION_CONTEXT(2) 
PARAMETRIC_REPRESENTATION_CONTEXT() REPRESENTATION_CONTEXT('2D SPACE',''
  ) );
#6526 = PCURVE('',#6496,#6527);
#6527 = DEFINITIONAL_REPRESENTATION('',(#6528),#6532);
#6528 = LINE('',#6529,#6530);
#6529 = CARTESIAN_POINT('',(-0.,0.));
#6530 = VECTOR('',#6531,1.);
#6531 = DIRECTION('',(-0.,-1.));
#6532 = ( GEOMETRIC_REPRESENTATION_CONTEXT(2) 
PARAMETRIC_REPRESENTATION_CONTEXT() REPRESENTATION_CONTEXT('2D SPACE',''
  ) );
#6533 = ORIENTED_EDGE('',*,*,#6475,.T.);
#6534 = ORIENTED_EDGE('',*,*,#6511,.T.);
#6535 = ORIENTED_EDGE('',*,*,#6536,.F.);
#6536 = EDGE_CURVE('',#6512,#6512,#6537,.T.);
#6537 = SURFACE_CURVE('',#6538,(#6543,#6550),.PCURVE_S1.);
#6538 = CIRCLE('',#6539,19.);
#6539 = AXIS2_PLACEMENT_3D('',#6540,#6541,#6542);
#6540 = CARTESIAN_POINT('',(0.,0.,166.));
#6541 = DIRECTION('',(0.,0.,-1.));
#6542 = DIRECTION('',(1.,0.,0.));
#6543 = PCURVE('',#6496,#6544);
#6544 = DEFINITIONAL_REPRESENTATION('',(#6545),#6549);
#6545 = LINE('',#6546,#6547);
#6546 = CARTESIAN_POINT('',(-6.28318530718,-12.));
#6547 = VECTOR('',#6548,1.);
#6548 = DIRECTION('',(1.,-0.));
#6549 = ( GEOMETRIC_REPRESENTATION_CONTEXT(2) 
PARAMETRIC_REPRESENTATION_CONTEXT() REPRESENTATION_CONTEXT('2D SPACE',''
  ) );
#6550 = PCURVE('',#6551,#6556);
#6551 = PLANE('',#6552);
#6552 = AXIS2_PLACEMENT_3D('',#6553,#6554,#6555);
#6553 = CARTESIAN_POINT('',(-5.088149330379E-16,1.157596192763E-15,166.)
  );
#6554 = DIRECTION('',(0.,0.,1.));
#6555 = DIRECTION('',(1.,0.,-0.));
#6556 = DEFINITIONAL_REPRESENTATION('',(#6557),#6565);
#6557 = ( BOUNDED_CURVE() B_SPLINE_CURVE(2,(#6558,#6559,#6560,#6561,
#6562,#6563,#6564),.UNSPECIFIED.,.T.,.F.) B_SPLINE_CURVE_WITH_KNOTS((1,2
    ,2,2,2,1),(-2.094395102393,0.,2.094395102393,4.188790204786,
6.28318530718,8.377580409573),.UNSPECIFIED.) CURVE() 
GEOMETRIC_REPRESENTATION_ITEM() RATIONAL_B_SPLINE_CURVE((1.,0.5,1.,0.5,
1.,0.5,1.)) REPRESENTATION_ITEM('') );
#6558 = CARTESIAN_POINT('',(19.,-1.157596192763E-15));
#6559 = CARTESIAN_POINT('',(19.,-32.9089653438));
#6560 = CARTESIAN_POINT('',(-9.5,-16.4544826719));
#6561 = CARTESIAN_POINT('',(-38.,-5.811254029523E-15));
#6562 = CARTESIAN_POINT('',(-9.5,16.454482671904));
#6563 = CARTESIAN_POINT('',(19.,32.908965343809));
#6564 = CARTESIAN_POINT('',(19.,-1.157596192763E-15));
#6565 = ( GEOMETRIC_REPRESENTATION_CONTEXT(2) 
PARAMETRIC_REPRESENTATION_CONTEXT() REPRESENTATION_CONTEXT('2D SPACE',''
  ) );
#6566 = ADVANCED_FACE('',(#6567,#6598),#6551,.F.);
#6567 = FACE_BOUND('',#6568,.F.);
#6568 = EDGE_LOOP('',(#6569));
#6569 = ORIENTED_EDGE('',*,*,#6570,.T.);
#6570 = EDGE_CURVE('',#6571,#6571,#6573,.T.);
#6571 = VERTEX_POINT('',#6572);
#6572 = CARTESIAN_POINT('',(21.5,0.,166.));
#6573 = SURFACE_CURVE('',#6574,(#6579,#6586),.PCURVE_S1.);
#6574 = CIRCLE('',#6575,21.5);
#6575 = AXIS2_PLACEMENT_3D('',#6576,#6577,#6578);
#6576 = CARTESIAN_POINT('',(0.,0.,166.));
#6577 = DIRECTION('',(0.,0.,1.));
#6578 = DIRECTION('',(1.,0.,0.));
#6579 = PCURVE('',#6551,#6580);
#6580 = DEFINITIONAL_REPRESENTATION('',(#6581),#6585);
#6581 = CIRCLE('',#6582,21.5);
#6582 = AXIS2_PLACEMENT_2D('',#6583,#6584);
#6583 = CARTESIAN_POINT('',(5.088149330379E-16,-1.157596192763E-15));
#6584 = DIRECTION('',(1.,0.));
#6585 = ( GEOMETRIC_REPRESENTATION_CONTEXT(2) 
PARAMETRIC_REPRESENTATION_CONTEXT() REPRESENTATION_CONTEXT('2D SPACE',''
  ) );
#6586 = PCURVE('',#6587,#6592);
#6587 = CYLINDRICAL_SURFACE('',#6588,21.5);
#6588 = AXIS2_PLACEMENT_3D('',#6589,#6590,#6591);
#6589 = CARTESIAN_POINT('',(0.,0.,166.));
#6590 = DIRECTION('',(-0.,-0.,-1.));
#6591 = DIRECTION('',(1.,0.,0.));
#6592 = DEFINITIONAL_REPRESENTATION('',(#6593),#6597);
#6593 = LINE('',#6594,#6595);
#6594 = CARTESIAN_POINT('',(-0.,0.));
#6595 = VECTOR('',#6596,1.);
#6596 = DIRECTION('',(-1.,0.));
#6597 = ( GEOMETRIC_REPRESENTATION_CONTEXT(2) 
PARAMETRIC_REPRESENTATION_CONTEXT() REPRESENTATION_CONTEXT('2D SPACE',''
  ) );
#6598 = FACE_BOUND('',#6599,.F.);
#6599 = EDGE_LOOP('',(#6600));
#6600 = ORIENTED_EDGE('',*,*,#6536,.T.);
#6601 = ADVANCED_FACE('',(#6602),#6587,.T.);
#6602 = FACE_BOUND('',#6603,.F.);
#6603 = EDGE_LOOP('',(#6604,#6627,#6654,#6655));
#6604 = ORIENTED_EDGE('',*,*,#6605,.T.);
#6605 = EDGE_CURVE('',#6571,#6606,#6608,.T.);
#6606 = VERTEX_POINT('',#6607);
#6607 = CARTESIAN_POINT('',(21.5,0.,168.5));
#6608 = SEAM_CURVE('',#6609,(#6613,#6620),.PCURVE_S1.);
#6609 = LINE('',#6610,#6611);
#6610 = CARTESIAN_POINT('',(21.5,0.,166.));
#6611 = VECTOR('',#6612,1.);
#6612 = DIRECTION('',(0.,0.,1.));
#6613 = PCURVE('',#6587,#6614);
#6614 = DEFINITIONAL_REPRESENTATION('',(#6615),#6619);
#6615 = LINE('',#6616,#6617);
#6616 = CARTESIAN_POINT('',(-0.,0.));
#6617 = VECTOR('',#6618,1.);
#6618 = DIRECTION('',(-0.,-1.));
#6619 = ( GEOMETRIC_REPRESENTATION_CONTEXT(2) 
PARAMETRIC_REPRESENTATION_CONTEXT() REPRESENTATION_CONTEXT('2D SPACE',''
  ) );
#6620 = PCURVE('',#6587,#6621);
#6621 = DEFINITIONAL_REPRESENTATION('',(#6622),#6626);
#6622 = LINE('',#6623,#6624);
#6623 = CARTESIAN_POINT('',(-6.28318530718,0.));
#6624 = VECTOR('',#6625,1.);
#6625 = DIRECTION('',(-0.,-1.));
#6626 = ( GEOMETRIC_REPRESENTATION_CONTEXT(2) 
PARAMETRIC_REPRESENTATION_CONTEXT() REPRESENTATION_CONTEXT('2D SPACE',''
  ) );
#6627 = ORIENTED_EDGE('',*,*,#6628,.T.);
#6628 = EDGE_CURVE('',#6606,#6606,#6629,.T.);
#6629 = SURFACE_CURVE('',#6630,(#6635,#6642),.PCURVE_S1.);
#6630 = CIRCLE('',#6631,21.5);
#6631 = AXIS2_PLACEMENT_3D('',#6632,#6633,#6634);
#6632 = CARTESIAN_POINT('',(0.,0.,168.5));
#6633 = DIRECTION('',(0.,0.,1.));
#6634 = DIRECTION('',(1.,0.,0.));
#6635 = PCURVE('',#6587,#6636);
#6636 = DEFINITIONAL_REPRESENTATION('',(#6637),#6641);
#6637 = LINE('',#6638,#6639);
#6638 = CARTESIAN_POINT('',(-0.,-2.5));
#6639 = VECTOR('',#6640,1.);
#6640 = DIRECTION('',(-1.,0.));
#6641 = ( GEOMETRIC_REPRESENTATION_CONTEXT(2) 
PARAMETRIC_REPRESENTATION_CONTEXT() REPRESENTATION_CONTEXT('2D SPACE',''
  ) );
#6642 = PCURVE('',#6643,#6648);
#6643 = PLANE('',#6644);
#6644 = AXIS2_PLACEMENT_3D('',#6645,#6646,#6647);
#6645 = CARTESIAN_POINT('',(-5.088149330379E-16,1.157596192763E-15,168.5
    ));
#6646 = DIRECTION('',(0.,0.,1.));
#6647 = DIRECTION('',(1.,0.,-0.));
#6648 = DEFINITIONAL_REPRESENTATION('',(#6649),#6653);
#6649 = CIRCLE('',#6650,21.5);
#6650 = AXIS2_PLACEMENT_2D('',#6651,#6652);
#6651 = CARTESIAN_POINT('',(5.088149330379E-16,-1.157596192763E-15));
#6652 = DIRECTION('',(1.,0.));
#6653 = ( GEOMETRIC_REPRESENTATION_CONTEXT(2) 
PARAMETRIC_REPRESENTATION_CONTEXT() REPRESENTATION_CONTEXT('2D SPACE',''
  ) );
#6654 = ORIENTED_EDGE('',*,*,#6605,.F.);
#6655 = ORIENTED_EDGE('',*,*,#6570,.F.);
#6656 = ADVANCED_FACE('',(#6657,#6660),#6643,.T.);
#6657 = FACE_BOUND('',#6658,.T.);
#6658 = EDGE_LOOP('',(#6659));
#6659 = ORIENTED_EDGE('',*,*,#6628,.T.);
#6660 = FACE_BOUND('',#6661,.T.);
#6661 = EDGE_LOOP('',(#6662));
#6662 = ORIENTED_EDGE('',*,*,#6663,.T.);
#6663 = EDGE_CURVE('',#6664,#6664,#6666,.T.);
#6664 = VERTEX_POINT('',#6665);
#6665 = CARTESIAN_POINT('',(19.,0.,168.5));
#6666 = SURFACE_CURVE('',#6667,(#6672,#6683),.PCURVE_S1.);
#6667 = CIRCLE('',#6668,19.);
#6668 = AXIS2_PLACEMENT_3D('',#6669,#6670,#6671);
#6669 = CARTESIAN_POINT('',(0.,0.,168.5));
#6670 = DIRECTION('',(0.,0.,-1.));
#6671 = DIRECTION('',(1.,0.,0.));
#6672 = PCURVE('',#6643,#6673);
#6673 = DEFINITIONAL_REPRESENTATION('',(#6674),#6682);
#6674 = ( BOUNDED_CURVE() B_SPLINE_CURVE(2,(#6675,#6676,#6677,#6678,
#6679,#6680,#6681),.UNSPECIFIED.,.T.,.F.) B_SPLINE_CURVE_WITH_KNOTS((1,2
    ,2,2,2,1),(-2.094395102393,0.,2.094395102393,4.188790204786,
6.28318530718,8.377580409573),.UNSPECIFIED.) CURVE() 
GEOMETRIC_REPRESENTATION_ITEM() RATIONAL_B_SPLINE_CURVE((1.,0.5,1.,0.5,
1.,0.5,1.)) REPRESENTATION_ITEM('') );
#6675 = CARTESIAN_POINT('',(19.,-1.157596192763E-15));
#6676 = CARTESIAN_POINT('',(19.,-32.9089653438));
#6677 = CARTESIAN_POINT('',(-9.5,-16.4544826719));
#6678 = CARTESIAN_POINT('',(-38.,-5.811254029523E-15));
#6679 = CARTESIAN_POINT('',(-9.5,16.454482671904));
#6680 = CARTESIAN_POINT('',(19.,32.908965343809));
#6681 = CARTESIAN_POINT('',(19.,-1.157596192763E-15));
#6682 = ( GEOMETRIC_REPRESENTATION_CONTEXT(2) 
PARAMETRIC_REPRESENTATION_CONTEXT() REPRESENTATION_CONTEXT('2D SPACE',''
  ) );
#6683 = PCURVE('',#6684,#6689);
#6684 = CYLINDRICAL_SURFACE('',#6685,19.);
#6685 = AXIS2_PLACEMENT_3D('',#6686,#6687,#6688);
#6686 = CARTESIAN_POINT('',(0.,0.,154.));
#6687 = DIRECTION('',(-0.,-0.,-1.));
#6688 = DIRECTION('',(1.,0.,0.));
#6689 = DEFINITIONAL_REPRESENTATION('',(#6690),#6694);
#6690 = LINE('',#6691,#6692);
#6691 = CARTESIAN_POINT('',(-6.28318530718,-14.5));
#6692 = VECTOR('',#6693,1.);
#6693 = DIRECTION('',(1.,-0.));
#6694 = ( GEOMETRIC_REPRESENTATION_CONTEXT(2) 
PARAMETRIC_REPRESENTATION_CONTEXT() REPRESENTATION_CONTEXT('2D SPACE',''
  ) );
#6695 = ADVANCED_FACE('',(#6696),#6684,.T.);
#6696 = FACE_BOUND('',#6697,.F.);
#6697 = EDGE_LOOP('',(#6698,#6699,#6722,#6749));
#6698 = ORIENTED_EDGE('',*,*,#6663,.T.);
#6699 = ORIENTED_EDGE('',*,*,#6700,.T.);
#6700 = EDGE_CURVE('',#6664,#6701,#6703,.T.);
#6701 = VERTEX_POINT('',#6702);
#6702 = CARTESIAN_POINT('',(19.,0.,188.));
#6703 = SEAM_CURVE('',#6704,(#6708,#6715),.PCURVE_S1.);
#6704 = LINE('',#6705,#6706);
#6705 = CARTESIAN_POINT('',(19.,0.,154.));
#6706 = VECTOR('',#6707,1.);
#6707 = DIRECTION('',(0.,0.,1.));
#6708 = PCURVE('',#6684,#6709);
#6709 = DEFINITIONAL_REPRESENTATION('',(#6710),#6714);
#6710 = LINE('',#6711,#6712);
#6711 = CARTESIAN_POINT('',(-6.28318530718,0.));
#6712 = VECTOR('',#6713,1.);
#6713 = DIRECTION('',(-0.,-1.));
#6714 = ( GEOMETRIC_REPRESENTATION_CONTEXT(2) 
PARAMETRIC_REPRESENTATION_CONTEXT() REPRESENTATION_CONTEXT('2D SPACE',''
  ) );
#6715 = PCURVE('',#6684,#6716);
#6716 = DEFINITIONAL_REPRESENTATION('',(#6717),#6721);
#6717 = LINE('',#6718,#6719);
#6718 = CARTESIAN_POINT('',(-0.,0.));
#6719 = VECTOR('',#6720,1.);
#6720 = DIRECTION('',(-0.,-1.));
#6721 = ( GEOMETRIC_REPRESENTATION_CONTEXT(2) 
PARAMETRIC_REPRESENTATION_CONTEXT() REPRESENTATION_CONTEXT('2D SPACE',''
  ) );
#6722 = ORIENTED_EDGE('',*,*,#6723,.T.);
#6723 = EDGE_CURVE('',#6701,#6701,#6724,.T.);
#6724 = SURFACE_CURVE('',#6725,(#6730,#6737),.PCURVE_S1.);
#6725 = CIRCLE('',#6726,19.);
#6726 = AXIS2_PLACEMENT_3D('',#6727,#6728,#6729);
#6727 = CARTESIAN_POINT('',(0.,0.,188.));
#6728 = DIRECTION('',(0.,0.,1.));
#6729 = DIRECTION('',(1.,0.,0.));
#6730 = PCURVE('',#6684,#6731);
#6731 = DEFINITIONAL_REPRESENTATION('',(#6732),#6736);
#6732 = LINE('',#6733,#6734);
#6733 = CARTESIAN_POINT('',(-0.,-34.));
#6734 = VECTOR('',#6735,1.);
#6735 = DIRECTION('',(-1.,0.));
#6736 = ( GEOMETRIC_REPRESENTATION_CONTEXT(2) 
PARAMETRIC_REPRESENTATION_CONTEXT() REPRESENTATION_CONTEXT('2D SPACE',''
  ) );
#6737 = PCURVE('',#6738,#6743);
#6738 = PLANE('',#6739);
#6739 = AXIS2_PLACEMENT_3D('',#6740,#6741,#6742);
#6740 = CARTESIAN_POINT('',(-1.727292798997E-15,3.759188932048E-16,188.)
  );
#6741 = DIRECTION('',(0.,0.,1.));
#6742 = DIRECTION('',(1.,0.,-0.));
#6743 = DEFINITIONAL_REPRESENTATION('',(#6744),#6748);
#6744 = CIRCLE('',#6745,19.);
#6745 = AXIS2_PLACEMENT_2D('',#6746,#6747);
#6746 = CARTESIAN_POINT('',(1.727292798997E-15,-3.759188932048E-16));
#6747 = DIRECTION('',(1.,0.));
#6748 = ( GEOMETRIC_REPRESENTATION_CONTEXT(2) 
PARAMETRIC_REPRESENTATION_CONTEXT() REPRESENTATION_CONTEXT('2D SPACE',''
  ) );
#6749 = ORIENTED_EDGE('',*,*,#6700,.F.);
#6750 = ADVANCED_FACE('',(#6751),#6738,.T.);
#6751 = FACE_BOUND('',#6752,.T.);
#6752 = EDGE_LOOP('',(#6753));
#6753 = ORIENTED_EDGE('',*,*,#6723,.T.);
#6754 = ( GEOMETRIC_REPRESENTATION_CONTEXT(3) 
GLOBAL_UNCERTAINTY_ASSIGNED_CONTEXT((#6758)) 
GLOBAL_UNIT_ASSIGNED_CONTEXT((#6755,#6756,#6757)) REPRESENTATION_CONTEXT
('Context #1','3D Context with UNIT and UNCERTAINTY') );
#6755 = ( LENGTH_UNIT() NAMED_UNIT(*) SI_UNIT(.MILLI.,.METRE.) );
#6756 = ( NAMED_UNIT(*) PLANE_ANGLE_UNIT() SI_UNIT($,.RADIAN.) );
#6757 = ( NAMED_UNIT(*) SI_UNIT($,.STERADIAN.) SOLID_ANGLE_UNIT() );
#6758 = UNCERTAINTY_MEASURE_WITH_UNIT(LENGTH_MEASURE(5.E-07),#6755,
  'distance_accuracy_value','confusion accuracy');
#6759 = PRODUCT_RELATED_PRODUCT_CATEGORY('part',$,(#7));
ENDSEC;
END-ISO-10303-21;
